variant,seed,scene,seconds,error_m,valid
independent,101,fixture-14,0.2,0.008753607049584389,10
independent,101,fixture-14,0.4,0.0286906398832798,10
independent,101,fixture-14,0.6000000000000001,0.0565812774002552,10
independent,101,fixture-14,0.8,0.092981718480587,10
independent,101,fixture-14,1.0,0.1386156529188156,10
independent,101,fixture-14,1.2000000000000002,0.19211219251155853,10
independent,101,fixture-14,1.4000000000000001,0.2547983229160309,10
independent,101,fixture-14,1.6,0.3256797790527344,10
independent,101,fixture-14,1.8,0.40545520186424255,10
independent,101,fixture-14,2.0,0.5000736713409424,10
independent,101,fixture-14,2.2,0.6109352111816406,10
independent,101,fixture-14,2.4000000000000004,0.7341874837875366,10
independent,101,fixture-14,2.6,0.8656379580497742,10
independent,101,fixture-14,2.8000000000000003,1.0039840936660767,10
independent,101,fixture-14,3.0,1.1521542072296143,10
independent,101,fixture-14,3.2,1.3149402141571045,10
independent,101,fixture-14,3.4000000000000004,1.495769739151001,10
independent,101,fixture-14,3.6,1.697601318359375,10
independent,101,fixture-14,3.8000000000000003,1.9168039560317993,10
independent,101,fixture-14,4.0,2.1542699337005615,10
independent,101,fixture-14,4.2,2.4148077964782715,10
independent,101,fixture-14,4.4,2.6951279640197754,10
independent,101,fixture-14,4.6000000000000005,2.9978652000427246,10
independent,101,fixture-14,4.800000000000001,3.3224265575408936,10
independent,101,fixture-14,5.0,3.6662774085998535,10
independent,101,fixture-14,5.2,4.033224582672119,10
independent,101,fixture-14,5.4,4.422392845153809,10
independent,101,fixture-14,5.6000000000000005,4.832285404205322,10
independent,101,fixture-14,5.800000000000001,5.262986183166504,10
independent,101,fixture-14,6.0,5.714224338531494,10
independent,101,fixture-14,6.2,6.1854472160339355,10
independent,101,fixture-14,6.4,6.673109531402588,10
independent,101,fixture-14,6.6000000000000005,7.175986289978027,10
independent,101,fixture-14,6.800000000000001,7.697397708892822,10
independent,101,fixture-14,7.0,8.241256713867188,10
independent,101,fixture-14,7.2,8.804548263549805,10
independent,101,fixture-14,7.4,9.378798484802246,10
independent,101,fixture-14,7.6000000000000005,9.965319633483887,10
independent,101,fixture-14,7.800000000000001,10.565108299255371,10
independent,101,fixture-14,8.0,11.176599502563477,10
independent,101,fixture-14,8.200000000000001,11.804972648620605,10
independent,101,fixture-14,8.4,12.447813034057617,10
independent,101,fixture-14,8.6,13.09862995147705,10
independent,101,fixture-14,8.8,13.762163162231445,10
independent,101,fixture-14,9.0,14.445249557495117,10
independent,101,fixture-14,9.200000000000001,15.146829605102539,10
independent,101,fixture-14,9.4,15.860859870910645,10
independent,101,fixture-14,9.600000000000001,16.582462310791016,10
independent,101,fixture-14,9.8,17.318256378173828,10
independent,101,fixture-14,10.0,18.067840576171875,10
independent,101,fixture-14,10.200000000000001,18.83064842224121,10
independent,101,fixture-14,10.4,19.608722686767578,10
independent,101,fixture-14,10.600000000000001,20.3951358795166,10
independent,101,fixture-14,10.8,21.193737030029297,10
independent,101,fixture-14,11.0,22.003795623779297,10
independent,101,fixture-14,11.200000000000001,22.82240867614746,10
independent,101,fixture-14,11.4,23.648815155029297,10
independent,101,fixture-14,11.600000000000001,24.478971481323242,10
independent,101,fixture-14,11.8,25.314041137695312,10
independent,101,fixture-14,12.0,26.157222747802734,10
independent,101,fixture-14,12.200000000000001,27.011816024780273,10
independent,101,fixture-14,12.4,27.88229751586914,10
independent,101,fixture-14,12.600000000000001,28.767200469970703,10
independent,101,fixture-14,12.8,29.659732818603516,10
independent,101,fixture-14,13.0,30.558162689208984,10
independent,101,fixture-14,13.200000000000001,31.458459854125977,10
independent,101,fixture-14,13.4,32.35683059692383,10
independent,101,fixture-14,13.600000000000001,33.25947570800781,10
independent,101,fixture-14,13.8,34.174720764160156,10
independent,101,fixture-14,14.0,35.09938430786133,10
independent,101,fixture-14,14.200000000000001,36.02639389038086,10
independent,101,fixture-14,14.4,36.95820999145508,10
independent,101,fixture-14,14.600000000000001,37.897743225097656,10
independent,101,fixture-14,14.8,38.83755111694336,10
independent,101,fixture-14,15.0,39.77699661254883,10
independent,101,fixture-14,15.200000000000001,40.72195053100586,10
independent,101,fixture-14,15.4,41.67034149169922,10
independent,101,fixture-14,15.600000000000001,42.613426208496094,10
independent,101,fixture-14,15.8,43.54695510864258,10
independent,101,fixture-14,16.0,44.47432327270508,10
independent,101,fixture-14,16.2,45.3979606628418,10
independent,101,fixture-14,16.400000000000002,46.31886672973633,10
independent,101,fixture-14,16.6,47.239646911621094,10
independent,101,fixture-14,16.8,48.16193771362305,10
independent,101,fixture-14,17.0,49.07792663574219,10
independent,101,fixture-14,17.2,49.982154846191406,10
independent,101,fixture-14,17.400000000000002,50.87631607055664,10
independent,101,fixture-14,17.6,51.75995635986328,10
independent,101,fixture-14,17.8,52.63567352294922,10
independent,101,fixture-14,18.0,53.5059700012207,10
independent,101,fixture-14,18.2,54.368568420410156,10
independent,101,fixture-14,18.400000000000002,55.218658447265625,10
independent,101,fixture-14,18.6,56.05385208129883,10
independent,101,fixture-14,18.8,56.878326416015625,10
independent,101,fixture-14,19.0,57.69804763793945,10
independent,101,fixture-14,19.200000000000003,58.51500701904297,10
independent,101,fixture-14,19.400000000000002,59.32344436645508,10
independent,101,fixture-14,19.6,60.11986541748047,10
independent,101,fixture-14,19.8,60.90642166137695,10
independent,101,fixture-14,20.0,61.684417724609375,10
independent,101,fixture-15,0.2,0.015884246677160263,10
independent,101,fixture-15,0.4,0.047660935670137405,10
independent,101,fixture-15,0.6000000000000001,0.09763012081384659,10
independent,101,fixture-15,0.8,0.16516681015491486,10
independent,101,fixture-15,1.0,0.24808993935585022,10
independent,101,fixture-15,1.2000000000000002,0.3462066650390625,10
independent,101,fixture-15,1.4000000000000001,0.46076732873916626,10
independent,101,fixture-15,1.6,0.5956833958625793,10
independent,101,fixture-15,1.8,0.7498078942298889,10
independent,101,fixture-15,2.0,0.9205127954483032,10
independent,101,fixture-15,2.2,1.1090885400772095,10
independent,101,fixture-15,2.4000000000000004,1.3249492645263672,10
independent,101,fixture-15,2.6,1.5677573680877686,10
independent,101,fixture-15,2.8000000000000003,1.8320366144180298,10
independent,101,fixture-15,3.0,2.1147379875183105,10
independent,101,fixture-15,3.2,2.4157702922821045,10
independent,101,fixture-15,3.4000000000000004,2.7358412742614746,10
independent,101,fixture-15,3.6,3.076601982116699,10
independent,101,fixture-15,3.8000000000000003,3.4383416175842285,10
independent,101,fixture-15,4.0,3.8182244300842285,10
independent,101,fixture-15,4.2,4.216218948364258,10
independent,101,fixture-15,4.4,4.631250858306885,10
independent,101,fixture-15,4.6000000000000005,5.063613414764404,10
independent,101,fixture-15,4.800000000000001,5.506691932678223,10
independent,101,fixture-15,5.0,5.958460807800293,10
independent,101,fixture-15,5.2,6.430098056793213,10
independent,101,fixture-15,5.4,6.920530796051025,10
independent,101,fixture-15,5.6000000000000005,7.422743797302246,10
independent,101,fixture-15,5.800000000000001,7.938592433929443,10
independent,101,fixture-15,6.0,8.469943046569824,10
independent,101,fixture-15,6.2,9.013998985290527,10
independent,101,fixture-15,6.4,9.566145896911621,10
independent,101,fixture-15,6.6000000000000005,10.126615524291992,10
independent,101,fixture-15,6.800000000000001,10.694522857666016,10
independent,101,fixture-15,7.0,11.26778507232666,10
independent,101,fixture-15,7.2,11.848340034484863,10
independent,101,fixture-15,7.4,12.439967155456543,10
independent,101,fixture-15,7.6000000000000005,13.040000915527344,10
independent,101,fixture-15,7.800000000000001,13.646580696105957,10
independent,101,fixture-15,8.0,14.260725021362305,10
independent,101,fixture-15,8.200000000000001,14.883790969848633,10
independent,101,fixture-15,8.4,15.515249252319336,10
independent,101,fixture-15,8.6,16.15135955810547,10
independent,101,fixture-15,8.8,16.791786193847656,10
independent,101,fixture-15,9.0,17.436824798583984,10
independent,101,fixture-15,9.200000000000001,18.088268280029297,10
independent,101,fixture-15,9.4,18.748023986816406,10
independent,101,fixture-15,9.600000000000001,19.411413192749023,10
independent,101,fixture-15,9.8,20.077926635742188,10
independent,101,fixture-15,10.0,20.75229835510254,10
independent,101,fixture-15,10.200000000000001,21.433361053466797,10
independent,101,fixture-15,10.4,22.11609649658203,10
independent,101,fixture-15,10.600000000000001,22.80141258239746,10
independent,101,fixture-15,10.8,23.488628387451172,10
independent,101,fixture-15,11.0,24.174701690673828,10
independent,101,fixture-15,11.200000000000001,24.859769821166992,10
independent,101,fixture-15,11.4,25.54598045349121,10
independent,101,fixture-15,11.600000000000001,26.231826782226562,10
independent,101,fixture-15,11.8,26.913009643554688,10
independent,101,fixture-15,12.0,27.58975601196289,10
independent,101,fixture-15,12.200000000000001,28.26325035095215,10
independent,101,fixture-15,12.4,28.93597412109375,10
independent,101,fixture-15,12.600000000000001,29.60498046875,10
independent,101,fixture-15,12.8,30.26967430114746,10
independent,101,fixture-15,13.0,30.927993774414062,10
independent,101,fixture-15,13.200000000000001,31.57887840270996,10
independent,101,fixture-15,13.4,32.22399139404297,10
independent,101,fixture-15,13.600000000000001,32.863914489746094,10
independent,101,fixture-15,13.8,33.49767303466797,10
independent,101,fixture-15,14.0,34.12145233154297,10
independent,101,fixture-15,14.200000000000001,34.730873107910156,10
independent,101,fixture-15,14.4,35.32938003540039,10
independent,101,fixture-15,14.600000000000001,35.919124603271484,10
independent,101,fixture-15,14.8,36.494258880615234,10
independent,101,fixture-15,15.0,37.05472183227539,10
independent,101,fixture-15,15.200000000000001,37.602046966552734,10
independent,101,fixture-15,15.4,38.139610290527344,10
independent,101,fixture-15,15.600000000000001,38.666908264160156,10
independent,101,fixture-15,15.8,39.182701110839844,10
independent,101,fixture-15,16.0,39.69176483154297,10
independent,101,fixture-15,16.2,40.19403076171875,10
independent,101,fixture-15,16.400000000000002,40.685157775878906,10
independent,101,fixture-15,16.6,41.1669921875,10
independent,101,fixture-15,16.8,41.63834762573242,10
independent,101,fixture-15,17.0,42.09851837158203,10
independent,101,fixture-15,17.2,42.54969787597656,10
independent,101,fixture-15,17.400000000000002,42.9903564453125,10
independent,101,fixture-15,17.6,43.419761657714844,10
independent,101,fixture-15,17.8,43.835262298583984,10
independent,101,fixture-15,18.0,44.2347297668457,10
independent,101,fixture-15,18.2,44.617584228515625,10
independent,101,fixture-15,18.400000000000002,44.98427200317383,10
independent,101,fixture-15,18.6,45.3337287902832,10
independent,101,fixture-15,18.8,45.67378616333008,10
independent,101,fixture-15,19.0,46.01106643676758,10
independent,101,fixture-15,19.200000000000003,46.34137725830078,10
independent,101,fixture-15,19.400000000000002,46.66311264038086,10
independent,101,fixture-15,19.6,46.971866607666016,10
independent,101,fixture-15,19.8,47.26339340209961,10
independent,101,fixture-15,20.0,47.54125213623047,10
independent,101,fixture-16,0.2,0.010201456025242805,7
independent,101,fixture-16,0.4,0.03208187222480774,7
independent,101,fixture-16,0.6000000000000001,0.06476344168186188,7
independent,101,fixture-16,0.8,0.10917802155017853,7
independent,101,fixture-16,1.0,0.16535083949565887,7
independent,101,fixture-16,1.2000000000000002,0.23183193802833557,7
independent,101,fixture-16,1.4000000000000001,0.30903199315071106,7
independent,101,fixture-16,1.6,0.39636221528053284,7
independent,101,fixture-16,1.8,0.4937092363834381,7
independent,101,fixture-16,2.0,0.604735791683197,7
independent,101,fixture-16,2.2,0.7380846738815308,7
independent,101,fixture-16,2.4000000000000004,0.8884695768356323,7
independent,101,fixture-16,2.6,1.0495851039886475,7
independent,101,fixture-16,2.8000000000000003,1.2263447046279907,7
independent,101,fixture-16,3.0,1.4159905910491943,7
independent,101,fixture-16,3.2,1.6129881143569946,7
independent,101,fixture-16,3.4000000000000004,1.8228617906570435,7
independent,101,fixture-16,3.6,2.046820640563965,7
independent,101,fixture-16,3.8000000000000003,2.281501531600952,7
independent,101,fixture-16,4.0,2.522655725479126,7
independent,101,fixture-16,4.2,2.769287109375,7
independent,101,fixture-16,4.4,3.0277583599090576,7
independent,101,fixture-16,4.6000000000000005,3.2981278896331787,7
independent,101,fixture-16,4.800000000000001,3.576549768447876,7
independent,101,fixture-16,5.0,3.862361431121826,7
independent,101,fixture-16,5.2,4.157907962799072,7
independent,101,fixture-16,5.4,4.466251373291016,7
independent,101,fixture-16,5.6000000000000005,4.788099765777588,7
independent,101,fixture-16,5.800000000000001,5.117629528045654,7
independent,101,fixture-16,6.0,5.450406551361084,7
independent,101,fixture-16,6.2,5.7923431396484375,7
independent,101,fixture-16,6.4,6.148092746734619,7
independent,101,fixture-16,6.6000000000000005,6.52117395401001,7
independent,101,fixture-16,6.800000000000001,6.908600807189941,7
independent,101,fixture-16,7.0,7.310492515563965,7
independent,101,fixture-16,7.2,7.7285685539245605,7
independent,101,fixture-16,7.4,8.15784740447998,7
independent,101,fixture-16,7.6000000000000005,8.589799880981445,7
independent,101,fixture-16,7.800000000000001,9.025307655334473,7
independent,101,fixture-16,8.0,9.464258193969727,7
independent,101,fixture-16,8.200000000000001,9.90985107421875,7
independent,101,fixture-16,8.4,10.366251945495605,7
independent,101,fixture-16,8.6,10.822853088378906,7
independent,101,fixture-16,8.8,11.275772094726562,7
independent,101,fixture-16,9.0,11.722856521606445,7
independent,101,fixture-16,9.200000000000001,12.170710563659668,7
independent,101,fixture-16,9.4,12.623872756958008,7
independent,101,fixture-16,9.600000000000001,13.07651424407959,7
independent,101,fixture-16,9.8,13.52649211883545,7
independent,101,fixture-16,10.0,13.98109245300293,7
independent,101,fixture-16,10.200000000000001,14.438322067260742,7
independent,101,fixture-16,10.4,14.88852596282959,7
independent,101,fixture-16,10.600000000000001,15.336477279663086,7
independent,101,fixture-16,10.8,15.786633491516113,7
independent,101,fixture-16,11.0,16.237016677856445,7
independent,101,fixture-16,11.200000000000001,16.686185836791992,7
independent,101,fixture-16,11.4,17.132137298583984,7
independent,101,fixture-16,11.600000000000001,17.572996139526367,7
independent,101,fixture-16,11.8,18.00965118408203,7
independent,101,fixture-16,12.0,18.44451904296875,7
independent,101,fixture-16,12.200000000000001,18.873340606689453,7
independent,101,fixture-16,12.4,19.29630470275879,7
independent,101,fixture-16,12.600000000000001,19.715015411376953,7
independent,101,fixture-16,12.8,20.12176513671875,7
independent,101,fixture-16,13.0,20.51554298400879,7
independent,101,fixture-16,13.200000000000001,20.902450561523438,7
independent,101,fixture-16,13.4,21.285993576049805,7
independent,101,fixture-16,13.600000000000001,21.6589412689209,7
independent,101,fixture-16,13.8,22.015127182006836,7
independent,101,fixture-16,14.0,22.35794448852539,7
independent,101,fixture-16,14.200000000000001,22.68934440612793,7
independent,101,fixture-16,14.4,23.012557983398438,7
independent,101,fixture-16,14.600000000000001,23.322986602783203,7
independent,101,fixture-16,14.8,23.615297317504883,7
independent,101,fixture-16,15.0,23.89371681213379,7
independent,101,fixture-16,15.200000000000001,24.15557861328125,7
independent,101,fixture-16,15.4,24.39769172668457,7
independent,101,fixture-16,15.600000000000001,24.62696647644043,7
independent,101,fixture-16,15.8,24.846515655517578,7
independent,101,fixture-16,16.0,25.05682373046875,7
independent,101,fixture-16,16.2,25.251937866210938,7
independent,101,fixture-16,16.400000000000002,25.434404373168945,7
independent,101,fixture-16,16.6,25.612031936645508,7
independent,101,fixture-16,16.8,25.78252601623535,7
independent,101,fixture-16,17.0,25.934062957763672,7
independent,101,fixture-16,17.2,26.06402587890625,7
independent,101,fixture-16,17.400000000000002,26.181873321533203,7
independent,101,fixture-16,17.6,26.285730361938477,7
independent,101,fixture-16,17.8,26.368783950805664,7
independent,101,fixture-16,18.0,26.428558349609375,7
independent,101,fixture-16,18.2,26.472606658935547,7
independent,101,fixture-16,18.400000000000002,26.501983642578125,7
independent,101,fixture-16,18.6,26.513242721557617,7
independent,101,fixture-16,18.8,26.507951736450195,7
independent,101,fixture-16,19.0,26.49131202697754,7
independent,101,fixture-16,19.200000000000003,26.457744598388672,7
independent,101,fixture-16,19.400000000000002,26.40253257751465,7
independent,101,fixture-16,19.6,26.334529876708984,7
independent,101,fixture-16,19.8,26.254680633544922,7
independent,101,fixture-16,20.0,26.157764434814453,7
independent,101,fixture-17,0.2,0.014099454507231712,8
independent,101,fixture-17,0.4,0.041823215782642365,8
independent,101,fixture-17,0.6000000000000001,0.08038382232189178,8
independent,101,fixture-17,0.8,0.129072904586792,8
independent,101,fixture-17,1.0,0.19120237231254578,8
independent,101,fixture-17,1.2000000000000002,0.2681283950805664,8
independent,101,fixture-17,1.4000000000000001,0.35582563281059265,8
independent,101,fixture-17,1.6,0.4454714059829712,8
independent,101,fixture-17,1.8,0.5399979948997498,8
independent,101,fixture-17,2.0,0.6422349214553833,8
independent,101,fixture-17,2.2,0.7550637722015381,8
independent,101,fixture-17,2.4000000000000004,0.8806716203689575,8
independent,101,fixture-17,2.6,1.021055817604065,8
independent,101,fixture-17,2.8000000000000003,1.1785374879837036,8
independent,101,fixture-17,3.0,1.3463482856750488,8
independent,101,fixture-17,3.2,1.5243349075317383,8
independent,101,fixture-17,3.4000000000000004,1.7159204483032227,8
independent,101,fixture-17,3.6,1.917849063873291,8
independent,101,fixture-17,3.8000000000000003,2.125725746154785,8
independent,101,fixture-17,4.0,2.3385753631591797,8
independent,101,fixture-17,4.2,2.5557379722595215,8
independent,101,fixture-17,4.4,2.782426357269287,8
independent,101,fixture-17,4.6000000000000005,3.0205886363983154,8
independent,101,fixture-17,4.800000000000001,3.2644169330596924,8
independent,101,fixture-17,5.0,3.513322353363037,8
independent,101,fixture-17,5.2,3.7669944763183594,8
independent,101,fixture-17,5.4,4.030697345733643,8
independent,101,fixture-17,5.6000000000000005,4.30419921875,8
independent,101,fixture-17,5.800000000000001,4.581290245056152,8
independent,101,fixture-17,6.0,4.86224889755249,8
independent,101,fixture-17,6.2,5.1440205574035645,8
independent,101,fixture-17,6.4,5.427016258239746,8
independent,101,fixture-17,6.6000000000000005,5.7163615226745605,8
independent,101,fixture-17,6.800000000000001,6.013495445251465,8
independent,101,fixture-17,7.0,6.312294960021973,8
independent,101,fixture-17,7.2,6.6133527755737305,8
independent,101,fixture-17,7.4,6.915688991546631,8
independent,101,fixture-17,7.6000000000000005,7.216065406799316,8
independent,101,fixture-17,7.800000000000001,7.512082099914551,8
independent,101,fixture-17,8.0,7.804671287536621,8
independent,101,fixture-17,8.200000000000001,8.100191116333008,8
independent,101,fixture-17,8.4,8.396245956420898,8
independent,101,fixture-17,8.6,8.688453674316406,8
independent,101,fixture-17,8.8,8.976411819458008,8
independent,101,fixture-17,9.0,9.259724617004395,8
independent,101,fixture-17,9.200000000000001,9.532862663269043,8
independent,101,fixture-17,9.4,9.79382038116455,8
independent,101,fixture-17,9.600000000000001,10.045578002929688,8
independent,101,fixture-17,9.8,10.288288116455078,8
independent,101,fixture-17,10.0,10.523134231567383,8
independent,101,fixture-17,10.200000000000001,10.745474815368652,8
independent,101,fixture-17,10.4,10.955477714538574,8
independent,101,fixture-17,10.600000000000001,11.153858184814453,8
independent,101,fixture-17,10.8,11.33829116821289,8
independent,101,fixture-17,11.0,11.514164924621582,8
independent,101,fixture-17,11.200000000000001,11.676403999328613,8
independent,101,fixture-17,11.4,11.825160026550293,8
independent,101,fixture-17,11.600000000000001,11.966802597045898,8
independent,101,fixture-17,11.8,12.097818374633789,8
independent,101,fixture-17,12.0,12.215497970581055,8
independent,101,fixture-17,12.200000000000001,12.318102836608887,8
independent,101,fixture-17,12.4,12.403238296508789,8
independent,101,fixture-17,12.600000000000001,12.471258163452148,8
independent,101,fixture-17,12.8,12.5208740234375,8
independent,101,fixture-17,13.0,12.548577308654785,8
independent,101,fixture-17,13.200000000000001,12.55885124206543,8
independent,101,fixture-17,13.4,12.554847717285156,8
independent,101,fixture-17,13.600000000000001,12.534412384033203,8
independent,101,fixture-17,13.8,12.499090194702148,8
independent,101,fixture-17,14.0,12.445711135864258,8
independent,101,fixture-17,14.200000000000001,12.377847671508789,8
independent,101,fixture-17,14.4,12.301253318786621,8
independent,101,fixture-17,14.600000000000001,12.214911460876465,8
independent,101,fixture-17,14.8,12.12370777130127,8
independent,101,fixture-17,15.0,12.033090591430664,8
independent,101,fixture-17,15.200000000000001,11.944511413574219,8
independent,101,fixture-17,15.4,11.855690002441406,8
independent,101,fixture-17,15.600000000000001,11.766313552856445,8
independent,101,fixture-17,15.8,11.678518295288086,8
independent,101,fixture-17,16.0,11.588695526123047,8
independent,101,fixture-17,16.2,11.495054244995117,8
independent,101,fixture-17,16.400000000000002,11.395599365234375,8
independent,101,fixture-17,16.6,11.291522979736328,8
independent,101,fixture-17,16.8,11.177812576293945,8
independent,101,fixture-17,17.0,11.060105323791504,8
independent,101,fixture-17,17.2,10.945230484008789,8
independent,101,fixture-17,17.400000000000002,10.82071304321289,8
independent,101,fixture-17,17.6,10.681964874267578,8
independent,101,fixture-17,17.8,10.529472351074219,8
independent,101,fixture-17,18.0,10.369473457336426,8
independent,101,fixture-17,18.2,10.208561897277832,8
independent,101,fixture-17,18.400000000000002,10.051322937011719,8
independent,101,fixture-17,18.6,9.898938179016113,8
independent,101,fixture-17,18.8,9.75777530670166,8
independent,101,fixture-17,19.0,9.63521957397461,8
independent,101,fixture-17,19.200000000000003,9.532946586608887,8
independent,101,fixture-17,19.400000000000002,9.456393241882324,8
independent,101,fixture-17,19.6,9.409271240234375,8
independent,101,fixture-17,19.8,9.39447021484375,8
independent,101,fixture-17,20.0,9.41244125366211,8
deterministic,101,fixture-14,0.2,0.007131559308618307,10
deterministic,101,fixture-14,0.4,0.02350732311606407,10
deterministic,101,fixture-14,0.6000000000000001,0.0503472201526165,10
deterministic,101,fixture-14,0.8,0.08883903920650482,10
deterministic,101,fixture-14,1.0,0.13964715600013733,10
deterministic,101,fixture-14,1.2000000000000002,0.20315364003181458,10
deterministic,101,fixture-14,1.4000000000000001,0.2795998752117157,10
deterministic,101,fixture-14,1.6,0.36927348375320435,10
deterministic,101,fixture-14,1.8,0.47251182794570923,10
deterministic,101,fixture-14,2.0,0.5897196531295776,10
deterministic,101,fixture-14,2.2,0.7213555574417114,10
deterministic,101,fixture-14,2.4000000000000004,0.8679181933403015,10
deterministic,101,fixture-14,2.6,1.0298941135406494,10
deterministic,101,fixture-14,2.8000000000000003,1.2077760696411133,10
deterministic,101,fixture-14,3.0,1.4020030498504639,10
deterministic,101,fixture-14,3.2,1.6130220890045166,10
deterministic,101,fixture-14,3.4000000000000004,1.8412240743637085,10
deterministic,101,fixture-14,3.6,2.0869789123535156,10
deterministic,101,fixture-14,3.8000000000000003,2.3506271839141846,10
deterministic,101,fixture-14,4.0,2.6324944496154785,10
deterministic,101,fixture-14,4.2,2.9328625202178955,10
deterministic,101,fixture-14,4.4,3.252002716064453,10
deterministic,101,fixture-14,4.6000000000000005,3.5901412963867188,10
deterministic,101,fixture-14,4.800000000000001,3.947493314743042,10
deterministic,101,fixture-14,5.0,4.324243068695068,10
deterministic,101,fixture-14,5.2,4.720548629760742,10
deterministic,101,fixture-14,5.4,5.136537075042725,10
deterministic,101,fixture-14,5.6000000000000005,5.572320461273193,10
deterministic,101,fixture-14,5.800000000000001,6.027966022491455,10
deterministic,101,fixture-14,6.0,6.503532409667969,10
deterministic,101,fixture-14,6.2,6.999043941497803,10
deterministic,101,fixture-14,6.4,7.5145158767700195,10
deterministic,101,fixture-14,6.6000000000000005,8.049898147583008,10
deterministic,101,fixture-14,6.800000000000001,8.605161666870117,10
deterministic,101,fixture-14,7.0,9.180204391479492,10
deterministic,101,fixture-14,7.2,9.774944305419922,10
deterministic,101,fixture-14,7.4,10.389256477355957,10
deterministic,101,fixture-14,7.6000000000000005,11.022977828979492,10
deterministic,101,fixture-14,7.800000000000001,11.67594051361084,10
deterministic,101,fixture-14,8.0,12.347941398620605,10
deterministic,101,fixture-14,8.200000000000001,13.038755416870117,10
deterministic,101,fixture-14,8.4,13.748147964477539,10
deterministic,101,fixture-14,8.6,14.475845336914062,10
deterministic,101,fixture-14,8.8,15.221549987792969,10
deterministic,101,fixture-14,9.0,15.984967231750488,10
deterministic,101,fixture-14,9.200000000000001,16.76577377319336,10
deterministic,101,fixture-14,9.4,17.563602447509766,10
deterministic,101,fixture-14,9.600000000000001,18.37812042236328,10
deterministic,101,fixture-14,9.8,19.20889663696289,10
deterministic,101,fixture-14,10.0,20.055580139160156,10
deterministic,101,fixture-14,10.200000000000001,20.917741775512695,10
deterministic,101,fixture-14,10.4,21.7949275970459,10
deterministic,101,fixture-14,10.600000000000001,22.686702728271484,10
deterministic,101,fixture-14,10.8,23.59262466430664,10
deterministic,101,fixture-14,11.0,24.51221466064453,10
deterministic,101,fixture-14,11.200000000000001,25.444961547851562,10
deterministic,101,fixture-14,11.4,26.390390396118164,10
deterministic,101,fixture-14,11.600000000000001,27.347976684570312,10
deterministic,101,fixture-14,11.8,28.317245483398438,10
deterministic,101,fixture-14,12.0,29.297622680664062,10
deterministic,101,fixture-14,12.200000000000001,30.2885799407959,10
deterministic,101,fixture-14,12.4,31.28957748413086,10
deterministic,101,fixture-14,12.600000000000001,32.30006790161133,10
deterministic,101,fixture-14,12.8,33.31945037841797,10
deterministic,101,fixture-14,13.0,34.347190856933594,10
deterministic,101,fixture-14,13.200000000000001,35.38269805908203,10
deterministic,101,fixture-14,13.4,36.42542266845703,10
deterministic,101,fixture-14,13.600000000000001,37.47474670410156,10
deterministic,101,fixture-14,13.8,38.530113220214844,10
deterministic,101,fixture-14,14.0,39.5909309387207,10
deterministic,101,fixture-14,14.200000000000001,40.656639099121094,10
deterministic,101,fixture-14,14.4,41.72663497924805,10
deterministic,101,fixture-14,14.600000000000001,42.80036163330078,10
deterministic,101,fixture-14,14.8,43.87722396850586,10
deterministic,101,fixture-14,15.0,44.9566650390625,10
deterministic,101,fixture-14,15.200000000000001,46.038108825683594,10
deterministic,101,fixture-14,15.4,47.12101745605469,10
deterministic,101,fixture-14,15.600000000000001,48.204811096191406,10
deterministic,101,fixture-14,15.8,49.28895950317383,10
deterministic,101,fixture-14,16.0,50.3729248046875,10
deterministic,101,fixture-14,16.2,51.456146240234375,10
deterministic,101,fixture-14,16.400000000000002,52.53813934326172,10
deterministic,101,fixture-14,16.6,53.61836624145508,10
deterministic,101,fixture-14,16.8,54.69635009765625,10
deterministic,101,fixture-14,17.0,55.7715950012207,10
deterministic,101,fixture-14,17.2,56.8436164855957,10
deterministic,101,fixture-14,17.400000000000002,57.9119758605957,10
deterministic,101,fixture-14,17.6,58.976219177246094,10
deterministic,101,fixture-14,17.8,60.035911560058594,10
deterministic,101,fixture-14,18.0,61.09064483642578,10
deterministic,101,fixture-14,18.2,62.1400146484375,10
deterministic,101,fixture-14,18.400000000000002,63.18363571166992,10
deterministic,101,fixture-14,18.6,64.22117614746094,10
deterministic,101,fixture-14,18.8,65.25227355957031,10
deterministic,101,fixture-14,19.0,66.27661895751953,10
deterministic,101,fixture-14,19.200000000000003,67.29390716552734,10
deterministic,101,fixture-14,19.400000000000002,68.30384826660156,10
deterministic,101,fixture-14,19.6,69.30618286132812,10
deterministic,101,fixture-14,19.8,70.30073547363281,10
deterministic,101,fixture-14,20.0,71.28721618652344,10
deterministic,101,fixture-15,0.2,0.015143753960728645,10
deterministic,101,fixture-15,0.4,0.04707276076078415,10
deterministic,101,fixture-15,0.6000000000000001,0.09637703001499176,10
deterministic,101,fixture-15,0.8,0.16365011036396027,10
deterministic,101,fixture-15,1.0,0.249073788523674,10
deterministic,101,fixture-15,1.2000000000000002,0.3525991141796112,10
deterministic,101,fixture-15,1.4000000000000001,0.47407037019729614,10
deterministic,101,fixture-15,1.6,0.6134308576583862,10
deterministic,101,fixture-15,1.8,0.7706703543663025,10
deterministic,101,fixture-15,2.0,0.9458345174789429,10
deterministic,101,fixture-15,2.2,1.1390420198440552,10
deterministic,101,fixture-15,2.4000000000000004,1.3504135608673096,10
deterministic,101,fixture-15,2.6,1.58005952835083,10
deterministic,101,fixture-15,2.8000000000000003,1.8280744552612305,10
deterministic,101,fixture-15,3.0,2.094547986984253,10
deterministic,101,fixture-15,3.2,2.3795268535614014,10
deterministic,101,fixture-15,3.4000000000000004,2.6830155849456787,10
deterministic,101,fixture-15,3.6,3.0050103664398193,10
deterministic,101,fixture-15,3.8000000000000003,3.345463514328003,10
deterministic,101,fixture-15,4.0,3.704313278198242,10
deterministic,101,fixture-15,4.2,4.081404685974121,10
deterministic,101,fixture-15,4.4,4.476619720458984,10
deterministic,101,fixture-15,4.6000000000000005,4.889733791351318,10
deterministic,101,fixture-15,4.800000000000001,5.320491313934326,10
deterministic,101,fixture-15,5.0,5.768575191497803,10
deterministic,101,fixture-15,5.2,6.233648777008057,10
deterministic,101,fixture-15,5.4,6.715305328369141,10
deterministic,101,fixture-15,5.6000000000000005,7.213133335113525,10
deterministic,101,fixture-15,5.800000000000001,7.726711273193359,10
deterministic,101,fixture-15,6.0,8.255610466003418,10
deterministic,101,fixture-15,6.2,8.799395561218262,10
deterministic,101,fixture-15,6.4,9.35765266418457,10
deterministic,101,fixture-15,6.6000000000000005,9.92999267578125,10
deterministic,101,fixture-15,6.800000000000001,10.515996932983398,10
deterministic,101,fixture-15,7.0,11.115255355834961,10
deterministic,101,fixture-15,7.2,11.727384567260742,10
deterministic,101,fixture-15,7.4,12.351961135864258,10
deterministic,101,fixture-15,7.6000000000000005,12.988537788391113,10
deterministic,101,fixture-15,7.800000000000001,13.6366605758667,10
deterministic,101,fixture-15,8.0,14.295883178710938,10
deterministic,101,fixture-15,8.200000000000001,14.965664863586426,10
deterministic,101,fixture-15,8.4,15.645543098449707,10
deterministic,101,fixture-15,8.6,16.334985733032227,10
deterministic,101,fixture-15,8.8,17.033456802368164,10
deterministic,101,fixture-15,9.0,17.740436553955078,10
deterministic,101,fixture-15,9.200000000000001,18.455341339111328,10
deterministic,101,fixture-15,9.4,19.177631378173828,10
deterministic,101,fixture-15,9.600000000000001,19.906747817993164,10
deterministic,101,fixture-15,9.8,20.642086029052734,10
deterministic,101,fixture-15,10.0,21.383098602294922,10
deterministic,101,fixture-15,10.200000000000001,22.12921142578125,10
deterministic,101,fixture-15,10.4,22.879852294921875,10
deterministic,101,fixture-15,10.600000000000001,23.634424209594727,10
deterministic,101,fixture-15,10.8,24.392366409301758,10
deterministic,101,fixture-15,11.0,25.153118133544922,10
deterministic,101,fixture-15,11.200000000000001,25.916072845458984,10
deterministic,101,fixture-15,11.4,26.680706024169922,10
deterministic,101,fixture-15,11.600000000000001,27.446447372436523,10
deterministic,101,fixture-15,11.8,28.21272850036621,10
deterministic,101,fixture-15,12.0,28.9790096282959,10
deterministic,101,fixture-15,12.200000000000001,29.744731903076172,10
deterministic,101,fixture-15,12.4,30.509384155273438,10
deterministic,101,fixture-15,12.600000000000001,31.272451400756836,10
deterministic,101,fixture-15,12.8,32.03340148925781,10
deterministic,101,fixture-15,13.0,32.79173278808594,10
deterministic,101,fixture-15,13.200000000000001,33.54696273803711,10
deterministic,101,fixture-15,13.4,34.29862976074219,10
deterministic,101,fixture-15,13.600000000000001,35.046241760253906,10
deterministic,101,fixture-15,13.8,35.78937911987305,10
deterministic,101,fixture-15,14.0,36.52758026123047,10
deterministic,101,fixture-15,14.200000000000001,37.26047134399414,10
deterministic,101,fixture-15,14.4,37.98761749267578,10
deterministic,101,fixture-15,14.600000000000001,38.70863723754883,10
deterministic,101,fixture-15,14.8,39.42319107055664,10
deterministic,101,fixture-15,15.0,40.130924224853516,10
deterministic,101,fixture-15,15.200000000000001,40.83148193359375,10
deterministic,101,fixture-15,15.4,41.52455139160156,10
deterministic,101,fixture-15,15.600000000000001,42.209877014160156,10
deterministic,101,fixture-15,15.8,42.88717269897461,10
deterministic,101,fixture-15,16.0,43.55620193481445,10
deterministic,101,fixture-15,16.2,44.216697692871094,10
deterministic,101,fixture-15,16.400000000000002,44.86848449707031,10
deterministic,101,fixture-15,16.6,45.511375427246094,10
deterministic,101,fixture-15,16.8,46.14521408081055,10
deterministic,101,fixture-15,17.0,46.76985168457031,10
deterministic,101,fixture-15,17.2,47.38517761230469,10
deterministic,101,fixture-15,17.400000000000002,47.991065979003906,10
deterministic,101,fixture-15,17.6,48.5875129699707,10
deterministic,101,fixture-15,17.8,49.17443084716797,10
deterministic,101,fixture-15,18.0,49.75183868408203,10
deterministic,101,fixture-15,18.2,50.31971740722656,10
deterministic,101,fixture-15,18.400000000000002,50.87809753417969,10
deterministic,101,fixture-15,18.6,51.42705154418945,10
deterministic,101,fixture-15,18.8,51.966644287109375,10
deterministic,101,fixture-15,19.0,52.49699020385742,10
deterministic,101,fixture-15,19.200000000000003,53.0181770324707,10
deterministic,101,fixture-15,19.400000000000002,53.5304069519043,10
deterministic,101,fixture-15,19.6,54.033790588378906,10
deterministic,101,fixture-15,19.8,54.52857208251953,10
deterministic,101,fixture-15,20.0,55.01494216918945,10
deterministic,101,fixture-16,0.2,0.010838321410119534,7
deterministic,101,fixture-16,0.4,0.031113455072045326,7
deterministic,101,fixture-16,0.6000000000000001,0.06005166843533516,7
deterministic,101,fixture-16,0.8,0.09699306637048721,7
deterministic,101,fixture-16,1.0,0.14186306297779083,7
deterministic,101,fixture-16,1.2000000000000002,0.19497811794281006,7
deterministic,101,fixture-16,1.4000000000000001,0.2568155527114868,7
deterministic,101,fixture-16,1.6,0.3278854191303253,7
deterministic,101,fixture-16,1.8,0.4085880219936371,7
deterministic,101,fixture-16,2.0,0.4992261826992035,7
deterministic,101,fixture-16,2.2,0.6000016331672668,7
deterministic,101,fixture-16,2.4000000000000004,0.7110345959663391,7
deterministic,101,fixture-16,2.6,0.8324192762374878,7
deterministic,101,fixture-16,2.8000000000000003,0.9641929864883423,7
deterministic,101,fixture-16,3.0,1.1064107418060303,7
deterministic,101,fixture-16,3.2,1.2590160369873047,7
deterministic,101,fixture-16,3.4000000000000004,1.4220596551895142,7
deterministic,101,fixture-16,3.6,1.5954805612564087,7
deterministic,101,fixture-16,3.8000000000000003,1.7792484760284424,7
deterministic,101,fixture-16,4.0,1.9732704162597656,7
deterministic,101,fixture-16,4.2,2.1774652004241943,7
deterministic,101,fixture-16,4.4,2.391735553741455,7
deterministic,101,fixture-16,4.6000000000000005,2.615919828414917,7
deterministic,101,fixture-16,4.800000000000001,2.849874258041382,7
deterministic,101,fixture-16,5.0,3.0933964252471924,7
deterministic,101,fixture-16,5.2,3.3463001251220703,7
deterministic,101,fixture-16,5.4,3.60834002494812,7
deterministic,101,fixture-16,5.6000000000000005,3.8792712688446045,7
deterministic,101,fixture-16,5.800000000000001,4.158824443817139,7
deterministic,101,fixture-16,6.0,4.446695804595947,7
deterministic,101,fixture-16,6.2,4.742599964141846,7
deterministic,101,fixture-16,6.4,5.046168327331543,7
deterministic,101,fixture-16,6.6000000000000005,5.357021808624268,7
deterministic,101,fixture-16,6.800000000000001,5.674842357635498,7
deterministic,101,fixture-16,7.0,5.999179840087891,7
deterministic,101,fixture-16,7.2,6.3296589851379395,7
deterministic,101,fixture-16,7.4,6.665797233581543,7
deterministic,101,fixture-16,7.6000000000000005,7.007191181182861,7
deterministic,101,fixture-16,7.800000000000001,7.353336334228516,7
deterministic,101,fixture-16,8.0,7.703766822814941,7
deterministic,101,fixture-16,8.200000000000001,8.057989120483398,7
deterministic,101,fixture-16,8.4,8.415453910827637,7
deterministic,101,fixture-16,8.6,8.775660514831543,7
deterministic,101,fixture-16,8.8,9.138054847717285,7
deterministic,101,fixture-16,9.0,9.502082824707031,7
deterministic,101,fixture-16,9.200000000000001,9.867161750793457,7
deterministic,101,fixture-16,9.4,10.23272705078125,7
deterministic,101,fixture-16,9.600000000000001,10.59819221496582,7
deterministic,101,fixture-16,9.8,10.962942123413086,7
deterministic,101,fixture-16,10.0,11.326391220092773,7
deterministic,101,fixture-16,10.200000000000001,11.687906265258789,7
deterministic,101,fixture-16,10.4,12.046858787536621,7
deterministic,101,fixture-16,10.600000000000001,12.402618408203125,7
deterministic,101,fixture-16,10.8,12.754557609558105,7
deterministic,101,fixture-16,11.0,13.102041244506836,7
deterministic,101,fixture-16,11.200000000000001,13.444435119628906,7
deterministic,101,fixture-16,11.4,13.781096458435059,7
deterministic,101,fixture-16,11.600000000000001,14.111406326293945,7
deterministic,101,fixture-16,11.8,14.434682846069336,7
deterministic,101,fixture-16,12.0,14.75031566619873,7
deterministic,101,fixture-16,12.200000000000001,15.057660102844238,7
deterministic,101,fixture-16,12.4,15.356077194213867,7
deterministic,101,fixture-16,12.600000000000001,15.644929885864258,7
deterministic,101,fixture-16,12.8,15.923563957214355,7
deterministic,101,fixture-16,13.0,16.191423416137695,7
deterministic,101,fixture-16,13.200000000000001,16.44785499572754,7
deterministic,101,fixture-16,13.4,16.6922607421875,7
deterministic,101,fixture-16,13.600000000000001,16.924070358276367,7
deterministic,101,fixture-16,13.8,17.14263343811035,7
deterministic,101,fixture-16,14.0,17.347436904907227,7
deterministic,101,fixture-16,14.200000000000001,17.537914276123047,7
deterministic,101,fixture-16,14.4,17.713497161865234,7
deterministic,101,fixture-16,14.600000000000001,17.873668670654297,7
deterministic,101,fixture-16,14.8,18.01787757873535,7
deterministic,101,fixture-16,15.0,18.1456356048584,7
deterministic,101,fixture-16,15.200000000000001,18.25646209716797,7
deterministic,101,fixture-16,15.4,18.349872589111328,7
deterministic,101,fixture-16,15.600000000000001,18.4254150390625,7
deterministic,101,fixture-16,15.8,18.482666015625,7
deterministic,101,fixture-16,16.0,18.521183013916016,7
deterministic,101,fixture-16,16.2,18.540624618530273,7
deterministic,101,fixture-16,16.400000000000002,18.54056167602539,7
deterministic,101,fixture-16,16.6,18.520681381225586,7
deterministic,101,fixture-16,16.8,18.480634689331055,7
deterministic,101,fixture-16,17.0,18.42012596130371,7
deterministic,101,fixture-16,17.2,18.33891487121582,7
deterministic,101,fixture-16,17.400000000000002,18.236623764038086,7
deterministic,101,fixture-16,17.6,18.113130569458008,7
deterministic,101,fixture-16,17.8,17.968210220336914,7
deterministic,101,fixture-16,18.0,17.801685333251953,7
deterministic,101,fixture-16,18.2,17.61341667175293,7
deterministic,101,fixture-16,18.400000000000002,17.40329360961914,7
deterministic,101,fixture-16,18.6,17.17119026184082,7
deterministic,101,fixture-16,18.8,16.917125701904297,7
deterministic,101,fixture-16,19.0,16.641111373901367,7
deterministic,101,fixture-16,19.200000000000003,16.343137741088867,7
deterministic,101,fixture-16,19.400000000000002,16.023347854614258,7
deterministic,101,fixture-16,19.6,15.681884765625,7
deterministic,101,fixture-16,19.8,15.319016456604004,7
deterministic,101,fixture-16,20.0,14.935118675231934,7
deterministic,101,fixture-17,0.2,0.014370380900800228,8
deterministic,101,fixture-17,0.4,0.04136494919657707,8
deterministic,101,fixture-17,0.6000000000000001,0.07998400181531906,8
deterministic,101,fixture-17,0.8,0.12927281856536865,8
deterministic,101,fixture-17,1.0,0.1887834668159485,8
deterministic,101,fixture-17,1.2000000000000002,0.25844019651412964,8
deterministic,101,fixture-17,1.4000000000000001,0.3382915258407593,8
deterministic,101,fixture-17,1.6,0.4284111559391022,8
deterministic,101,fixture-17,1.8,0.5287764072418213,8
deterministic,101,fixture-17,2.0,0.6392321586608887,8
deterministic,101,fixture-17,2.2,0.7595517635345459,8
deterministic,101,fixture-17,2.4000000000000004,0.8894478678703308,8
deterministic,101,fixture-17,2.6,1.0285587310791016,8
deterministic,101,fixture-17,2.8000000000000003,1.1765174865722656,8
deterministic,101,fixture-17,3.0,1.3329086303710938,8
deterministic,101,fixture-17,3.2,1.4973344802856445,8
deterministic,101,fixture-17,3.4000000000000004,1.6693748235702515,8
deterministic,101,fixture-17,3.6,1.848569631576538,8
deterministic,101,fixture-17,3.8000000000000003,2.0344772338867188,8
deterministic,101,fixture-17,4.0,2.2266383171081543,8
deterministic,101,fixture-17,4.2,2.4245710372924805,8
deterministic,101,fixture-17,4.4,2.6277594566345215,8
deterministic,101,fixture-17,4.6000000000000005,2.835690975189209,8
deterministic,101,fixture-17,4.800000000000001,3.0478458404541016,8
deterministic,101,fixture-17,5.0,3.263659954071045,8
deterministic,101,fixture-17,5.2,3.4825878143310547,8
deterministic,101,fixture-17,5.4,3.704068183898926,8
deterministic,101,fixture-17,5.6000000000000005,3.92752742767334,8
deterministic,101,fixture-17,5.800000000000001,4.152369022369385,8
deterministic,101,fixture-17,6.0,4.378007888793945,8
deterministic,101,fixture-17,6.2,4.603819847106934,8
deterministic,101,fixture-17,6.4,4.82921028137207,8
deterministic,101,fixture-17,6.6000000000000005,5.053550720214844,8
deterministic,101,fixture-17,6.800000000000001,5.276188850402832,8
deterministic,101,fixture-17,7.0,5.4965009689331055,8
deterministic,101,fixture-17,7.2,5.713874340057373,8
deterministic,101,fixture-17,7.4,5.927641868591309,8
deterministic,101,fixture-17,7.6000000000000005,6.137172698974609,8
deterministic,101,fixture-17,7.800000000000001,6.341826915740967,8
deterministic,101,fixture-17,8.0,6.540948390960693,8
deterministic,101,fixture-17,8.200000000000001,6.733899116516113,8
deterministic,101,fixture-17,8.4,6.920040607452393,8
deterministic,101,fixture-17,8.6,7.098725318908691,8
deterministic,101,fixture-17,8.8,7.269321441650391,8
deterministic,101,fixture-17,9.0,7.431178092956543,8
deterministic,101,fixture-17,9.200000000000001,7.583705902099609,8
deterministic,101,fixture-17,9.4,7.7262654304504395,8
deterministic,101,fixture-17,9.600000000000001,7.858242034912109,8
deterministic,101,fixture-17,9.8,7.979058265686035,8
deterministic,101,fixture-17,10.0,8.08812141418457,8
deterministic,101,fixture-17,10.200000000000001,8.184845924377441,8
deterministic,101,fixture-17,10.4,8.268701553344727,8
deterministic,101,fixture-17,10.600000000000001,8.339116096496582,8
deterministic,101,fixture-17,10.8,8.395591735839844,8
deterministic,101,fixture-17,11.0,8.437620162963867,8
deterministic,101,fixture-17,11.200000000000001,8.464739799499512,8
deterministic,101,fixture-17,11.4,8.476566314697266,8
deterministic,101,fixture-17,11.600000000000001,8.472711563110352,8
deterministic,101,fixture-17,11.8,8.452959060668945,8
deterministic,101,fixture-17,12.0,8.417219161987305,8
deterministic,101,fixture-17,12.200000000000001,8.365682601928711,8
deterministic,101,fixture-17,12.4,8.299148559570312,8
deterministic,101,fixture-17,12.600000000000001,8.219587326049805,8
deterministic,101,fixture-17,12.8,8.131074905395508,8
deterministic,101,fixture-17,13.0,8.040274620056152,8
deterministic,101,fixture-17,13.200000000000001,7.952451705932617,8
deterministic,101,fixture-17,13.4,7.865897178649902,8
deterministic,101,fixture-17,13.600000000000001,7.7749810218811035,8
deterministic,101,fixture-17,13.8,7.675407409667969,8
deterministic,101,fixture-17,14.0,7.564966201782227,8
deterministic,101,fixture-17,14.200000000000001,7.443138122558594,8
deterministic,101,fixture-17,14.4,7.311458587646484,8
deterministic,101,fixture-17,14.600000000000001,7.176482200622559,8
deterministic,101,fixture-17,14.8,7.0557050704956055,8
deterministic,101,fixture-17,15.0,6.960647106170654,8
deterministic,101,fixture-17,15.200000000000001,6.875810146331787,8
deterministic,101,fixture-17,15.4,6.7886457443237305,8
deterministic,101,fixture-17,15.600000000000001,6.69485330581665,8
deterministic,101,fixture-17,15.8,6.593332290649414,8
deterministic,101,fixture-17,16.0,6.4848833084106445,8
deterministic,101,fixture-17,16.2,6.3772077560424805,8
deterministic,101,fixture-17,16.400000000000002,6.330524444580078,8
deterministic,101,fixture-17,16.6,6.344210624694824,8
deterministic,101,fixture-17,16.8,6.381888389587402,8
deterministic,101,fixture-17,17.0,6.454265594482422,8
deterministic,101,fixture-17,17.2,6.562412261962891,8
deterministic,101,fixture-17,17.400000000000002,6.702079772949219,8
deterministic,101,fixture-17,17.6,6.895059585571289,8
deterministic,101,fixture-17,17.8,7.152464389801025,8
deterministic,101,fixture-17,18.0,7.4404802322387695,8
deterministic,101,fixture-17,18.2,7.7451324462890625,8
deterministic,101,fixture-17,18.400000000000002,8.06905746459961,8
deterministic,101,fixture-17,18.6,8.433273315429688,8
deterministic,101,fixture-17,18.8,8.862710952758789,8
deterministic,101,fixture-17,19.0,9.336043357849121,8
deterministic,101,fixture-17,19.200000000000003,9.830665588378906,8
deterministic,101,fixture-17,19.400000000000002,10.338973045349121,8
deterministic,101,fixture-17,19.6,10.858532905578613,8
deterministic,101,fixture-17,19.8,11.388762474060059,8
deterministic,101,fixture-17,20.0,11.931169509887695,8
macro_only,101,fixture-14,0.2,0.0057929991744458675,10
macro_only,101,fixture-14,0.4,0.0179595947265625,10
macro_only,101,fixture-14,0.6000000000000001,0.03706207126379013,10
macro_only,101,fixture-14,0.8,0.0636444091796875,10
macro_only,101,fixture-14,1.0,0.09825973212718964,10
macro_only,101,fixture-14,1.2000000000000002,0.1414237916469574,10
macro_only,101,fixture-14,1.4000000000000001,0.19366607069969177,10
macro_only,101,fixture-14,1.6,0.25546568632125854,10
macro_only,101,fixture-14,1.8,0.327322393655777,10
macro_only,101,fixture-14,2.0,0.40969163179397583,10
macro_only,101,fixture-14,2.2,0.5030449032783508,10
macro_only,101,fixture-14,2.4000000000000004,0.6077827215194702,10
macro_only,101,fixture-14,2.6,0.7243591547012329,10
macro_only,101,fixture-14,2.8000000000000003,0.8531402349472046,10
macro_only,101,fixture-14,3.0,0.994524359703064,10
macro_only,101,fixture-14,3.2,1.1488456726074219,10
macro_only,101,fixture-14,3.4000000000000004,1.316462755203247,10
macro_only,101,fixture-14,3.6,1.4976707696914673,10
macro_only,101,fixture-14,3.8000000000000003,1.6927894353866577,10
macro_only,101,fixture-14,4.0,1.9020553827285767,10
macro_only,101,fixture-14,4.2,2.125741481781006,10
macro_only,101,fixture-14,4.4,2.3640594482421875,10
macro_only,101,fixture-14,4.6000000000000005,2.617231845855713,10
macro_only,101,fixture-14,4.800000000000001,2.885406494140625,10
macro_only,101,fixture-14,5.0,3.1687591075897217,10
macro_only,101,fixture-14,5.2,3.467404842376709,10
macro_only,101,fixture-14,5.4,3.7814674377441406,10
macro_only,101,fixture-14,5.6000000000000005,4.1110029220581055,10
macro_only,101,fixture-14,5.800000000000001,4.456095218658447,10
macro_only,101,fixture-14,6.0,4.816747188568115,10
macro_only,101,fixture-14,6.2,5.192995548248291,10
macro_only,101,fixture-14,6.4,5.584791660308838,10
macro_only,101,fixture-14,6.6000000000000005,5.992109775543213,10
macro_only,101,fixture-14,6.800000000000001,6.414869785308838,10
macro_only,101,fixture-14,7.0,6.852993965148926,10
macro_only,101,fixture-14,7.2,7.306336879730225,10
macro_only,101,fixture-14,7.4,7.774789333343506,10
macro_only,101,fixture-14,7.6000000000000005,8.258158683776855,10
macro_only,101,fixture-14,7.800000000000001,8.756280899047852,10
macro_only,101,fixture-14,8.0,9.268915176391602,10
macro_only,101,fixture-14,8.200000000000001,9.7958345413208,10
macro_only,101,fixture-14,8.4,10.336774826049805,10
macro_only,101,fixture-14,8.6,10.891477584838867,10
macro_only,101,fixture-14,8.8,11.459599494934082,10
macro_only,101,fixture-14,9.0,12.0408353805542,10
macro_only,101,fixture-14,9.200000000000001,12.634843826293945,10
macro_only,101,fixture-14,9.4,13.241254806518555,10
macro_only,101,fixture-14,9.600000000000001,13.859670639038086,10
macro_only,101,fixture-14,9.8,14.48969841003418,10
macro_only,101,fixture-14,10.0,15.130895614624023,10
macro_only,101,fixture-14,10.200000000000001,15.78284740447998,10
macro_only,101,fixture-14,10.4,16.445056915283203,10
macro_only,101,fixture-14,10.600000000000001,17.117076873779297,10
macro_only,101,fixture-14,10.8,17.798397064208984,10
macro_only,101,fixture-14,11.0,18.488536834716797,10
macro_only,101,fixture-14,11.200000000000001,19.18693733215332,10
macro_only,101,fixture-14,11.4,19.893096923828125,10
macro_only,101,fixture-14,11.600000000000001,20.606447219848633,10
macro_only,101,fixture-14,11.8,21.32645034790039,10
macro_only,101,fixture-14,12.0,22.052513122558594,10
macro_only,101,fixture-14,12.200000000000001,22.784072875976562,10
macro_only,101,fixture-14,12.4,23.520536422729492,10
macro_only,101,fixture-14,12.600000000000001,24.26131820678711,10
macro_only,101,fixture-14,12.8,25.005800247192383,10
macro_only,101,fixture-14,13.0,25.753398895263672,10
macro_only,101,fixture-14,13.200000000000001,26.503463745117188,10
macro_only,101,fixture-14,13.4,27.255420684814453,10
macro_only,101,fixture-14,13.600000000000001,28.00860595703125,10
macro_only,101,fixture-14,13.8,28.762435913085938,10
macro_only,101,fixture-14,14.0,29.516260147094727,10
macro_only,101,fixture-14,14.200000000000001,30.269479751586914,10
macro_only,101,fixture-14,14.4,31.02145004272461,10
macro_only,101,fixture-14,14.600000000000001,31.771570205688477,10
macro_only,101,fixture-14,14.8,32.51919937133789,10
macro_only,101,fixture-14,15.0,33.26375198364258,10
macro_only,101,fixture-14,15.200000000000001,34.00459671020508,10
macro_only,101,fixture-14,15.4,34.74114227294922,10
macro_only,101,fixture-14,15.600000000000001,35.4727897644043,10
macro_only,101,fixture-14,15.8,36.19896697998047,10
macro_only,101,fixture-14,16.0,36.919071197509766,10
macro_only,101,fixture-14,16.2,37.6325569152832,10
macro_only,101,fixture-14,16.400000000000002,38.338836669921875,10
macro_only,101,fixture-14,16.6,39.03738021850586,10
macro_only,101,fixture-14,16.8,39.727657318115234,10
macro_only,101,fixture-14,17.0,40.409149169921875,10
macro_only,101,fixture-14,17.2,41.081321716308594,10
macro_only,101,fixture-14,17.400000000000002,41.74372100830078,10
macro_only,101,fixture-14,17.6,42.395835876464844,10
macro_only,101,fixture-14,17.8,43.0372428894043,10
macro_only,101,fixture-14,18.0,43.66746139526367,10
macro_only,101,fixture-14,18.2,44.28609085083008,10
macro_only,101,fixture-14,18.400000000000002,44.89270782470703,10
macro_only,101,fixture-14,18.6,45.486934661865234,10
macro_only,101,fixture-14,18.8,46.06839370727539,10
macro_only,101,fixture-14,19.0,46.63676071166992,10
macro_only,101,fixture-14,19.200000000000003,47.19168472290039,10
macro_only,101,fixture-14,19.400000000000002,47.732879638671875,10
macro_only,101,fixture-14,19.6,48.26004409790039,10
macro_only,101,fixture-14,19.8,48.77293395996094,10
macro_only,101,fixture-14,20.0,49.271305084228516,10
macro_only,101,fixture-15,0.2,0.013821296393871307,10
macro_only,101,fixture-15,0.4,0.041719868779182434,10
macro_only,101,fixture-15,0.6000000000000001,0.08397044241428375,10
macro_only,101,fixture-15,0.8,0.14079788327217102,10
macro_only,101,fixture-15,1.0,0.21242627501487732,10
macro_only,101,fixture-15,1.2000000000000002,0.29903262853622437,10
macro_only,101,fixture-15,1.4000000000000001,0.40079203248023987,10
macro_only,101,fixture-15,1.6,0.5178346633911133,10
macro_only,101,fixture-15,1.8,0.6502974629402161,10
macro_only,101,fixture-15,2.0,0.7982602715492249,10
macro_only,101,fixture-15,2.2,0.9618154764175415,10
macro_only,101,fixture-15,2.4000000000000004,1.1410162448883057,10
macro_only,101,fixture-15,2.6,1.335907220840454,10
macro_only,101,fixture-15,2.8000000000000003,1.5464794635772705,10
macro_only,101,fixture-15,3.0,1.7727628946304321,10
macro_only,101,fixture-15,3.2,2.014709949493408,10
macro_only,101,fixture-15,3.4000000000000004,2.2722957134246826,10
macro_only,101,fixture-15,3.6,2.545424461364746,10
macro_only,101,fixture-15,3.8000000000000003,2.834040880203247,10
macro_only,101,fixture-15,4.0,3.1379897594451904,10
macro_only,101,fixture-15,4.2,3.4571285247802734,10
macro_only,101,fixture-15,4.4,3.7912304401397705,10
macro_only,101,fixture-15,4.6000000000000005,4.1400556564331055,10
macro_only,101,fixture-15,4.800000000000001,4.503276348114014,10
macro_only,101,fixture-15,5.0,4.880528450012207,10
macro_only,101,fixture-15,5.2,5.2713623046875,10
macro_only,101,fixture-15,5.4,5.675363540649414,10
macro_only,101,fixture-15,5.6000000000000005,6.092028617858887,10
macro_only,101,fixture-15,5.800000000000001,6.520862579345703,10
macro_only,101,fixture-15,6.0,6.961396217346191,10
macro_only,101,fixture-15,6.2,7.413149833679199,10
macro_only,101,fixture-15,6.4,7.875676155090332,10
macro_only,101,fixture-15,6.6000000000000005,8.348531723022461,10
macro_only,101,fixture-15,6.800000000000001,8.83127498626709,10
macro_only,101,fixture-15,7.0,9.323512077331543,10
macro_only,101,fixture-15,7.2,9.824795722961426,10
macro_only,101,fixture-15,7.4,10.334681510925293,10
macro_only,101,fixture-15,7.6000000000000005,10.852742195129395,10
macro_only,101,fixture-15,7.800000000000001,11.378500938415527,10
macro_only,101,fixture-15,8.0,11.91146183013916,10
macro_only,101,fixture-15,8.200000000000001,12.451126098632812,10
macro_only,101,fixture-15,8.4,12.996943473815918,10
macro_only,101,fixture-15,8.6,13.548410415649414,10
macro_only,101,fixture-15,8.8,14.104931831359863,10
macro_only,101,fixture-15,9.0,14.665960311889648,10
macro_only,101,fixture-15,9.200000000000001,15.2308931350708,10
macro_only,101,fixture-15,9.4,15.799142837524414,10
macro_only,101,fixture-15,9.600000000000001,16.3701114654541,10
macro_only,101,fixture-15,9.8,16.943178176879883,10
macro_only,101,fixture-15,10.0,17.5177059173584,10
macro_only,101,fixture-15,10.200000000000001,18.093124389648438,10
macro_only,101,fixture-15,10.4,18.668781280517578,10
macro_only,101,fixture-15,10.600000000000001,19.244043350219727,10
macro_only,101,fixture-15,10.8,19.818302154541016,10
macro_only,101,fixture-15,11.0,20.390941619873047,10
macro_only,101,fixture-15,11.200000000000001,20.96133041381836,10
macro_only,101,fixture-15,11.4,21.52886199951172,10
macro_only,101,fixture-15,11.600000000000001,22.092899322509766,10
macro_only,101,fixture-15,11.8,22.65286636352539,10
macro_only,101,fixture-15,12.0,23.20815086364746,10
macro_only,101,fixture-15,12.200000000000001,23.758167266845703,10
macro_only,101,fixture-15,12.4,24.30230712890625,10
macro_only,101,fixture-15,12.600000000000001,24.840038299560547,10
macro_only,101,fixture-15,12.8,25.370773315429688,10
macro_only,101,fixture-15,13.0,25.893945693969727,10
macro_only,101,fixture-15,13.200000000000001,26.409038543701172,10
macro_only,101,fixture-15,13.4,26.915531158447266,10
macro_only,101,fixture-15,13.600000000000001,27.412887573242188,10
macro_only,101,fixture-15,13.8,27.900615692138672,10
macro_only,101,fixture-15,14.0,28.37822914123535,10
macro_only,101,fixture-15,14.200000000000001,28.84527587890625,10
macro_only,101,fixture-15,14.4,29.301319122314453,10
macro_only,101,fixture-15,14.600000000000001,29.745874404907227,10
macro_only,101,fixture-15,14.8,30.178577423095703,10
macro_only,101,fixture-15,15.0,30.599018096923828,10
macro_only,101,fixture-15,15.200000000000001,31.006826400756836,10
macro_only,101,fixture-15,15.4,31.40163230895996,10
macro_only,101,fixture-15,15.600000000000001,31.783117294311523,10
macro_only,101,fixture-15,15.8,32.15097427368164,10
macro_only,101,fixture-15,16.0,32.50490188598633,10
macro_only,101,fixture-15,16.2,32.844608306884766,10
macro_only,101,fixture-15,16.400000000000002,33.169898986816406,10
macro_only,101,fixture-15,16.6,33.48052215576172,10
macro_only,101,fixture-15,16.8,33.77629852294922,10
macro_only,101,fixture-15,17.0,34.057029724121094,10
macro_only,101,fixture-15,17.2,34.32257080078125,10
macro_only,101,fixture-15,17.400000000000002,34.572818756103516,10
macro_only,101,fixture-15,17.6,34.80765151977539,10
macro_only,101,fixture-15,17.8,35.026973724365234,10
macro_only,101,fixture-15,18.0,35.230777740478516,10
macro_only,101,fixture-15,18.2,35.41900634765625,10
macro_only,101,fixture-15,18.400000000000002,35.59166717529297,10
macro_only,101,fixture-15,18.6,35.74877166748047,10
macro_only,101,fixture-15,18.8,35.89037322998047,10
macro_only,101,fixture-15,19.0,36.016578674316406,10
macro_only,101,fixture-15,19.200000000000003,36.12742614746094,10
macro_only,101,fixture-15,19.400000000000002,36.22305679321289,10
macro_only,101,fixture-15,19.6,36.303646087646484,10
macro_only,101,fixture-15,19.8,36.36933898925781,10
macro_only,101,fixture-15,20.0,36.42033386230469,10
macro_only,101,fixture-16,0.2,0.01216888427734375,7
macro_only,101,fixture-16,0.4,0.0369175486266613,7
macro_only,101,fixture-16,0.6000000000000001,0.0746067613363266,7
macro_only,101,fixture-16,0.8,0.1255732923746109,7
macro_only,101,fixture-16,1.0,0.1901790052652359,7
macro_only,101,fixture-16,1.2000000000000002,0.268707275390625,7
macro_only,101,fixture-16,1.4000000000000001,0.3614611029624939,7
macro_only,101,fixture-16,1.6,0.46868896484375,7
macro_only,101,fixture-16,1.8,0.5906394124031067,7
macro_only,101,fixture-16,2.0,0.7275281548500061,7
macro_only,101,fixture-16,2.2,0.8795580267906189,7
macro_only,101,fixture-16,2.4000000000000004,1.046877145767212,7
macro_only,101,fixture-16,2.6,1.2296491861343384,7
macro_only,101,fixture-16,2.8000000000000003,1.427980661392212,7
macro_only,101,fixture-16,3.0,1.6419874429702759,7
macro_only,101,fixture-16,3.2,1.8717128038406372,7
macro_only,101,fixture-16,3.4000000000000004,2.1172070503234863,7
macro_only,101,fixture-16,3.6,2.3784985542297363,7
macro_only,101,fixture-16,3.8000000000000003,2.6555895805358887,7
macro_only,101,fixture-16,4.0,2.948421001434326,7
macro_only,101,fixture-16,4.2,3.256962299346924,7
macro_only,101,fixture-16,4.4,3.581117868423462,7
macro_only,101,fixture-16,4.6000000000000005,3.9208004474639893,7
macro_only,101,fixture-16,4.800000000000001,4.275848388671875,7
macro_only,101,fixture-16,5.0,4.646129131317139,7
macro_only,101,fixture-16,5.2,5.0314483642578125,7
macro_only,101,fixture-16,5.4,5.4316253662109375,7
macro_only,101,fixture-16,5.6000000000000005,5.846407413482666,7
macro_only,101,fixture-16,5.800000000000001,6.275532245635986,7
macro_only,101,fixture-16,6.0,6.718756675720215,7
macro_only,101,fixture-16,6.2,7.175783634185791,7
macro_only,101,fixture-16,6.4,7.646270751953125,7
macro_only,101,fixture-16,6.6000000000000005,8.129880905151367,7
macro_only,101,fixture-16,6.800000000000001,8.626259803771973,7
macro_only,101,fixture-16,7.0,9.13503360748291,7
macro_only,101,fixture-16,7.2,9.65579891204834,7
macro_only,101,fixture-16,7.4,10.188112258911133,7
macro_only,101,fixture-16,7.6000000000000005,10.731560707092285,7
macro_only,101,fixture-16,7.800000000000001,11.285685539245605,7
macro_only,101,fixture-16,8.0,11.849997520446777,7
macro_only,101,fixture-16,8.200000000000001,12.42400074005127,7
macro_only,101,fixture-16,8.4,13.00718879699707,7
macro_only,101,fixture-16,8.6,13.59908390045166,7
macro_only,101,fixture-16,8.8,14.19912052154541,7
macro_only,101,fixture-16,9.0,14.806727409362793,7
macro_only,101,fixture-16,9.200000000000001,15.421371459960938,7
macro_only,101,fixture-16,9.4,16.04248046875,7
macro_only,101,fixture-16,9.600000000000001,16.669483184814453,7
macro_only,101,fixture-16,9.8,17.301755905151367,7
macro_only,101,fixture-16,10.0,17.938718795776367,7
macro_only,101,fixture-16,10.200000000000001,18.57977867126465,7
macro_only,101,fixture-16,10.4,19.224300384521484,7
macro_only,101,fixture-16,10.600000000000001,19.871667861938477,7
macro_only,101,fixture-16,10.8,20.521272659301758,7
macro_only,101,fixture-16,11.0,21.172475814819336,7
macro_only,101,fixture-16,11.200000000000001,21.824649810791016,7
macro_only,101,fixture-16,11.4,22.47715950012207,7
macro_only,101,fixture-16,11.600000000000001,23.12936782836914,7
macro_only,101,fixture-16,11.8,23.780670166015625,7
macro_only,101,fixture-16,12.0,24.430416107177734,7
macro_only,101,fixture-16,12.200000000000001,25.07796859741211,7
macro_only,101,fixture-16,12.4,25.722726821899414,7
macro_only,101,fixture-16,12.600000000000001,26.36406135559082,7
macro_only,101,fixture-16,12.8,27.001346588134766,7
macro_only,101,fixture-16,13.0,27.633989334106445,7
macro_only,101,fixture-16,13.200000000000001,28.26138687133789,7
macro_only,101,fixture-16,13.4,28.88295555114746,7
macro_only,101,fixture-16,13.600000000000001,29.498117446899414,7
macro_only,101,fixture-16,13.8,30.106258392333984,7
macro_only,101,fixture-16,14.0,30.70686149597168,7
macro_only,101,fixture-16,14.200000000000001,31.299367904663086,7
macro_only,101,fixture-16,14.4,31.88322639465332,7
macro_only,101,fixture-16,14.600000000000001,32.45793533325195,7
macro_only,101,fixture-16,14.8,33.02297592163086,7
macro_only,101,fixture-16,15.0,33.57786178588867,7
macro_only,101,fixture-16,15.200000000000001,34.122108459472656,7
macro_only,101,fixture-16,15.4,34.65526580810547,7
macro_only,101,fixture-16,15.600000000000001,35.176902770996094,7
macro_only,101,fixture-16,15.8,35.68657684326172,7
macro_only,101,fixture-16,16.0,36.18387222290039,7
macro_only,101,fixture-16,16.2,36.66844940185547,7
macro_only,101,fixture-16,16.400000000000002,37.1399040222168,7
macro_only,101,fixture-16,16.6,37.59793472290039,7
macro_only,101,fixture-16,16.8,38.04218292236328,7
macro_only,101,fixture-16,17.0,38.47237014770508,7
macro_only,101,fixture-16,17.2,38.88823699951172,7
macro_only,101,fixture-16,17.400000000000002,39.28948211669922,7
macro_only,101,fixture-16,17.6,39.675899505615234,7
macro_only,101,fixture-16,17.8,40.04730224609375,7
macro_only,101,fixture-16,18.0,40.40346145629883,7
macro_only,101,fixture-16,18.2,40.744285583496094,7
macro_only,101,fixture-16,18.400000000000002,41.06958770751953,7
macro_only,101,fixture-16,18.6,41.379276275634766,7
macro_only,101,fixture-16,18.8,41.67328643798828,7
macro_only,101,fixture-16,19.0,41.9515380859375,7
macro_only,101,fixture-16,19.200000000000003,42.21397018432617,7
macro_only,101,fixture-16,19.400000000000002,42.460655212402344,7
macro_only,101,fixture-16,19.6,42.691524505615234,7
macro_only,101,fixture-16,19.8,42.90668869018555,7
macro_only,101,fixture-16,20.0,43.10617446899414,7
macro_only,101,fixture-17,0.2,0.015730857849121094,8
macro_only,101,fixture-17,0.4,0.04718589782714844,8
macro_only,101,fixture-17,0.6000000000000001,0.09432125091552734,8
macro_only,101,fixture-17,0.8,0.15710926055908203,8
macro_only,101,fixture-17,1.0,0.23543739318847656,8
macro_only,101,fixture-17,1.2000000000000002,0.3292112350463867,8
macro_only,101,fixture-17,1.4000000000000001,0.43830013275146484,8
macro_only,101,fixture-17,1.6,0.5625534057617188,8
macro_only,101,fixture-17,1.8,0.7017650604248047,8
macro_only,101,fixture-17,2.0,0.8557558059692383,8
macro_only,101,fixture-17,2.2,1.024287223815918,8
macro_only,101,fixture-17,2.4000000000000004,1.2071170806884766,8
macro_only,101,fixture-17,2.6,1.4039573669433594,8
macro_only,101,fixture-17,2.8000000000000003,1.6145172119140625,8
macro_only,101,fixture-17,3.0,1.838484764099121,8
macro_only,101,fixture-17,3.2,2.0755157470703125,8
macro_only,101,fixture-17,3.4000000000000004,2.3252296447753906,8
macro_only,101,fixture-17,3.6,2.5872764587402344,8
macro_only,101,fixture-17,3.8000000000000003,2.861234664916992,8
macro_only,101,fixture-17,4.0,3.1466941833496094,8
macro_only,101,fixture-17,4.2,3.4432125091552734,8
macro_only,101,fixture-17,4.4,3.750324249267578,8
macro_only,101,fixture-17,4.6000000000000005,4.067577362060547,8
macro_only,101,fixture-17,4.800000000000001,4.39447021484375,8
macro_only,101,fixture-17,5.0,4.730480194091797,8
macro_only,101,fixture-17,5.2,5.07512092590332,8
macro_only,101,fixture-17,5.4,5.427839279174805,8
macro_only,101,fixture-17,5.6000000000000005,5.788095474243164,8
macro_only,101,fixture-17,5.800000000000001,6.155330657958984,8
macro_only,101,fixture-17,6.0,6.528961181640625,8
macro_only,101,fixture-17,6.2,6.908439636230469,8
macro_only,101,fixture-17,6.4,7.293153762817383,8
macro_only,101,fixture-17,6.6000000000000005,7.682500839233398,8
macro_only,101,fixture-17,6.800000000000001,8.075885772705078,8
macro_only,101,fixture-17,7.0,8.472696304321289,8
macro_only,101,fixture-17,7.2,8.872325897216797,8
macro_only,101,fixture-17,7.4,9.27413558959961,8
macro_only,101,fixture-17,7.6000000000000005,9.677513122558594,8
macro_only,101,fixture-17,7.800000000000001,10.081825256347656,8
macro_only,101,fixture-17,8.0,10.486448287963867,8
macro_only,101,fixture-17,8.200000000000001,10.890737533569336,8
macro_only,101,fixture-17,8.4,11.294084548950195,8
macro_only,101,fixture-17,8.6,11.695854187011719,8
macro_only,101,fixture-17,8.8,12.09542465209961,8
macro_only,101,fixture-17,9.0,12.492168426513672,8
macro_only,101,fixture-17,9.200000000000001,12.885467529296875,8
macro_only,101,fixture-17,9.4,13.274728775024414,8
macro_only,101,fixture-17,9.600000000000001,13.659330368041992,8
macro_only,101,fixture-17,9.8,14.038671493530273,8
macro_only,101,fixture-17,10.0,14.412166595458984,8
macro_only,101,fixture-17,10.200000000000001,14.779247283935547,8
macro_only,101,fixture-17,10.4,15.139339447021484,8
macro_only,101,fixture-17,10.600000000000001,15.491884231567383,8
macro_only,101,fixture-17,10.8,15.836334228515625,8
macro_only,101,fixture-17,11.0,16.172155380249023,8
macro_only,101,fixture-17,11.200000000000001,16.498825073242188,8
macro_only,101,fixture-17,11.4,16.815847396850586,8
macro_only,101,fixture-17,11.600000000000001,17.122718811035156,8
macro_only,101,fixture-17,11.8,17.418991088867188,8
macro_only,101,fixture-17,12.0,17.704181671142578,8
macro_only,101,fixture-17,12.200000000000001,17.977882385253906,8
macro_only,101,fixture-17,12.4,18.239646911621094,8
macro_only,101,fixture-17,12.600000000000001,18.489091873168945,8
macro_only,101,fixture-17,12.8,18.725814819335938,8
macro_only,101,fixture-17,13.0,18.949481964111328,8
macro_only,101,fixture-17,13.200000000000001,19.15974235534668,8
macro_only,101,fixture-17,13.4,19.356258392333984,8
macro_only,101,fixture-17,13.600000000000001,19.53875160217285,8
macro_only,101,fixture-17,13.8,19.706958770751953,8
macro_only,101,fixture-17,14.0,19.860614776611328,8
macro_only,101,fixture-17,14.200000000000001,19.999496459960938,8
macro_only,101,fixture-17,14.4,20.12339973449707,8
macro_only,101,fixture-17,14.600000000000001,20.232147216796875,8
macro_only,101,fixture-17,14.8,20.325559616088867,8
macro_only,101,fixture-17,15.0,20.40354347229004,8
macro_only,101,fixture-17,15.200000000000001,20.46596336364746,8
macro_only,101,fixture-17,15.4,20.51275634765625,8
macro_only,101,fixture-17,15.600000000000001,20.54384994506836,8
macro_only,101,fixture-17,15.8,20.559226989746094,8
macro_only,101,fixture-17,16.0,20.558860778808594,8
macro_only,101,fixture-17,16.2,20.542797088623047,8
macro_only,101,fixture-17,16.400000000000002,20.511077880859375,8
macro_only,101,fixture-17,16.6,20.46371841430664,8
macro_only,101,fixture-17,16.8,20.400867462158203,8
macro_only,101,fixture-17,17.0,20.322629928588867,8
macro_only,101,fixture-17,17.2,20.22915267944336,8
macro_only,101,fixture-17,17.400000000000002,20.120609283447266,8
macro_only,101,fixture-17,17.6,19.99716567993164,8
macro_only,101,fixture-17,17.8,19.859067916870117,8
macro_only,101,fixture-17,18.0,19.7065372467041,8
macro_only,101,fixture-17,18.2,19.539819717407227,8
macro_only,101,fixture-17,18.400000000000002,19.359228134155273,8
macro_only,101,fixture-17,18.6,19.165056228637695,8
macro_only,101,fixture-17,18.8,18.9576473236084,8
macro_only,101,fixture-17,19.0,18.737348556518555,8
macro_only,101,fixture-17,19.200000000000003,18.504505157470703,8
macro_only,101,fixture-17,19.400000000000002,18.25954818725586,8
macro_only,101,fixture-17,19.6,18.002864837646484,8
macro_only,101,fixture-17,19.8,17.734848022460938,8
macro_only,101,fixture-17,20.0,17.455997467041016,8
micro_only,101,fixture-14,0.2,0.007698222994804382,10
micro_only,101,fixture-14,0.4,0.02460397593677044,10
micro_only,101,fixture-14,0.6000000000000001,0.051718782633543015,10
micro_only,101,fixture-14,0.8,0.08592624217271805,10
micro_only,101,fixture-14,1.0,0.13067704439163208,10
micro_only,101,fixture-14,1.2000000000000002,0.18943588435649872,10
micro_only,101,fixture-14,1.4000000000000001,0.2623012661933899,10
micro_only,101,fixture-14,1.6,0.351195365190506,10
micro_only,101,fixture-14,1.8,0.4513152241706848,10
micro_only,101,fixture-14,2.0,0.5598459243774414,10
micro_only,101,fixture-14,2.2,0.6781105399131775,10
micro_only,101,fixture-14,2.4000000000000004,0.8106303215026855,10
micro_only,101,fixture-14,2.6,0.9623449444770813,10
micro_only,101,fixture-14,2.8000000000000003,1.1293612718582153,10
micro_only,101,fixture-14,3.0,1.3152363300323486,10
micro_only,101,fixture-14,3.2,1.524611234664917,10
micro_only,101,fixture-14,3.4000000000000004,1.7507903575897217,10
micro_only,101,fixture-14,3.6,1.9987637996673584,10
micro_only,101,fixture-14,3.8000000000000003,2.270199775695801,10
micro_only,101,fixture-14,4.0,2.560307502746582,10
micro_only,101,fixture-14,4.2,2.8712174892425537,10
micro_only,101,fixture-14,4.4,3.20619535446167,10
micro_only,101,fixture-14,4.6000000000000005,3.5606064796447754,10
micro_only,101,fixture-14,4.800000000000001,3.93353009223938,10
micro_only,101,fixture-14,5.0,4.329213619232178,10
micro_only,101,fixture-14,5.2,4.748936176300049,10
micro_only,101,fixture-14,5.4,5.192503929138184,10
micro_only,101,fixture-14,5.6000000000000005,5.658786296844482,10
micro_only,101,fixture-14,5.800000000000001,6.146312713623047,10
micro_only,101,fixture-14,6.0,6.6543288230896,10
micro_only,101,fixture-14,6.2,7.181988716125488,10
micro_only,101,fixture-14,6.4,7.72771692276001,10
micro_only,101,fixture-14,6.6000000000000005,8.292821884155273,10
micro_only,101,fixture-14,6.800000000000001,8.88319206237793,10
micro_only,101,fixture-14,7.0,9.49553394317627,10
micro_only,101,fixture-14,7.2,10.121121406555176,10
micro_only,101,fixture-14,7.4,10.765024185180664,10
micro_only,101,fixture-14,7.6000000000000005,11.433141708374023,10
micro_only,101,fixture-14,7.800000000000001,12.123515129089355,10
micro_only,101,fixture-14,8.0,12.831686019897461,10
micro_only,101,fixture-14,8.200000000000001,13.560396194458008,10
micro_only,101,fixture-14,8.4,14.311426162719727,10
micro_only,101,fixture-14,8.6,15.082180976867676,10
micro_only,101,fixture-14,8.8,15.869972229003906,10
micro_only,101,fixture-14,9.0,16.675067901611328,10
micro_only,101,fixture-14,9.200000000000001,17.499813079833984,10
micro_only,101,fixture-14,9.4,18.33908462524414,10
micro_only,101,fixture-14,9.600000000000001,19.19199562072754,10
micro_only,101,fixture-14,9.8,20.060897827148438,10
micro_only,101,fixture-14,10.0,20.9428768157959,10
micro_only,101,fixture-14,10.200000000000001,21.835966110229492,10
micro_only,101,fixture-14,10.4,22.741931915283203,10
micro_only,101,fixture-14,10.600000000000001,23.661014556884766,10
micro_only,101,fixture-14,10.8,24.590579986572266,10
micro_only,101,fixture-14,11.0,25.5334529876709,10
micro_only,101,fixture-14,11.200000000000001,26.486581802368164,10
micro_only,101,fixture-14,11.4,27.447986602783203,10
micro_only,101,fixture-14,11.600000000000001,28.422143936157227,10
micro_only,101,fixture-14,11.8,29.408889770507812,10
micro_only,101,fixture-14,12.0,30.41091537475586,10
micro_only,101,fixture-14,12.200000000000001,31.429981231689453,10
micro_only,101,fixture-14,12.4,32.4625358581543,10
micro_only,101,fixture-14,12.600000000000001,33.50273895263672,10
micro_only,101,fixture-14,12.8,34.54674530029297,10
micro_only,101,fixture-14,13.0,35.592742919921875,10
micro_only,101,fixture-14,13.200000000000001,36.641849517822266,10
micro_only,101,fixture-14,13.4,37.696529388427734,10
micro_only,101,fixture-14,13.600000000000001,38.753318786621094,10
micro_only,101,fixture-14,13.8,39.80904769897461,10
micro_only,101,fixture-14,14.0,40.86429214477539,10
micro_only,101,fixture-14,14.200000000000001,41.92014694213867,10
micro_only,101,fixture-14,14.4,42.977237701416016,10
micro_only,101,fixture-14,14.600000000000001,44.034332275390625,10
micro_only,101,fixture-14,14.8,45.09177780151367,10
micro_only,101,fixture-14,15.0,46.14694595336914,10
micro_only,101,fixture-14,15.200000000000001,47.205753326416016,10
micro_only,101,fixture-14,15.4,48.271263122558594,10
micro_only,101,fixture-14,15.600000000000001,49.33517074584961,10
micro_only,101,fixture-14,15.8,50.395408630371094,10
micro_only,101,fixture-14,16.0,51.45311737060547,10
micro_only,101,fixture-14,16.2,52.50779342651367,10
micro_only,101,fixture-14,16.400000000000002,53.55659103393555,10
micro_only,101,fixture-14,16.6,54.59674072265625,10
micro_only,101,fixture-14,16.8,55.62969207763672,10
micro_only,101,fixture-14,17.0,56.656593322753906,10
micro_only,101,fixture-14,17.2,57.679664611816406,10
micro_only,101,fixture-14,17.400000000000002,58.7011604309082,10
micro_only,101,fixture-14,17.6,59.715049743652344,10
micro_only,101,fixture-14,17.8,60.71889114379883,10
micro_only,101,fixture-14,18.0,61.7128791809082,10
micro_only,101,fixture-14,18.2,62.699798583984375,10
micro_only,101,fixture-14,18.400000000000002,63.67839813232422,10
micro_only,101,fixture-14,18.6,64.6477279663086,10
micro_only,101,fixture-14,18.8,65.6120834350586,10
micro_only,101,fixture-14,19.0,66.567138671875,10
micro_only,101,fixture-14,19.200000000000003,67.51113891601562,10
micro_only,101,fixture-14,19.400000000000002,68.44511413574219,10
micro_only,101,fixture-14,19.6,69.36814880371094,10
micro_only,101,fixture-14,19.8,70.27884674072266,10
micro_only,101,fixture-14,20.0,71.17748260498047,10
micro_only,101,fixture-15,0.2,0.015698719769716263,10
micro_only,101,fixture-15,0.4,0.047565169632434845,10
micro_only,101,fixture-15,0.6000000000000001,0.09371410310268402,10
micro_only,101,fixture-15,0.8,0.15420320630073547,10
micro_only,101,fixture-15,1.0,0.23090919852256775,10
micro_only,101,fixture-15,1.2000000000000002,0.324188768863678,10
micro_only,101,fixture-15,1.4000000000000001,0.43740445375442505,10
micro_only,101,fixture-15,1.6,0.5743563771247864,10
micro_only,101,fixture-15,1.8,0.7282004952430725,10
micro_only,101,fixture-15,2.0,0.8968347311019897,10
micro_only,101,fixture-15,2.2,1.0871822834014893,10
micro_only,101,fixture-15,2.4000000000000004,1.3006174564361572,10
micro_only,101,fixture-15,2.6,1.5359222888946533,10
micro_only,101,fixture-15,2.8000000000000003,1.7936389446258545,10
micro_only,101,fixture-15,3.0,2.073038101196289,10
micro_only,101,fixture-15,3.2,2.374342203140259,10
micro_only,101,fixture-15,3.4000000000000004,2.6980574131011963,10
micro_only,101,fixture-15,3.6,3.044504404067993,10
micro_only,101,fixture-15,3.8000000000000003,3.412959337234497,10
micro_only,101,fixture-15,4.0,3.8010916709899902,10
micro_only,101,fixture-15,4.2,4.207486629486084,10
micro_only,101,fixture-15,4.4,4.63041877746582,10
micro_only,101,fixture-15,4.6000000000000005,5.0728020668029785,10
micro_only,101,fixture-15,4.800000000000001,5.539719581604004,10
micro_only,101,fixture-15,5.0,6.027540683746338,10
micro_only,101,fixture-15,5.2,6.534367561340332,10
micro_only,101,fixture-15,5.4,7.061834812164307,10
micro_only,101,fixture-15,5.6000000000000005,7.606271266937256,10
micro_only,101,fixture-15,5.800000000000001,8.16441535949707,10
micro_only,101,fixture-15,6.0,8.73527717590332,10
micro_only,101,fixture-15,6.2,9.319430351257324,10
micro_only,101,fixture-15,6.4,9.919209480285645,10
micro_only,101,fixture-15,6.6000000000000005,10.536611557006836,10
micro_only,101,fixture-15,6.800000000000001,11.16955280303955,10
micro_only,101,fixture-15,7.0,11.81352710723877,10
micro_only,101,fixture-15,7.2,12.469712257385254,10
micro_only,101,fixture-15,7.4,13.140907287597656,10
micro_only,101,fixture-15,7.6000000000000005,13.826906204223633,10
micro_only,101,fixture-15,7.800000000000001,14.526802062988281,10
micro_only,101,fixture-15,8.0,15.234723091125488,10
micro_only,101,fixture-15,8.200000000000001,15.950472831726074,10
micro_only,101,fixture-15,8.4,16.677753448486328,10
micro_only,101,fixture-15,8.6,17.416187286376953,10
micro_only,101,fixture-15,8.8,18.16465950012207,10
micro_only,101,fixture-15,9.0,18.921432495117188,10
micro_only,101,fixture-15,9.200000000000001,19.68549346923828,10
micro_only,101,fixture-15,9.4,20.457273483276367,10
micro_only,101,fixture-15,9.600000000000001,21.240524291992188,10
micro_only,101,fixture-15,9.8,22.030147552490234,10
micro_only,101,fixture-15,10.0,22.822895050048828,10
micro_only,101,fixture-15,10.200000000000001,23.62331771850586,10
micro_only,101,fixture-15,10.4,24.428085327148438,10
micro_only,101,fixture-15,10.600000000000001,25.23574447631836,10
micro_only,101,fixture-15,10.8,26.045801162719727,10
micro_only,101,fixture-15,11.0,26.853214263916016,10
micro_only,101,fixture-15,11.200000000000001,27.660144805908203,10
micro_only,101,fixture-15,11.4,28.470333099365234,10
micro_only,101,fixture-15,11.600000000000001,29.2806396484375,10
micro_only,101,fixture-15,11.8,30.09250259399414,10
micro_only,101,fixture-15,12.0,30.906362533569336,10
micro_only,101,fixture-15,12.200000000000001,31.716333389282227,10
micro_only,101,fixture-15,12.4,32.52222442626953,10
micro_only,101,fixture-15,12.600000000000001,33.32843780517578,10
micro_only,101,fixture-15,12.8,34.136558532714844,10
micro_only,101,fixture-15,13.0,34.93998336791992,10
micro_only,101,fixture-15,13.200000000000001,35.73796463012695,10
micro_only,101,fixture-15,13.4,36.537025451660156,10
micro_only,101,fixture-15,13.600000000000001,37.333187103271484,10
micro_only,101,fixture-15,13.8,38.12310791015625,10
micro_only,101,fixture-15,14.0,38.90907287597656,10
micro_only,101,fixture-15,14.200000000000001,39.692501068115234,10
micro_only,101,fixture-15,14.4,40.47041702270508,10
micro_only,101,fixture-15,14.600000000000001,41.241004943847656,10
micro_only,101,fixture-15,14.8,42.007057189941406,10
micro_only,101,fixture-15,15.0,42.76789093017578,10
micro_only,101,fixture-15,15.200000000000001,43.522438049316406,10
micro_only,101,fixture-15,15.4,44.27059555053711,10
micro_only,101,fixture-15,15.600000000000001,45.01414108276367,10
micro_only,101,fixture-15,15.8,45.75481033325195,10
micro_only,101,fixture-15,16.0,46.490936279296875,10
micro_only,101,fixture-15,16.2,47.22024917602539,10
micro_only,101,fixture-15,16.400000000000002,47.940948486328125,10
micro_only,101,fixture-15,16.6,48.65636444091797,10
micro_only,101,fixture-15,16.8,49.365509033203125,10
micro_only,101,fixture-15,17.0,50.064453125,10
micro_only,101,fixture-15,17.2,50.75041580200195,10
micro_only,101,fixture-15,17.400000000000002,51.421173095703125,10
micro_only,101,fixture-15,17.6,52.07932662963867,10
micro_only,101,fixture-15,17.8,52.72808074951172,10
micro_only,101,fixture-15,18.0,53.3702507019043,10
micro_only,101,fixture-15,18.2,54.00510787963867,10
micro_only,101,fixture-15,18.400000000000002,54.632789611816406,10
micro_only,101,fixture-15,18.6,55.25413131713867,10
micro_only,101,fixture-15,18.8,55.86363983154297,10
micro_only,101,fixture-15,19.0,56.45856475830078,10
micro_only,101,fixture-15,19.200000000000003,57.0419921875,10
micro_only,101,fixture-15,19.400000000000002,57.6124153137207,10
micro_only,101,fixture-15,19.6,58.17064666748047,10
micro_only,101,fixture-15,19.8,58.71683883666992,10
micro_only,101,fixture-15,20.0,59.25270462036133,10
micro_only,101,fixture-16,0.2,0.011349556036293507,7
micro_only,101,fixture-16,0.4,0.03462359681725502,7
micro_only,101,fixture-16,0.6000000000000001,0.06676332652568817,7
micro_only,101,fixture-16,0.8,0.1081698015332222,7
micro_only,101,fixture-16,1.0,0.15752334892749786,7
micro_only,101,fixture-16,1.2000000000000002,0.21156617999076843,7
micro_only,101,fixture-16,1.4000000000000001,0.2724917232990265,7
micro_only,101,fixture-16,1.6,0.3414263129234314,7
micro_only,101,fixture-16,1.8,0.4193723499774933,7
micro_only,101,fixture-16,2.0,0.5129486918449402,7
micro_only,101,fixture-16,2.2,0.6222496032714844,7
micro_only,101,fixture-16,2.4000000000000004,0.7443909645080566,7
micro_only,101,fixture-16,2.6,0.8801063895225525,7
micro_only,101,fixture-16,2.8000000000000003,1.0232313871383667,7
micro_only,101,fixture-16,3.0,1.177978277206421,7
micro_only,101,fixture-16,3.2,1.3460956811904907,7
micro_only,101,fixture-16,3.4000000000000004,1.5275717973709106,7
micro_only,101,fixture-16,3.6,1.7201565504074097,7
micro_only,101,fixture-16,3.8000000000000003,1.9226642847061157,7
micro_only,101,fixture-16,4.0,2.138045072555542,7
micro_only,101,fixture-16,4.2,2.366790294647217,7
micro_only,101,fixture-16,4.4,2.6083648204803467,7
micro_only,101,fixture-16,4.6000000000000005,2.859405755996704,7
micro_only,101,fixture-16,4.800000000000001,3.121154546737671,7
micro_only,101,fixture-16,5.0,3.3973605632781982,7
micro_only,101,fixture-16,5.2,3.684793710708618,7
micro_only,101,fixture-16,5.4,3.9811854362487793,7
micro_only,101,fixture-16,5.6000000000000005,4.287685394287109,7
micro_only,101,fixture-16,5.800000000000001,4.607799530029297,7
micro_only,101,fixture-16,6.0,4.947476387023926,7
micro_only,101,fixture-16,6.2,5.30521821975708,7
micro_only,101,fixture-16,6.4,5.674644470214844,7
micro_only,101,fixture-16,6.6000000000000005,6.053054332733154,7
micro_only,101,fixture-16,6.800000000000001,6.436032295227051,7
micro_only,101,fixture-16,7.0,6.818790912628174,7
micro_only,101,fixture-16,7.2,7.2065348625183105,7
micro_only,101,fixture-16,7.4,7.600514888763428,7
micro_only,101,fixture-16,7.6000000000000005,8.000487327575684,7
micro_only,101,fixture-16,7.800000000000001,8.40500545501709,7
micro_only,101,fixture-16,8.0,8.814631462097168,7
micro_only,101,fixture-16,8.200000000000001,9.224241256713867,7
micro_only,101,fixture-16,8.4,9.629301071166992,7
micro_only,101,fixture-16,8.6,10.036637306213379,7
micro_only,101,fixture-16,8.8,10.449753761291504,7
micro_only,101,fixture-16,9.0,10.86821174621582,7
micro_only,101,fixture-16,9.200000000000001,11.289751052856445,7
micro_only,101,fixture-16,9.4,11.714693069458008,7
micro_only,101,fixture-16,9.600000000000001,12.140787124633789,7
micro_only,101,fixture-16,9.8,12.564536094665527,7
micro_only,101,fixture-16,10.0,12.985575675964355,7
micro_only,101,fixture-16,10.200000000000001,13.402338981628418,7
micro_only,101,fixture-16,10.4,13.81499195098877,7
micro_only,101,fixture-16,10.600000000000001,14.230226516723633,7
micro_only,101,fixture-16,10.8,14.647947311401367,7
micro_only,101,fixture-16,11.0,15.065701484680176,7
micro_only,101,fixture-16,11.200000000000001,15.480229377746582,7
micro_only,101,fixture-16,11.4,15.886404037475586,7
micro_only,101,fixture-16,11.600000000000001,16.28394889831543,7
micro_only,101,fixture-16,11.8,16.67165184020996,7
micro_only,101,fixture-16,12.0,17.04640007019043,7
micro_only,101,fixture-16,12.200000000000001,17.413053512573242,7
micro_only,101,fixture-16,12.4,17.779251098632812,7
micro_only,101,fixture-16,12.600000000000001,18.141496658325195,7
micro_only,101,fixture-16,12.8,18.49681282043457,7
micro_only,101,fixture-16,13.0,18.847929000854492,7
micro_only,101,fixture-16,13.200000000000001,19.191423416137695,7
micro_only,101,fixture-16,13.4,19.524738311767578,7
micro_only,101,fixture-16,13.600000000000001,19.847808837890625,7
micro_only,101,fixture-16,13.8,20.1630859375,7
micro_only,101,fixture-16,14.0,20.471141815185547,7
micro_only,101,fixture-16,14.200000000000001,20.76445198059082,7
micro_only,101,fixture-16,14.4,21.048017501831055,7
micro_only,101,fixture-16,14.600000000000001,21.326412200927734,7
micro_only,101,fixture-16,14.8,21.594085693359375,7
micro_only,101,fixture-16,15.0,21.846925735473633,7
micro_only,101,fixture-16,15.200000000000001,22.083642959594727,7
micro_only,101,fixture-16,15.4,22.30217170715332,7
micro_only,101,fixture-16,15.600000000000001,22.502334594726562,7
micro_only,101,fixture-16,15.8,22.68402099609375,7
micro_only,101,fixture-16,16.0,22.846220016479492,7
micro_only,101,fixture-16,16.2,22.991321563720703,7
micro_only,101,fixture-16,16.400000000000002,23.115968704223633,7
micro_only,101,fixture-16,16.6,23.216718673706055,7
micro_only,101,fixture-16,16.8,23.295490264892578,7
micro_only,101,fixture-16,17.0,23.353010177612305,7
micro_only,101,fixture-16,17.2,23.39237403869629,7
micro_only,101,fixture-16,17.400000000000002,23.41423988342285,7
micro_only,101,fixture-16,17.6,23.41334342956543,7
micro_only,101,fixture-16,17.8,23.392457962036133,7
micro_only,101,fixture-16,18.0,23.354389190673828,7
micro_only,101,fixture-16,18.2,23.29436683654785,7
micro_only,101,fixture-16,18.400000000000002,23.212554931640625,7
micro_only,101,fixture-16,18.6,23.104022979736328,7
micro_only,101,fixture-16,18.8,22.9652042388916,7
micro_only,101,fixture-16,19.0,22.80104637145996,7
micro_only,101,fixture-16,19.200000000000003,22.614290237426758,7
micro_only,101,fixture-16,19.400000000000002,22.40688133239746,7
micro_only,101,fixture-16,19.6,22.180875778198242,7
micro_only,101,fixture-16,19.8,21.93485450744629,7
micro_only,101,fixture-16,20.0,21.668813705444336,7
micro_only,101,fixture-17,0.2,0.011734272353351116,8
micro_only,101,fixture-17,0.4,0.032915957272052765,8
micro_only,101,fixture-17,0.6000000000000001,0.06764426827430725,8
micro_only,101,fixture-17,0.8,0.11846816539764404,8
micro_only,101,fixture-17,1.0,0.18372617661952972,8
micro_only,101,fixture-17,1.2000000000000002,0.25726115703582764,8
micro_only,101,fixture-17,1.4000000000000001,0.33908599615097046,8
micro_only,101,fixture-17,1.6,0.43309468030929565,8
micro_only,101,fixture-17,1.8,0.5432970523834229,8
micro_only,101,fixture-17,2.0,0.6653910875320435,8
micro_only,101,fixture-17,2.2,0.7930940389633179,8
micro_only,101,fixture-17,2.4000000000000004,0.9297910928726196,8
micro_only,101,fixture-17,2.6,1.07869553565979,8
micro_only,101,fixture-17,2.8000000000000003,1.2388349771499634,8
micro_only,101,fixture-17,3.0,1.4095520973205566,8
micro_only,101,fixture-17,3.2,1.5901644229888916,8
micro_only,101,fixture-17,3.4000000000000004,1.7771618366241455,8
micro_only,101,fixture-17,3.6,1.9656422138214111,8
micro_only,101,fixture-17,3.8000000000000003,2.1545369625091553,8
micro_only,101,fixture-17,4.0,2.3524413108825684,8
micro_only,101,fixture-17,4.2,2.5626492500305176,8
micro_only,101,fixture-17,4.4,2.7777295112609863,8
micro_only,101,fixture-17,4.6000000000000005,2.9953129291534424,8
micro_only,101,fixture-17,4.800000000000001,3.217775344848633,8
micro_only,101,fixture-17,5.0,3.4416542053222656,8
micro_only,101,fixture-17,5.2,3.6656432151794434,8
micro_only,101,fixture-17,5.4,3.8927154541015625,8
micro_only,101,fixture-17,5.6000000000000005,4.120334625244141,8
micro_only,101,fixture-17,5.800000000000001,4.346225738525391,8
micro_only,101,fixture-17,6.0,4.575890064239502,8
micro_only,101,fixture-17,6.2,4.809848785400391,8
micro_only,101,fixture-17,6.4,5.042262554168701,8
micro_only,101,fixture-17,6.6000000000000005,5.275252342224121,8
micro_only,101,fixture-17,6.800000000000001,5.515536308288574,8
micro_only,101,fixture-17,7.0,5.758725166320801,8
micro_only,101,fixture-17,7.2,5.998406410217285,8
micro_only,101,fixture-17,7.4,6.235756874084473,8
micro_only,101,fixture-17,7.6000000000000005,6.475669860839844,8
micro_only,101,fixture-17,7.800000000000001,6.714360237121582,8
micro_only,101,fixture-17,8.0,6.94671630859375,8
micro_only,101,fixture-17,8.200000000000001,7.175870895385742,8
micro_only,101,fixture-17,8.4,7.399106502532959,8
micro_only,101,fixture-17,8.6,7.614833831787109,8
micro_only,101,fixture-17,8.8,7.82224178314209,8
micro_only,101,fixture-17,9.0,8.021358489990234,8
micro_only,101,fixture-17,9.200000000000001,8.210319519042969,8
micro_only,101,fixture-17,9.4,8.386983871459961,8
micro_only,101,fixture-17,9.600000000000001,8.554203033447266,8
micro_only,101,fixture-17,9.8,8.713579177856445,8
micro_only,101,fixture-17,10.0,8.859389305114746,8
micro_only,101,fixture-17,10.200000000000001,8.991659164428711,8
micro_only,101,fixture-17,10.4,9.115090370178223,8
micro_only,101,fixture-17,10.600000000000001,9.227615356445312,8
micro_only,101,fixture-17,10.8,9.32664680480957,8
micro_only,101,fixture-17,11.0,9.414620399475098,8
micro_only,101,fixture-17,11.200000000000001,9.497058868408203,8
micro_only,101,fixture-17,11.4,9.567358016967773,8
micro_only,101,fixture-17,11.600000000000001,9.62018871307373,8
micro_only,101,fixture-17,11.8,9.65887451171875,8
micro_only,101,fixture-17,12.0,9.682193756103516,8
micro_only,101,fixture-17,12.200000000000001,9.688558578491211,8
micro_only,101,fixture-17,12.4,9.679401397705078,8
micro_only,101,fixture-17,12.600000000000001,9.657696723937988,8
micro_only,101,fixture-17,12.8,9.625349044799805,8
micro_only,101,fixture-17,13.0,9.578362464904785,8
micro_only,101,fixture-17,13.200000000000001,9.511356353759766,8
micro_only,101,fixture-17,13.4,9.425260543823242,8
micro_only,101,fixture-17,13.600000000000001,9.325113296508789,8
micro_only,101,fixture-17,13.8,9.212400436401367,8
micro_only,101,fixture-17,14.0,9.096959114074707,8
micro_only,101,fixture-17,14.200000000000001,8.989100456237793,8
micro_only,101,fixture-17,14.4,8.880712509155273,8
micro_only,101,fixture-17,14.600000000000001,8.7597074508667,8
micro_only,101,fixture-17,14.8,8.627585411071777,8
micro_only,101,fixture-17,15.0,8.482522964477539,8
micro_only,101,fixture-17,15.200000000000001,8.321996688842773,8
micro_only,101,fixture-17,15.4,8.15185832977295,8
micro_only,101,fixture-17,15.600000000000001,7.971199989318848,8
micro_only,101,fixture-17,15.8,7.780455112457275,8
micro_only,101,fixture-17,16.0,7.586076259613037,8
micro_only,101,fixture-17,16.2,7.4027862548828125,8
micro_only,101,fixture-17,16.400000000000002,7.251800537109375,8
micro_only,101,fixture-17,16.6,7.130878925323486,8
micro_only,101,fixture-17,16.8,7.036310195922852,8
micro_only,101,fixture-17,17.0,7.021648406982422,8
micro_only,101,fixture-17,17.2,7.0836262702941895,8
micro_only,101,fixture-17,17.400000000000002,7.174245834350586,8
micro_only,101,fixture-17,17.6,7.287204742431641,8
micro_only,101,fixture-17,17.8,7.421630859375,8
micro_only,101,fixture-17,18.0,7.587271690368652,8
micro_only,101,fixture-17,18.2,7.794798851013184,8
micro_only,101,fixture-17,18.400000000000002,8.033559799194336,8
micro_only,101,fixture-17,18.6,8.293341636657715,8
micro_only,101,fixture-17,18.8,8.56700611114502,8
micro_only,101,fixture-17,19.0,8.851089477539062,8
micro_only,101,fixture-17,19.200000000000003,9.144221305847168,8
micro_only,101,fixture-17,19.400000000000002,9.453559875488281,8
micro_only,101,fixture-17,19.6,9.856502532958984,8
micro_only,101,fixture-17,19.8,10.322691917419434,8
micro_only,101,fixture-17,20.0,10.797576904296875,8
no_crossscale,101,fixture-14,0.2,0.00784164760261774,10
no_crossscale,101,fixture-14,0.4,0.024241166189312935,10
no_crossscale,101,fixture-14,0.6000000000000001,0.04752424359321594,10
no_crossscale,101,fixture-14,0.8,0.07762523740530014,10
no_crossscale,101,fixture-14,1.0,0.11850130558013916,10
no_crossscale,101,fixture-14,1.2000000000000002,0.17616066336631775,10
no_crossscale,101,fixture-14,1.4000000000000001,0.2522919476032257,10
no_crossscale,101,fixture-14,1.6,0.34348711371421814,10
no_crossscale,101,fixture-14,1.8,0.4478958249092102,10
no_crossscale,101,fixture-14,2.0,0.5654784440994263,10
no_crossscale,101,fixture-14,2.2,0.6958675384521484,10
no_crossscale,101,fixture-14,2.4000000000000004,0.8408621549606323,10
no_crossscale,101,fixture-14,2.6,1.005554437637329,10
no_crossscale,101,fixture-14,2.8000000000000003,1.1881349086761475,10
no_crossscale,101,fixture-14,3.0,1.3865411281585693,10
no_crossscale,101,fixture-14,3.2,1.6032730340957642,10
no_crossscale,101,fixture-14,3.4000000000000004,1.8364543914794922,10
no_crossscale,101,fixture-14,3.6,2.0894722938537598,10
no_crossscale,101,fixture-14,3.8000000000000003,2.3650472164154053,10
no_crossscale,101,fixture-14,4.0,2.659780263900757,10
no_crossscale,101,fixture-14,4.2,2.9748380184173584,10
no_crossscale,101,fixture-14,4.4,3.3075339794158936,10
no_crossscale,101,fixture-14,4.6000000000000005,3.655785083770752,10
no_crossscale,101,fixture-14,4.800000000000001,4.020370960235596,10
no_crossscale,101,fixture-14,5.0,4.402215003967285,10
no_crossscale,101,fixture-14,5.2,4.806233882904053,10
no_crossscale,101,fixture-14,5.4,5.230949878692627,10
no_crossscale,101,fixture-14,5.6000000000000005,5.6766676902771,10
no_crossscale,101,fixture-14,5.800000000000001,6.141231536865234,10
no_crossscale,101,fixture-14,6.0,6.624492645263672,10
no_crossscale,101,fixture-14,6.2,7.126270294189453,10
no_crossscale,101,fixture-14,6.4,7.644466400146484,10
no_crossscale,101,fixture-14,6.6000000000000005,8.183969497680664,10
no_crossscale,101,fixture-14,6.800000000000001,8.747039794921875,10
no_crossscale,101,fixture-14,7.0,9.331600189208984,10
no_crossscale,101,fixture-14,7.2,9.931353569030762,10
no_crossscale,101,fixture-14,7.4,10.549817085266113,10
no_crossscale,101,fixture-14,7.6000000000000005,11.187952041625977,10
no_crossscale,101,fixture-14,7.800000000000001,11.845008850097656,10
no_crossscale,101,fixture-14,8.0,12.521454811096191,10
no_crossscale,101,fixture-14,8.200000000000001,13.21789836883545,10
no_crossscale,101,fixture-14,8.4,13.936729431152344,10
no_crossscale,101,fixture-14,8.6,14.673426628112793,10
no_crossscale,101,fixture-14,8.8,15.427248001098633,10
no_crossscale,101,fixture-14,9.0,16.202001571655273,10
no_crossscale,101,fixture-14,9.200000000000001,16.996959686279297,10
no_crossscale,101,fixture-14,9.4,17.810321807861328,10
no_crossscale,101,fixture-14,9.600000000000001,18.64641761779785,10
no_crossscale,101,fixture-14,9.8,19.504573822021484,10
no_crossscale,101,fixture-14,10.0,20.378538131713867,10
no_crossscale,101,fixture-14,10.200000000000001,21.268421173095703,10
no_crossscale,101,fixture-14,10.4,22.17215347290039,10
no_crossscale,101,fixture-14,10.600000000000001,23.091888427734375,10
no_crossscale,101,fixture-14,10.8,24.026592254638672,10
no_crossscale,101,fixture-14,11.0,24.98019027709961,10
no_crossscale,101,fixture-14,11.200000000000001,25.95107078552246,10
no_crossscale,101,fixture-14,11.4,26.93149185180664,10
no_crossscale,101,fixture-14,11.600000000000001,27.928964614868164,10
no_crossscale,101,fixture-14,11.8,28.9396915435791,10
no_crossscale,101,fixture-14,12.0,29.960647583007812,10
no_crossscale,101,fixture-14,12.200000000000001,30.988306045532227,10
no_crossscale,101,fixture-14,12.4,32.01858901977539,10
no_crossscale,101,fixture-14,12.600000000000001,33.0542106628418,10
no_crossscale,101,fixture-14,12.8,34.09732437133789,10
no_crossscale,101,fixture-14,13.0,35.148216247558594,10
no_crossscale,101,fixture-14,13.200000000000001,36.207252502441406,10
no_crossscale,101,fixture-14,13.4,37.27421569824219,10
no_crossscale,101,fixture-14,13.600000000000001,38.342201232910156,10
no_crossscale,101,fixture-14,13.8,39.41398239135742,10
no_crossscale,101,fixture-14,14.0,40.4918098449707,10
no_crossscale,101,fixture-14,14.200000000000001,41.57172393798828,10
no_crossscale,101,fixture-14,14.4,42.65579605102539,10
no_crossscale,101,fixture-14,14.600000000000001,43.7442512512207,10
no_crossscale,101,fixture-14,14.8,44.83437728881836,10
no_crossscale,101,fixture-14,15.0,45.92264175415039,10
no_crossscale,101,fixture-14,15.200000000000001,47.011497497558594,10
no_crossscale,101,fixture-14,15.4,48.10565948486328,10
no_crossscale,101,fixture-14,15.600000000000001,49.20323944091797,10
no_crossscale,101,fixture-14,15.8,50.295475006103516,10
no_crossscale,101,fixture-14,16.0,51.381507873535156,10
no_crossscale,101,fixture-14,16.2,52.46773147583008,10
no_crossscale,101,fixture-14,16.400000000000002,53.55724334716797,10
no_crossscale,101,fixture-14,16.6,54.649574279785156,10
no_crossscale,101,fixture-14,16.8,55.73961639404297,10
no_crossscale,101,fixture-14,17.0,56.830963134765625,10
no_crossscale,101,fixture-14,17.2,57.92842483520508,10
no_crossscale,101,fixture-14,17.400000000000002,59.025299072265625,10
no_crossscale,101,fixture-14,17.6,60.12091064453125,10
no_crossscale,101,fixture-14,17.8,61.21357345581055,10
no_crossscale,101,fixture-14,18.0,62.29600143432617,10
no_crossscale,101,fixture-14,18.2,63.37076950073242,10
no_crossscale,101,fixture-14,18.400000000000002,64.44029235839844,10
no_crossscale,101,fixture-14,18.6,65.49915313720703,10
no_crossscale,101,fixture-14,18.8,66.5463638305664,10
no_crossscale,101,fixture-14,19.0,67.5853042602539,10
no_crossscale,101,fixture-14,19.200000000000003,68.61199951171875,10
no_crossscale,101,fixture-14,19.400000000000002,69.62754821777344,10
no_crossscale,101,fixture-14,19.6,70.63251495361328,10
no_crossscale,101,fixture-14,19.8,71.62430572509766,10
no_crossscale,101,fixture-14,20.0,72.6097183227539,10
no_crossscale,101,fixture-15,0.2,0.015625355765223503,10
no_crossscale,101,fixture-15,0.4,0.04590839892625809,10
no_crossscale,101,fixture-15,0.6000000000000001,0.08953727781772614,10
no_crossscale,101,fixture-15,0.8,0.15076944231987,10
no_crossscale,101,fixture-15,1.0,0.2332695722579956,10
no_crossscale,101,fixture-15,1.2000000000000002,0.33984091877937317,10
no_crossscale,101,fixture-15,1.4000000000000001,0.4706296920776367,10
no_crossscale,101,fixture-15,1.6,0.621366560459137,10
no_crossscale,101,fixture-15,1.8,0.7875851988792419,10
no_crossscale,101,fixture-15,2.0,0.9723058938980103,10
no_crossscale,101,fixture-15,2.2,1.1795400381088257,10
no_crossscale,101,fixture-15,2.4000000000000004,1.4089690446853638,10
no_crossscale,101,fixture-15,2.6,1.657304048538208,10
no_crossscale,101,fixture-15,2.8000000000000003,1.92471182346344,10
no_crossscale,101,fixture-15,3.0,2.214827299118042,10
no_crossscale,101,fixture-15,3.2,2.521057605743408,10
no_crossscale,101,fixture-15,3.4000000000000004,2.8422417640686035,10
no_crossscale,101,fixture-15,3.6,3.183501720428467,10
no_crossscale,101,fixture-15,3.8000000000000003,3.5430636405944824,10
no_crossscale,101,fixture-15,4.0,3.9214367866516113,10
no_crossscale,101,fixture-15,4.2,4.318579196929932,10
no_crossscale,101,fixture-15,4.4,4.737957000732422,10
no_crossscale,101,fixture-15,4.6000000000000005,5.186877250671387,10
no_crossscale,101,fixture-15,4.800000000000001,5.659933567047119,10
no_crossscale,101,fixture-15,5.0,6.154453277587891,10
no_crossscale,101,fixture-15,5.2,6.673985481262207,10
no_crossscale,101,fixture-15,5.4,7.215311527252197,10
no_crossscale,101,fixture-15,5.6000000000000005,7.777310371398926,10
no_crossscale,101,fixture-15,5.800000000000001,8.360746383666992,10
no_crossscale,101,fixture-15,6.0,8.963285446166992,10
no_crossscale,101,fixture-15,6.2,9.58245849609375,10
no_crossscale,101,fixture-15,6.4,10.218210220336914,10
no_crossscale,101,fixture-15,6.6000000000000005,10.866633415222168,10
no_crossscale,101,fixture-15,6.800000000000001,11.527700424194336,10
no_crossscale,101,fixture-15,7.0,12.204192161560059,10
no_crossscale,101,fixture-15,7.2,12.896032333374023,10
no_crossscale,101,fixture-15,7.4,13.607345581054688,10
no_crossscale,101,fixture-15,7.6000000000000005,14.333948135375977,10
no_crossscale,101,fixture-15,7.800000000000001,15.069082260131836,10
no_crossscale,101,fixture-15,8.0,15.8160400390625,10
no_crossscale,101,fixture-15,8.200000000000001,16.57651710510254,10
no_crossscale,101,fixture-15,8.4,17.3482608795166,10
no_crossscale,101,fixture-15,8.6,18.12980079650879,10
no_crossscale,101,fixture-15,8.8,18.917268753051758,10
no_crossscale,101,fixture-15,9.0,19.71474266052246,10
no_crossscale,101,fixture-15,9.200000000000001,20.527629852294922,10
no_crossscale,101,fixture-15,9.4,21.3526611328125,10
no_crossscale,101,fixture-15,9.600000000000001,22.18732261657715,10
no_crossscale,101,fixture-15,9.8,23.02798080444336,10
no_crossscale,101,fixture-15,10.0,23.87129783630371,10
no_crossscale,101,fixture-15,10.200000000000001,24.717248916625977,10
no_crossscale,101,fixture-15,10.4,25.56555938720703,10
no_crossscale,101,fixture-15,10.600000000000001,26.417526245117188,10
no_crossscale,101,fixture-15,10.8,27.273773193359375,10
no_crossscale,101,fixture-15,11.0,28.133350372314453,10
no_crossscale,101,fixture-15,11.200000000000001,28.99782371520996,10
no_crossscale,101,fixture-15,11.4,29.861291885375977,10
no_crossscale,101,fixture-15,11.600000000000001,30.720088958740234,10
no_crossscale,101,fixture-15,11.8,31.58327865600586,10
no_crossscale,101,fixture-15,12.0,32.452842712402344,10
no_crossscale,101,fixture-15,12.200000000000001,33.32847213745117,10
no_crossscale,101,fixture-15,12.4,34.204200744628906,10
no_crossscale,101,fixture-15,12.600000000000001,35.076026916503906,10
no_crossscale,101,fixture-15,12.8,35.94856643676758,10
no_crossscale,101,fixture-15,13.0,36.81554412841797,10
no_crossscale,101,fixture-15,13.200000000000001,37.675628662109375,10
no_crossscale,101,fixture-15,13.4,38.52797317504883,10
no_crossscale,101,fixture-15,13.600000000000001,39.37500762939453,10
no_crossscale,101,fixture-15,13.8,40.21930694580078,10
no_crossscale,101,fixture-15,14.0,41.05451965332031,10
no_crossscale,101,fixture-15,14.200000000000001,41.881263732910156,10
no_crossscale,101,fixture-15,14.4,42.70362091064453,10
no_crossscale,101,fixture-15,14.600000000000001,43.518211364746094,10
no_crossscale,101,fixture-15,14.8,44.319786071777344,10
no_crossscale,101,fixture-15,15.0,45.11439895629883,10
no_crossscale,101,fixture-15,15.200000000000001,45.9027099609375,10
no_crossscale,101,fixture-15,15.4,46.68168258666992,10
no_crossscale,101,fixture-15,15.600000000000001,47.45412063598633,10
no_crossscale,101,fixture-15,15.8,48.21687316894531,10
no_crossscale,101,fixture-15,16.0,48.96916580200195,10
no_crossscale,101,fixture-15,16.2,49.71141052246094,10
no_crossscale,101,fixture-15,16.400000000000002,50.44235610961914,10
no_crossscale,101,fixture-15,16.6,51.16212844848633,10
no_crossscale,101,fixture-15,16.8,51.87556076049805,10
no_crossscale,101,fixture-15,17.0,52.584991455078125,10
no_crossscale,101,fixture-15,17.2,53.285179138183594,10
no_crossscale,101,fixture-15,17.400000000000002,53.973060607910156,10
no_crossscale,101,fixture-15,17.6,54.64934539794922,10
no_crossscale,101,fixture-15,17.8,55.31464767456055,10
no_crossscale,101,fixture-15,18.0,55.97136306762695,10
no_crossscale,101,fixture-15,18.2,56.622886657714844,10
no_crossscale,101,fixture-15,18.400000000000002,57.2653923034668,10
no_crossscale,101,fixture-15,18.6,57.89421463012695,10
no_crossscale,101,fixture-15,18.8,58.51096725463867,10
no_crossscale,101,fixture-15,19.0,59.120628356933594,10
no_crossscale,101,fixture-15,19.200000000000003,59.724586486816406,10
no_crossscale,101,fixture-15,19.400000000000002,60.32073211669922,10
no_crossscale,101,fixture-15,19.6,60.9083366394043,10
no_crossscale,101,fixture-15,19.8,61.486289978027344,10
no_crossscale,101,fixture-15,20.0,62.053802490234375,10
no_crossscale,101,fixture-16,0.2,0.011414485052227974,7
no_crossscale,101,fixture-16,0.4,0.03673543408513069,7
no_crossscale,101,fixture-16,0.6000000000000001,0.0774567574262619,7
no_crossscale,101,fixture-16,0.8,0.12831875681877136,7
no_crossscale,101,fixture-16,1.0,0.1855323165655136,7
no_crossscale,101,fixture-16,1.2000000000000002,0.2459724098443985,7
no_crossscale,101,fixture-16,1.4000000000000001,0.30674466490745544,7
no_crossscale,101,fixture-16,1.6,0.36975979804992676,7
no_crossscale,101,fixture-16,1.8,0.4380626380443573,7
no_crossscale,101,fixture-16,2.0,0.5111384987831116,7
no_crossscale,101,fixture-16,2.2,0.5860785841941833,7
no_crossscale,101,fixture-16,2.4000000000000004,0.6638990640640259,7
no_crossscale,101,fixture-16,2.6,0.753454864025116,7
no_crossscale,101,fixture-16,2.8000000000000003,0.8584146499633789,7
no_crossscale,101,fixture-16,3.0,0.9759607911109924,7
no_crossscale,101,fixture-16,3.2,1.1079375743865967,7
no_crossscale,101,fixture-16,3.4000000000000004,1.256516456604004,7
no_crossscale,101,fixture-16,3.6,1.4189304113388062,7
no_crossscale,101,fixture-16,3.8000000000000003,1.587733268737793,7
no_crossscale,101,fixture-16,4.0,1.764680027961731,7
no_crossscale,101,fixture-16,4.2,1.9535778760910034,7
no_crossscale,101,fixture-16,4.4,2.1551730632781982,7
no_crossscale,101,fixture-16,4.6000000000000005,2.3615527153015137,7
no_crossscale,101,fixture-16,4.800000000000001,2.5726699829101562,7
no_crossscale,101,fixture-16,5.0,2.7957305908203125,7
no_crossscale,101,fixture-16,5.2,3.026560068130493,7
no_crossscale,101,fixture-16,5.4,3.2690751552581787,7
no_crossscale,101,fixture-16,5.6000000000000005,3.521613359451294,7
no_crossscale,101,fixture-16,5.800000000000001,3.7811896800994873,7
no_crossscale,101,fixture-16,6.0,4.0507731437683105,7
no_crossscale,101,fixture-16,6.2,4.330025672912598,7
no_crossscale,101,fixture-16,6.4,4.6192545890808105,7
no_crossscale,101,fixture-16,6.6000000000000005,4.9141459465026855,7
no_crossscale,101,fixture-16,6.800000000000001,5.2138142585754395,7
no_crossscale,101,fixture-16,7.0,5.521651744842529,7
no_crossscale,101,fixture-16,7.2,5.839674949645996,7
no_crossscale,101,fixture-16,7.4,6.169732570648193,7
no_crossscale,101,fixture-16,7.6000000000000005,6.506402492523193,7
no_crossscale,101,fixture-16,7.800000000000001,6.84019136428833,7
no_crossscale,101,fixture-16,8.0,7.170356750488281,7
no_crossscale,101,fixture-16,8.200000000000001,7.504054069519043,7
no_crossscale,101,fixture-16,8.4,7.839500904083252,7
no_crossscale,101,fixture-16,8.6,8.176572799682617,7
no_crossscale,101,fixture-16,8.8,8.517804145812988,7
no_crossscale,101,fixture-16,9.0,8.861115455627441,7
no_crossscale,101,fixture-16,9.200000000000001,9.207438468933105,7
no_crossscale,101,fixture-16,9.4,9.55943489074707,7
no_crossscale,101,fixture-16,9.600000000000001,9.916833877563477,7
no_crossscale,101,fixture-16,9.8,10.276604652404785,7
no_crossscale,101,fixture-16,10.0,10.639264106750488,7
no_crossscale,101,fixture-16,10.200000000000001,11.002405166625977,7
no_crossscale,101,fixture-16,10.4,11.355697631835938,7
no_crossscale,101,fixture-16,10.600000000000001,11.701845169067383,7
no_crossscale,101,fixture-16,10.8,12.046422004699707,7
no_crossscale,101,fixture-16,11.0,12.38282299041748,7
no_crossscale,101,fixture-16,11.200000000000001,12.71043586730957,7
no_crossscale,101,fixture-16,11.4,13.030058860778809,7
no_crossscale,101,fixture-16,11.600000000000001,13.343729972839355,7
no_crossscale,101,fixture-16,11.8,13.65679931640625,7
no_crossscale,101,fixture-16,12.0,13.964552879333496,7
no_crossscale,101,fixture-16,12.200000000000001,14.26134204864502,7
no_crossscale,101,fixture-16,12.4,14.553593635559082,7
no_crossscale,101,fixture-16,12.600000000000001,14.843157768249512,7
no_crossscale,101,fixture-16,12.8,15.119239807128906,7
no_crossscale,101,fixture-16,13.0,15.378600120544434,7
no_crossscale,101,fixture-16,13.200000000000001,15.624838829040527,7
no_crossscale,101,fixture-16,13.4,15.862945556640625,7
no_crossscale,101,fixture-16,13.600000000000001,16.09738540649414,7
no_crossscale,101,fixture-16,13.8,16.322954177856445,7
no_crossscale,101,fixture-16,14.0,16.536741256713867,7
no_crossscale,101,fixture-16,14.200000000000001,16.737457275390625,7
no_crossscale,101,fixture-16,14.4,16.92489242553711,7
no_crossscale,101,fixture-16,14.600000000000001,17.098196029663086,7
no_crossscale,101,fixture-16,14.8,17.258146286010742,7
no_crossscale,101,fixture-16,15.0,17.407880783081055,7
no_crossscale,101,fixture-16,15.200000000000001,17.541261672973633,7
no_crossscale,101,fixture-16,15.4,17.65923500061035,7
no_crossscale,101,fixture-16,15.600000000000001,17.763505935668945,7
no_crossscale,101,fixture-16,15.8,17.846717834472656,7
no_crossscale,101,fixture-16,16.0,17.90458869934082,7
no_crossscale,101,fixture-16,16.2,17.93994140625,7
no_crossscale,101,fixture-16,16.400000000000002,17.95399284362793,7
no_crossscale,101,fixture-16,16.6,17.946962356567383,7
no_crossscale,101,fixture-16,16.8,17.92616081237793,7
no_crossscale,101,fixture-16,17.0,17.89557456970215,7
no_crossscale,101,fixture-16,17.2,17.85358238220215,7
no_crossscale,101,fixture-16,17.400000000000002,17.799245834350586,7
no_crossscale,101,fixture-16,17.6,17.735065460205078,7
no_crossscale,101,fixture-16,17.8,17.6630916595459,7
no_crossscale,101,fixture-16,18.0,17.581254959106445,7
no_crossscale,101,fixture-16,18.2,17.491165161132812,7
no_crossscale,101,fixture-16,18.400000000000002,17.394357681274414,7
no_crossscale,101,fixture-16,18.6,17.2900390625,7
no_crossscale,101,fixture-16,18.8,17.175973892211914,7
no_crossscale,101,fixture-16,19.0,17.05630111694336,7
no_crossscale,101,fixture-16,19.200000000000003,16.936439514160156,7
no_crossscale,101,fixture-16,19.400000000000002,16.813230514526367,7
no_crossscale,101,fixture-16,19.6,16.689847946166992,7
no_crossscale,101,fixture-16,19.8,16.57118034362793,7
no_crossscale,101,fixture-16,20.0,16.4592227935791,7
no_crossscale,101,fixture-17,0.2,0.01184736005961895,8
no_crossscale,101,fixture-17,0.4,0.03202839195728302,8
no_crossscale,101,fixture-17,0.6000000000000001,0.06406466662883759,8
no_crossscale,101,fixture-17,0.8,0.10782811045646667,8
no_crossscale,101,fixture-17,1.0,0.1614849865436554,8
no_crossscale,101,fixture-17,1.2000000000000002,0.23233211040496826,8
no_crossscale,101,fixture-17,1.4000000000000001,0.3221973776817322,8
no_crossscale,101,fixture-17,1.6,0.42565497756004333,8
no_crossscale,101,fixture-17,1.8,0.5448627471923828,8
no_crossscale,101,fixture-17,2.0,0.6748871207237244,8
no_crossscale,101,fixture-17,2.2,0.8131838440895081,8
no_crossscale,101,fixture-17,2.4000000000000004,0.9701200723648071,8
no_crossscale,101,fixture-17,2.6,1.1425714492797852,8
no_crossscale,101,fixture-17,2.8000000000000003,1.3220725059509277,8
no_crossscale,101,fixture-17,3.0,1.5110710859298706,8
no_crossscale,101,fixture-17,3.2,1.711143136024475,8
no_crossscale,101,fixture-17,3.4000000000000004,1.92160964012146,8
no_crossscale,101,fixture-17,3.6,2.134951591491699,8
no_crossscale,101,fixture-17,3.8000000000000003,2.3475518226623535,8
no_crossscale,101,fixture-17,4.0,2.565025568008423,8
no_crossscale,101,fixture-17,4.2,2.7838194370269775,8
no_crossscale,101,fixture-17,4.4,3.0060110092163086,8
no_crossscale,101,fixture-17,4.6000000000000005,3.2364492416381836,8
no_crossscale,101,fixture-17,4.800000000000001,3.472752809524536,8
no_crossscale,101,fixture-17,5.0,3.70863676071167,8
no_crossscale,101,fixture-17,5.2,3.945535182952881,8
no_crossscale,101,fixture-17,5.4,4.186276435852051,8
no_crossscale,101,fixture-17,5.6000000000000005,4.430538177490234,8
no_crossscale,101,fixture-17,5.800000000000001,4.683327674865723,8
no_crossscale,101,fixture-17,6.0,4.942924976348877,8
no_crossscale,101,fixture-17,6.2,5.204836845397949,8
no_crossscale,101,fixture-17,6.4,5.470623016357422,8
no_crossscale,101,fixture-17,6.6000000000000005,5.743046760559082,8
no_crossscale,101,fixture-17,6.800000000000001,6.016109466552734,8
no_crossscale,101,fixture-17,7.0,6.28580379486084,8
no_crossscale,101,fixture-17,7.2,6.550046920776367,8
no_crossscale,101,fixture-17,7.4,6.808266639709473,8
no_crossscale,101,fixture-17,7.6000000000000005,7.06161642074585,8
no_crossscale,101,fixture-17,7.800000000000001,7.309084415435791,8
no_crossscale,101,fixture-17,8.0,7.54879093170166,8
no_crossscale,101,fixture-17,8.200000000000001,7.777925968170166,8
no_crossscale,101,fixture-17,8.4,7.999159812927246,8
no_crossscale,101,fixture-17,8.6,8.214868545532227,8
no_crossscale,101,fixture-17,8.8,8.423087120056152,8
no_crossscale,101,fixture-17,9.0,8.625415802001953,8
no_crossscale,101,fixture-17,9.200000000000001,8.82388973236084,8
no_crossscale,101,fixture-17,9.4,9.011743545532227,8
no_crossscale,101,fixture-17,9.600000000000001,9.18914794921875,8
no_crossscale,101,fixture-17,9.8,9.361433029174805,8
no_crossscale,101,fixture-17,10.0,9.527584075927734,8
no_crossscale,101,fixture-17,10.200000000000001,9.685320854187012,8
no_crossscale,101,fixture-17,10.4,9.834026336669922,8
no_crossscale,101,fixture-17,10.600000000000001,9.971918106079102,8
no_crossscale,101,fixture-17,10.8,10.095550537109375,8
no_crossscale,101,fixture-17,11.0,10.208776473999023,8
no_crossscale,101,fixture-17,11.200000000000001,10.311720848083496,8
no_crossscale,101,fixture-17,11.4,10.403343200683594,8
no_crossscale,101,fixture-17,11.600000000000001,10.484090805053711,8
no_crossscale,101,fixture-17,11.8,10.5509033203125,8
no_crossscale,101,fixture-17,12.0,10.60753059387207,8
no_crossscale,101,fixture-17,12.200000000000001,10.657041549682617,8
no_crossscale,101,fixture-17,12.4,10.695037841796875,8
no_crossscale,101,fixture-17,12.600000000000001,10.71745491027832,8
no_crossscale,101,fixture-17,12.8,10.724315643310547,8
no_crossscale,101,fixture-17,13.0,10.71484375,8
no_crossscale,101,fixture-17,13.200000000000001,10.693115234375,8
no_crossscale,101,fixture-17,13.4,10.662957191467285,8
no_crossscale,101,fixture-17,13.600000000000001,10.622513771057129,8
no_crossscale,101,fixture-17,13.8,10.570115089416504,8
no_crossscale,101,fixture-17,14.0,10.509521484375,8
no_crossscale,101,fixture-17,14.200000000000001,10.4420804977417,8
no_crossscale,101,fixture-17,14.4,10.363668441772461,8
no_crossscale,101,fixture-17,14.600000000000001,10.277372360229492,8
no_crossscale,101,fixture-17,14.8,10.185815811157227,8
no_crossscale,101,fixture-17,15.0,10.088536262512207,8
no_crossscale,101,fixture-17,15.200000000000001,9.994858741760254,8
no_crossscale,101,fixture-17,15.4,9.908425331115723,8
no_crossscale,101,fixture-17,15.600000000000001,9.82883071899414,8
no_crossscale,101,fixture-17,15.8,9.756182670593262,8
no_crossscale,101,fixture-17,16.0,9.691959381103516,8
no_crossscale,101,fixture-17,16.2,9.642905235290527,8
no_crossscale,101,fixture-17,16.400000000000002,9.614141464233398,8
no_crossscale,101,fixture-17,16.6,9.60743522644043,8
no_crossscale,101,fixture-17,16.8,9.622421264648438,8
no_crossscale,101,fixture-17,17.0,9.660314559936523,8
no_crossscale,101,fixture-17,17.2,9.724359512329102,8
no_crossscale,101,fixture-17,17.400000000000002,9.816119194030762,8
no_crossscale,101,fixture-17,17.6,9.935416221618652,8
no_crossscale,101,fixture-17,17.8,10.082603454589844,8
no_crossscale,101,fixture-17,18.0,10.253114700317383,8
no_crossscale,101,fixture-17,18.2,10.449546813964844,8
no_crossscale,101,fixture-17,18.400000000000002,10.673073768615723,8
no_crossscale,101,fixture-17,18.6,10.923851013183594,8
no_crossscale,101,fixture-17,18.8,11.20534896850586,8
no_crossscale,101,fixture-17,19.0,11.51907730102539,8
no_crossscale,101,fixture-17,19.200000000000003,11.87159538269043,8
no_crossscale,101,fixture-17,19.400000000000002,12.269120216369629,8
no_crossscale,101,fixture-17,19.6,12.711841583251953,8
no_crossscale,101,fixture-17,19.8,13.194001197814941,8
no_crossscale,101,fixture-17,20.0,13.707745552062988,8
full,101,fixture-14,0.2,0.009145239368081093,10
full,101,fixture-14,0.4,0.030080577358603477,10
full,101,fixture-14,0.6000000000000001,0.0630369633436203,10
full,101,fixture-14,0.8,0.10270748287439346,10
full,101,fixture-14,1.0,0.15152938663959503,10
full,101,fixture-14,1.2000000000000002,0.21262678503990173,10
full,101,fixture-14,1.4000000000000001,0.2858726382255554,10
full,101,fixture-14,1.6,0.37344256043434143,10
full,101,fixture-14,1.8,0.46969565749168396,10
full,101,fixture-14,2.0,0.5713193416595459,10
full,101,fixture-14,2.2,0.6794744729995728,10
full,101,fixture-14,2.4000000000000004,0.7987514734268188,10
full,101,fixture-14,2.6,0.9341337084770203,10
full,101,fixture-14,2.8000000000000003,1.0812970399856567,10
full,101,fixture-14,3.0,1.2444390058517456,10
full,101,fixture-14,3.2,1.4284725189208984,10
full,101,fixture-14,3.4000000000000004,1.6257352828979492,10
full,101,fixture-14,3.6,1.841646432876587,10
full,101,fixture-14,3.8000000000000003,2.078052043914795,10
full,101,fixture-14,4.0,2.3294081687927246,10
full,101,fixture-14,4.2,2.59790301322937,10
full,101,fixture-14,4.4,2.887157917022705,10
full,101,fixture-14,4.6000000000000005,3.191852569580078,10
full,101,fixture-14,4.800000000000001,3.510953903198242,10
full,101,fixture-14,5.0,3.8491244316101074,10
full,101,fixture-14,5.2,4.207697868347168,10
full,101,fixture-14,5.4,4.586743354797363,10
full,101,fixture-14,5.6000000000000005,4.985159397125244,10
full,101,fixture-14,5.800000000000001,5.401587963104248,10
full,101,fixture-14,6.0,5.835358619689941,10
full,101,fixture-14,6.2,6.285304069519043,10
full,101,fixture-14,6.4,6.749576568603516,10
full,101,fixture-14,6.6000000000000005,7.229450225830078,10
full,101,fixture-14,6.800000000000001,7.731207847595215,10
full,101,fixture-14,7.0,8.251548767089844,10
full,101,fixture-14,7.2,8.781039237976074,10
full,101,fixture-14,7.4,9.325139999389648,10
full,101,fixture-14,7.6000000000000005,9.890573501586914,10
full,101,fixture-14,7.800000000000001,10.475432395935059,10
full,101,fixture-14,8.0,11.074675559997559,10
full,101,fixture-14,8.200000000000001,11.691495895385742,10
full,101,fixture-14,8.4,12.32812213897705,10
full,101,fixture-14,8.6,12.981706619262695,10
full,101,fixture-14,8.8,13.649020195007324,10
full,101,fixture-14,9.0,14.329994201660156,10
full,101,fixture-14,9.200000000000001,15.0272216796875,10
full,101,fixture-14,9.4,15.735369682312012,10
full,101,fixture-14,9.600000000000001,16.453617095947266,10
full,101,fixture-14,9.8,17.184337615966797,10
full,101,fixture-14,10.0,17.924219131469727,10
full,101,fixture-14,10.200000000000001,18.671497344970703,10
full,101,fixture-14,10.4,19.428197860717773,10
full,101,fixture-14,10.600000000000001,20.19427490234375,10
full,101,fixture-14,10.8,20.966873168945312,10
full,101,fixture-14,11.0,21.749094009399414,10
full,101,fixture-14,11.200000000000001,22.53755760192871,10
full,101,fixture-14,11.4,23.330272674560547,10
full,101,fixture-14,11.600000000000001,24.132396697998047,10
full,101,fixture-14,11.8,24.943912506103516,10
full,101,fixture-14,12.0,25.76776695251465,10
full,101,fixture-14,12.200000000000001,26.605722427368164,10
full,101,fixture-14,12.4,27.454086303710938,10
full,101,fixture-14,12.600000000000001,28.306568145751953,10
full,101,fixture-14,12.8,29.159305572509766,10
full,101,fixture-14,13.0,30.010997772216797,10
full,101,fixture-14,13.200000000000001,30.86294937133789,10
full,101,fixture-14,13.4,31.71722984313965,10
full,101,fixture-14,13.600000000000001,32.570186614990234,10
full,101,fixture-14,13.8,33.41822814941406,10
full,101,fixture-14,14.0,34.26167297363281,10
full,101,fixture-14,14.200000000000001,35.10179138183594,10
full,101,fixture-14,14.4,35.93933868408203,10
full,101,fixture-14,14.600000000000001,36.7733268737793,10
full,101,fixture-14,14.8,37.604530334472656,10
full,101,fixture-14,15.0,38.4302864074707,10
full,101,fixture-14,15.200000000000001,39.25666427612305,10
full,101,fixture-14,15.4,40.086830139160156,10
full,101,fixture-14,15.600000000000001,40.91178894042969,10
full,101,fixture-14,15.8,41.72911834716797,10
full,101,fixture-14,16.0,42.54024124145508,10
full,101,fixture-14,16.2,43.34503936767578,10
full,101,fixture-14,16.400000000000002,44.14060592651367,10
full,101,fixture-14,16.6,44.923797607421875,10
full,101,fixture-14,16.8,45.69589614868164,10
full,101,fixture-14,17.0,46.45801544189453,10
full,101,fixture-14,17.2,47.2125244140625,10
full,101,fixture-14,17.400000000000002,47.96194076538086,10
full,101,fixture-14,17.6,48.699974060058594,10
full,101,fixture-14,17.8,49.42400360107422,10
full,101,fixture-14,18.0,50.13416290283203,10
full,101,fixture-14,18.2,50.83351516723633,10
full,101,fixture-14,18.400000000000002,51.52063751220703,10
full,101,fixture-14,18.6,52.19456100463867,10
full,101,fixture-14,18.8,52.86002731323242,10
full,101,fixture-14,19.0,53.51225662231445,10
full,101,fixture-14,19.200000000000003,54.149253845214844,10
full,101,fixture-14,19.400000000000002,54.77239990234375,10
full,101,fixture-14,19.6,55.380714416503906,10
full,101,fixture-14,19.8,55.97236251831055,10
full,101,fixture-14,20.0,56.547576904296875,10
full,101,fixture-15,0.2,0.017216678708791733,10
full,101,fixture-15,0.4,0.053478408604860306,10
full,101,fixture-15,0.6000000000000001,0.10561555624008179,10
full,101,fixture-15,0.8,0.1719798445701599,10
full,101,fixture-15,1.0,0.25344306230545044,10
full,101,fixture-15,1.2000000000000002,0.3497060537338257,10
full,101,fixture-15,1.4000000000000001,0.4642118513584137,10
full,101,fixture-15,1.6,0.60072261095047,10
full,101,fixture-15,1.8,0.751130223274231,10
full,101,fixture-15,2.0,0.9127712249755859,10
full,101,fixture-15,2.2,1.0936049222946167,10
full,101,fixture-15,2.4000000000000004,1.2953327894210815,10
full,101,fixture-15,2.6,1.5164180994033813,10
full,101,fixture-15,2.8000000000000003,1.7574561834335327,10
full,101,fixture-15,3.0,2.0174689292907715,10
full,101,fixture-15,3.2,2.296475887298584,10
full,101,fixture-15,3.4000000000000004,2.59482479095459,10
full,101,fixture-15,3.6,2.9128060340881348,10
full,101,fixture-15,3.8000000000000003,3.249511241912842,10
full,101,fixture-15,4.0,3.6024906635284424,10
full,101,fixture-15,4.2,3.970146894454956,10
full,101,fixture-15,4.4,4.350761413574219,10
full,101,fixture-15,4.6000000000000005,4.747786521911621,10
full,101,fixture-15,4.800000000000001,5.166630744934082,10
full,101,fixture-15,5.0,5.603115081787109,10
full,101,fixture-15,5.2,6.054774284362793,10
full,101,fixture-15,5.4,6.52338171005249,10
full,101,fixture-15,5.6000000000000005,7.005314826965332,10
full,101,fixture-15,5.800000000000001,7.497155666351318,10
full,101,fixture-15,6.0,7.997796058654785,10
full,101,fixture-15,6.2,8.507773399353027,10
full,101,fixture-15,6.4,9.02951717376709,10
full,101,fixture-15,6.6000000000000005,9.5650053024292,10
full,101,fixture-15,6.800000000000001,10.112123489379883,10
full,101,fixture-15,7.0,10.66618537902832,10
full,101,fixture-15,7.2,11.228391647338867,10
full,101,fixture-15,7.4,11.801816940307617,10
full,101,fixture-15,7.6000000000000005,12.386476516723633,10
full,101,fixture-15,7.800000000000001,12.981344223022461,10
full,101,fixture-15,8.0,13.580015182495117,10
full,101,fixture-15,8.200000000000001,14.182456970214844,10
full,101,fixture-15,8.4,14.792765617370605,10
full,101,fixture-15,8.6,15.410632133483887,10
full,101,fixture-15,8.8,16.034900665283203,10
full,101,fixture-15,9.0,16.663692474365234,10
full,101,fixture-15,9.200000000000001,17.296091079711914,10
full,101,fixture-15,9.4,17.932737350463867,10
full,101,fixture-15,9.600000000000001,18.57745361328125,10
full,101,fixture-15,9.8,19.224578857421875,10
full,101,fixture-15,10.0,19.870615005493164,10
full,101,fixture-15,10.200000000000001,20.520593643188477,10
full,101,fixture-15,10.4,21.17125129699707,10
full,101,fixture-15,10.600000000000001,21.821348190307617,10
full,101,fixture-15,10.8,22.470531463623047,10
full,101,fixture-15,11.0,23.113187789916992,10
full,101,fixture-15,11.200000000000001,23.751564025878906,10
full,101,fixture-15,11.4,24.389732360839844,10
full,101,fixture-15,11.600000000000001,25.024324417114258,10
full,101,fixture-15,11.8,25.657184600830078,10
full,101,fixture-15,12.0,26.28887939453125,10
full,101,fixture-15,12.200000000000001,26.912893295288086,10
full,101,fixture-15,12.4,27.528827667236328,10
full,101,fixture-15,12.600000000000001,28.141626358032227,10
full,101,fixture-15,12.8,28.753311157226562,10
full,101,fixture-15,13.0,29.356624603271484,10
full,101,fixture-15,13.200000000000001,29.950759887695312,10
full,101,fixture-15,13.4,30.542724609375,10
full,101,fixture-15,13.600000000000001,31.127796173095703,10
full,101,fixture-15,13.8,31.70245933532715,10
full,101,fixture-15,14.0,32.26935958862305,10
full,101,fixture-15,14.200000000000001,32.83025360107422,10
full,101,fixture-15,14.4,33.38211441040039,10
full,101,fixture-15,14.600000000000001,33.92301559448242,10
full,101,fixture-15,14.8,34.45627212524414,10
full,101,fixture-15,15.0,34.981201171875,10
full,101,fixture-15,15.200000000000001,35.49652862548828,10
full,101,fixture-15,15.4,36.001861572265625,10
full,101,fixture-15,15.600000000000001,36.498985290527344,10
full,101,fixture-15,15.8,36.98970413208008,10
full,101,fixture-15,16.0,37.4723014831543,10
full,101,fixture-15,16.2,37.94446563720703,10
full,101,fixture-15,16.400000000000002,38.404258728027344,10
full,101,fixture-15,16.6,38.855445861816406,10
full,101,fixture-15,16.8,39.29693603515625,10
full,101,fixture-15,17.0,39.72435760498047,10
full,101,fixture-15,17.2,40.13483810424805,10
full,101,fixture-15,17.400000000000002,40.526092529296875,10
full,101,fixture-15,17.6,40.90123748779297,10
full,101,fixture-15,17.8,41.2638053894043,10
full,101,fixture-15,18.0,41.61680221557617,10
full,101,fixture-15,18.2,41.95949172973633,10
full,101,fixture-15,18.400000000000002,42.291873931884766,10
full,101,fixture-15,18.6,42.61479949951172,10
full,101,fixture-15,18.8,42.92226028442383,10
full,101,fixture-15,19.0,43.21126174926758,10
full,101,fixture-15,19.200000000000003,43.485008239746094,10
full,101,fixture-15,19.400000000000002,43.74156951904297,10
full,101,fixture-15,19.6,43.98197555541992,10
full,101,fixture-15,19.8,44.20643997192383,10
full,101,fixture-15,20.0,44.41673278808594,10
full,101,fixture-16,0.2,0.00986497849225998,7
full,101,fixture-16,0.4,0.0288869459182024,7
full,101,fixture-16,0.6000000000000001,0.054761409759521484,7
full,101,fixture-16,0.8,0.08944345265626907,7
full,101,fixture-16,1.0,0.1325194537639618,7
full,101,fixture-16,1.2000000000000002,0.1809251308441162,7
full,101,fixture-16,1.4000000000000001,0.23735608160495758,7
full,101,fixture-16,1.6,0.30318209528923035,7
full,101,fixture-16,1.8,0.3797540068626404,7
full,101,fixture-16,2.0,0.4746558368206024,7
full,101,fixture-16,2.2,0.5880475640296936,7
full,101,fixture-16,2.4000000000000004,0.7165193557739258,7
full,101,fixture-16,2.6,0.8611409068107605,7
full,101,fixture-16,2.8000000000000003,1.015584111213684,7
full,101,fixture-16,3.0,1.1844919919967651,7
full,101,fixture-16,3.2,1.3699591159820557,7
full,101,fixture-16,3.4000000000000004,1.5718923807144165,7
full,101,fixture-16,3.6,1.7879451513290405,7
full,101,fixture-16,3.8000000000000003,2.016932964324951,7
full,101,fixture-16,4.0,2.261870861053467,7
full,101,fixture-16,4.2,2.5237269401550293,7
full,101,fixture-16,4.4,2.802051067352295,7
full,101,fixture-16,4.6000000000000005,3.0930230617523193,7
full,101,fixture-16,4.800000000000001,3.39786958694458,7
full,101,fixture-16,5.0,3.7207374572753906,7
full,101,fixture-16,5.2,4.058363437652588,7
full,101,fixture-16,5.4,4.408300876617432,7
full,101,fixture-16,5.6000000000000005,4.771499156951904,7
full,101,fixture-16,5.800000000000001,5.151753902435303,7
full,101,fixture-16,6.0,5.556112766265869,7
full,101,fixture-16,6.2,5.98284912109375,7
full,101,fixture-16,6.4,6.424459934234619,7
full,101,fixture-16,6.6000000000000005,6.877533912658691,7
full,101,fixture-16,6.800000000000001,7.337346076965332,7
full,101,fixture-16,7.0,7.7992472648620605,7
full,101,fixture-16,7.2,8.26916217803955,7
full,101,fixture-16,7.4,8.74864387512207,7
full,101,fixture-16,7.6000000000000005,9.237388610839844,7
full,101,fixture-16,7.800000000000001,9.73388957977295,7
full,101,fixture-16,8.0,10.239100456237793,7
full,101,fixture-16,8.200000000000001,10.74749755859375,7
full,101,fixture-16,8.4,11.254003524780273,7
full,101,fixture-16,8.6,11.765740394592285,7
full,101,fixture-16,8.8,12.286478996276855,7
full,101,fixture-16,9.0,12.815789222717285,7
full,101,fixture-16,9.200000000000001,13.351280212402344,7
full,101,fixture-16,9.4,13.89366626739502,7
full,101,fixture-16,9.600000000000001,14.440874099731445,7
full,101,fixture-16,9.8,14.98929500579834,7
full,101,fixture-16,10.0,15.53862476348877,7
full,101,fixture-16,10.200000000000001,16.087249755859375,7
full,101,fixture-16,10.4,16.6352596282959,7
full,101,fixture-16,10.600000000000001,17.189603805541992,7
full,101,fixture-16,10.8,17.750110626220703,7
full,101,fixture-16,11.0,18.314083099365234,7
full,101,fixture-16,11.200000000000001,18.878154754638672,7
full,101,fixture-16,11.4,19.437013626098633,7
full,101,fixture-16,11.600000000000001,19.99069595336914,7
full,101,fixture-16,11.8,20.538280487060547,7
full,101,fixture-16,12.0,21.076370239257812,7
full,101,fixture-16,12.200000000000001,21.610246658325195,7
full,101,fixture-16,12.4,22.148286819458008,7
full,101,fixture-16,12.600000000000001,22.686758041381836,7
full,101,fixture-16,12.8,23.22243309020996,7
full,101,fixture-16,13.0,23.758258819580078,7
full,101,fixture-16,13.200000000000001,24.2904109954834,7
full,101,fixture-16,13.4,24.815656661987305,7
full,101,fixture-16,13.600000000000001,25.334009170532227,7
full,101,fixture-16,13.8,25.848546981811523,7
full,101,fixture-16,14.0,26.359909057617188,7
full,101,fixture-16,14.200000000000001,26.859907150268555,7
full,101,fixture-16,14.4,27.354007720947266,7
full,101,fixture-16,14.600000000000001,27.84715461730957,7
full,101,fixture-16,14.8,28.333498001098633,7
full,101,fixture-16,15.0,28.80861473083496,7
full,101,fixture-16,15.200000000000001,29.270986557006836,7
full,101,fixture-16,15.4,29.718612670898438,7
full,101,fixture-16,15.600000000000001,30.1513729095459,7
full,101,fixture-16,15.8,30.569042205810547,7
full,101,fixture-16,16.0,30.970516204833984,7
full,101,fixture-16,16.2,31.358184814453125,7
full,101,fixture-16,16.400000000000002,31.728397369384766,7
full,101,fixture-16,16.6,32.07742691040039,7
full,101,fixture-16,16.8,32.40749740600586,7
full,101,fixture-16,17.0,32.719478607177734,7
full,101,fixture-16,17.2,33.01702117919922,7
full,101,fixture-16,17.400000000000002,33.30097198486328,7
full,101,fixture-16,17.6,33.565399169921875,7
full,101,fixture-16,17.8,33.813499450683594,7
full,101,fixture-16,18.0,34.048553466796875,7
full,101,fixture-16,18.2,34.26530838012695,7
full,101,fixture-16,18.400000000000002,34.46381378173828,7
full,101,fixture-16,18.6,34.638790130615234,7
full,101,fixture-16,18.8,34.78647232055664,7
full,101,fixture-16,19.0,34.91218948364258,7
full,101,fixture-16,19.200000000000003,35.018775939941406,7
full,101,fixture-16,19.400000000000002,35.108314514160156,7
full,101,fixture-16,19.6,35.183101654052734,7
full,101,fixture-16,19.8,35.241493225097656,7
full,101,fixture-16,20.0,35.28335952758789,7
full,101,fixture-17,0.2,0.010317064821720123,8
full,101,fixture-17,0.4,0.027395565062761307,8
full,101,fixture-17,0.6000000000000001,0.05645104497671127,8
full,101,fixture-17,0.8,0.1020609512925148,8
full,101,fixture-17,1.0,0.1637883186340332,8
full,101,fixture-17,1.2000000000000002,0.23534592986106873,8
full,101,fixture-17,1.4000000000000001,0.3170594871044159,8
full,101,fixture-17,1.6,0.4135422706604004,8
full,101,fixture-17,1.8,0.5296847224235535,8
full,101,fixture-17,2.0,0.661200225353241,8
full,101,fixture-17,2.2,0.8012847900390625,8
full,101,fixture-17,2.4000000000000004,0.953426718711853,8
full,101,fixture-17,2.6,1.1212551593780518,8
full,101,fixture-17,2.8000000000000003,1.3038227558135986,8
full,101,fixture-17,3.0,1.5003520250320435,8
full,101,fixture-17,3.2,1.7101657390594482,8
full,101,fixture-17,3.4000000000000004,1.929664134979248,8
full,101,fixture-17,3.6,2.1535556316375732,8
full,101,fixture-17,3.8000000000000003,2.3808364868164062,8
full,101,fixture-17,4.0,2.621145486831665,8
full,101,fixture-17,4.2,2.8778109550476074,8
full,101,fixture-17,4.4,3.142714023590088,8
full,101,fixture-17,4.6000000000000005,3.4134879112243652,8
full,101,fixture-17,4.800000000000001,3.692683219909668,8
full,101,fixture-17,5.0,3.976472854614258,8
full,101,fixture-17,5.2,4.26364278793335,8
full,101,fixture-17,5.4,4.55760383605957,8
full,101,fixture-17,5.6000000000000005,4.855632781982422,8
full,101,fixture-17,5.800000000000001,5.155478477478027,8
full,101,fixture-17,6.0,5.4635396003723145,8
full,101,fixture-17,6.2,5.78035831451416,8
full,101,fixture-17,6.4,6.099391937255859,8
full,101,fixture-17,6.6000000000000005,6.422845840454102,8
full,101,fixture-17,6.800000000000001,6.75811243057251,8
full,101,fixture-17,7.0,7.10066032409668,8
full,101,fixture-17,7.2,7.443811893463135,8
full,101,fixture-17,7.4,7.788753986358643,8
full,101,fixture-17,7.6000000000000005,8.140110969543457,8
full,101,fixture-17,7.800000000000001,8.493616104125977,8
full,101,fixture-17,8.0,8.843993186950684,8
full,101,fixture-17,8.200000000000001,9.194814682006836,8
full,101,fixture-17,8.4,9.543096542358398,8
full,101,fixture-17,8.6,9.887207984924316,8
full,101,fixture-17,8.8,10.226430892944336,8
full,101,fixture-17,9.0,10.560895919799805,8
full,101,fixture-17,9.200000000000001,10.88845443725586,8
full,101,fixture-17,9.4,11.206695556640625,8
full,101,fixture-17,9.600000000000001,11.518732070922852,8
full,101,fixture-17,9.8,11.826305389404297,8
full,101,fixture-17,10.0,12.123342514038086,8
full,101,fixture-17,10.200000000000001,12.410338401794434,8
full,101,fixture-17,10.4,12.69243335723877,8
full,101,fixture-17,10.600000000000001,12.96725845336914,8
full,101,fixture-17,10.8,13.231849670410156,8
full,101,fixture-17,11.0,13.488825798034668,8
full,101,fixture-17,11.200000000000001,13.744584083557129,8
full,101,fixture-17,11.4,13.991833686828613,8
full,101,fixture-17,11.600000000000001,14.224496841430664,8
full,101,fixture-17,11.8,14.446165084838867,8
full,101,fixture-17,12.0,14.65554428100586,8
full,101,fixture-17,12.200000000000001,14.850959777832031,8
full,101,fixture-17,12.4,15.034028053283691,8
full,101,fixture-17,12.600000000000001,15.20760440826416,8
full,101,fixture-17,12.8,15.373538970947266,8
full,101,fixture-17,13.0,15.527225494384766,8
full,101,fixture-17,13.200000000000001,15.662156105041504,8
full,101,fixture-17,13.4,15.778181076049805,8
full,101,fixture-17,13.600000000000001,15.877950668334961,8
full,101,fixture-17,13.8,15.957376480102539,8
full,101,fixture-17,14.0,16.018238067626953,8
full,101,fixture-17,14.200000000000001,16.066688537597656,8
full,101,fixture-17,14.4,16.09648895263672,8
full,101,fixture-17,14.600000000000001,16.101987838745117,8
full,101,fixture-17,14.8,16.091758728027344,8
full,101,fixture-17,15.0,16.066017150878906,8
full,101,fixture-17,15.200000000000001,16.022184371948242,8
full,101,fixture-17,15.4,15.965856552124023,8
full,101,fixture-17,15.600000000000001,15.891695022583008,8
full,101,fixture-17,15.8,15.79731273651123,8
full,101,fixture-17,16.0,15.683524131774902,8
full,101,fixture-17,16.2,15.550095558166504,8
full,101,fixture-17,16.400000000000002,15.39825439453125,8
full,101,fixture-17,16.6,15.227771759033203,8
full,101,fixture-17,16.8,15.038491249084473,8
full,101,fixture-17,17.0,14.831831932067871,8
full,101,fixture-17,17.2,14.614809036254883,8
full,101,fixture-17,17.400000000000002,14.383060455322266,8
full,101,fixture-17,17.6,14.133801460266113,8
full,101,fixture-17,17.8,13.879190444946289,8
full,101,fixture-17,18.0,13.653600692749023,8
full,101,fixture-17,18.2,13.473332405090332,8
full,101,fixture-17,18.400000000000002,13.30589485168457,8
full,101,fixture-17,18.6,13.132224082946777,8
full,101,fixture-17,18.8,12.948064804077148,8
full,101,fixture-17,19.0,12.756606101989746,8
full,101,fixture-17,19.200000000000003,12.559691429138184,8
full,101,fixture-17,19.400000000000002,12.357979774475098,8
full,101,fixture-17,19.6,12.154033660888672,8
full,101,fixture-17,19.8,11.954334259033203,8
full,101,fixture-17,20.0,11.76833724975586,8
