seed,model,family_id,scenario,plan,predicted_cost,true_cost
101,A_original,0,intersection,0,15.251874145567417,5.40367926120758
101,A_original,0,intersection,1,13.879487738311292,4.082182053029537
101,A_original,0,intersection,2,13.471617466807364,3.302841632664204
101,A_original,0,intersection,3,13.882925097346304,4.178498279452324
101,A_original,0,intersection,4,11.46607331097126,2.8570011891424656
101,A_original,0,intersection,5,11.12343171298504,2.277660755962133
101,A_original,0,intersection,6,13.473454794883729,3.865405924618244
101,A_original,0,intersection,7,11.125042173266412,2.7439087849855417
101,A_original,0,intersection,8,10.731390180885793,2.164568369090557
101,A_original,0,intersection,9,13.216711312830448,5.171566106677055
101,A_original,0,intersection,10,12.609062919020651,3.96498188406229
101,A_original,0,intersection,11,13.408051575422288,3.6479344835877416
101,A_original,0,intersection,12,12.610660176873209,4.063585322499275
101,A_original,0,intersection,13,12.289288868010043,3.1122452284395687
101,A_original,0,intersection,14,12.25996580928564,2.7399537812173365
101,A_original,0,intersection,15,13.409970491826533,3.615621940195561
101,A_original,0,intersection,16,12.25960181891918,2.6090377521514894
101,A_original,0,intersection,17,12.576143631339074,2.491990420520305
101,A_original,1,merge,0,13.567621482759714,17.5266430658102
101,A_original,1,merge,1,12.672721145004031,7.764676684141159
101,A_original,1,merge,2,12.029053877443076,7.0281030294299125
101,A_original,1,merge,3,12.614348941743373,10.517271133363248
101,A_original,1,merge,4,7.609611936956643,15.084119926393033
101,A_original,1,merge,5,7.1775858533382415,6.0179465647041805
101,A_original,1,merge,6,11.956400401741266,9.936150544583796
101,A_original,1,merge,7,7.103438097834586,10.502999374419453
101,A_original,1,merge,8,6.68853409960866,15.036826131492855
101,A_original,1,merge,9,10.67738180756569,17.28726105898619
101,A_original,1,merge,10,10.322113831788302,7.647608880996705
101,A_original,1,merge,11,12.0700425042212,7.1867372173070905
101,A_original,1,merge,12,10.314787260740996,10.394159202575684
101,A_original,1,merge,13,9.142734884917736,11.3602927801013
101,A_original,1,merge,14,9.084076728224757,6.893899259716274
101,A_original,1,merge,15,12.053181406855582,10.073801727294924
101,A_original,1,merge,16,9.049652896225451,11.36376250937581
101,A_original,1,merge,17,9.105558506101367,15.57354197949171
101,A_original,2,intersection,0,14.592603398263456,6.964779970943928
101,A_original,2,intersection,1,13.273205961585044,5.648947336375714
101,A_original,2,intersection,2,12.898065243661405,5.268729718625545
101,A_original,2,intersection,3,13.25807414352894,5.767095889747143
101,A_original,2,intersection,4,11.115686918795108,4.59572134256363
101,A_original,2,intersection,5,10.802888314723967,4.215503664314747
101,A_original,2,intersection,6,12.870564289987088,5.19922522932291
101,A_original,2,intersection,7,10.795254164338113,4.0278505808115
101,A_original,2,intersection,8,10.429606178998949,3.647632963359356
101,A_original,2,intersection,9,12.691566530168055,6.722994357943536
101,A_original,2,intersection,10,12.112137288451194,5.528330689966678
101,A_original,2,intersection,11,12.824704312682153,5.619907987415791
101,A_original,2,intersection,12,12.10693844586611,5.644694434702396
101,A_original,2,intersection,13,11.850633693933489,4.665997717082501
101,A_original,2,intersection,14,11.838144886493684,4.68729865193367
101,A_original,2,intersection,15,12.816351199150086,5.55133280813694
101,A_original,2,intersection,16,11.835388852953912,4.502359759509563
101,A_original,2,intersection,17,12.158724184036254,4.593936931788922
101,A_original,3,merge,0,13.724092120379208,9.460543373078108
101,A_original,3,merge,1,12.791791729480028,8.076824859380721
101,A_original,3,merge,2,12.133159264028071,7.589520319402218
101,A_original,3,merge,3,12.834376577585935,11.749505444765092
101,A_original,3,merge,4,7.727606755346059,7.165786979645491
101,A_original,3,merge,5,7.217775821238757,6.414983852952719
101,A_original,3,merge,6,12.18515140131116,9.765159908235074
101,A_original,3,merge,7,7.259851933568715,13.181441620886323
101,A_original,3,merge,8,6.759761199951172,6.230638389140367
101,A_original,3,merge,9,10.81398593083024,9.220316019654277
101,A_original,3,merge,10,10.475064953267571,7.95290136307478
101,A_original,3,merge,11,12.226648594886065,7.725901375561952
101,A_original,3,merge,12,10.483397554308176,11.633201623260971
101,A_original,3,merge,13,9.295792068243026,10.417691192924975
101,A_original,3,merge,14,9.174944672286513,6.676730789095164
101,A_original,3,merge,15,12.232804080247876,9.923426889479162
101,A_original,3,merge,16,9.187338529676198,11.056012399196623
101,A_original,3,merge,17,9.207048375606536,6.766956169754266
101,A_original,4,intersection,0,15.012611246407031,4.202493136525154
101,A_original,4,intersection,1,13.65334281206131,3.0050934958457947
101,A_original,4,intersection,2,13.266754204332829,3.0167469030618665
101,A_original,4,intersection,3,13.649155052900314,2.931670106500387
101,A_original,4,intersection,4,11.3911890155077,3.1342706467211245
101,A_original,4,intersection,5,11.064073211550712,2.6841714841127398
101,A_original,4,intersection,6,13.260357848405835,2.185413604527712
101,A_original,4,intersection,7,11.063335346877578,2.112666252255439
101,A_original,4,intersection,8,10.682579567730428,3.5423305293917653
101,A_original,4,intersection,9,13.052931527793408,4.163066649436951
101,A_original,4,intersection,10,12.45266560703516,2.885495829582214
101,A_original,4,intersection,11,13.20210290670395,2.965182166397572
101,A_original,4,intersection,12,12.450923062860966,2.811841421574354
101,A_original,4,intersection,13,12.162103706598282,3.5980552156269545
101,A_original,4,intersection,14,12.1373811596632,2.752204330861568
101,A_original,4,intersection,15,13.20262973189354,2.5316523469984533
101,A_original,4,intersection,16,12.13944656163454,2.8198652672767635
101,A_original,4,intersection,17,12.461103627979757,2.819275255799293
101,A_original,5,merge,0,13.5546239349246,11.706590532660485
101,A_original,5,merge,1,12.591251069307326,9.177582334280014
101,A_original,5,merge,2,11.934442654699083,8.597210662811996
101,A_original,5,merge,3,12.639862553328276,14.534276909679177
101,A_original,5,merge,4,7.646068131178618,9.9546125087142
101,A_original,5,merge,5,7.162126138359309,7.574240881353616
101,A_original,5,merge,6,11.991611308008432,11.339886188656092
101,A_original,5,merge,7,7.200508577376604,18.56022201269865
101,A_original,5,merge,8,6.729316469728947,8.979850216954947
101,A_original,5,merge,9,10.683194028437136,11.459850373119114
101,A_original,5,merge,10,10.31260159060359,8.995180346667766
101,A_original,5,merge,11,12.030695475041869,8.676893352121116
101,A_original,5,merge,12,10.328197200596334,14.419282623231412
101,A_original,5,merge,13,9.181436494588851,11.995694368332623
101,A_original,5,merge,14,9.083399254530669,7.836325476169585
101,A_original,5,merge,15,12.038209170401096,11.558053367733956
101,A_original,5,merge,16,9.088976290673015,18.89338336989284
101,A_original,5,merge,17,9.138989038318396,9.57509630084038
101,A_original,6,intersection,0,14.614052357673645,8.77326269030571
101,A_original,6,intersection,1,13.299065614640714,5.68357398852706
101,A_original,6,intersection,2,12.919421754479409,7.365464288443327
101,A_original,6,intersection,3,13.285414384007456,4.27373497709632
101,A_original,6,intersection,4,11.107182331979274,3.9746253646910192
101,A_original,6,intersection,5,10.79067870438099,3.579112360924482
101,A_original,6,intersection,6,12.891676846444604,3.920879315584898
101,A_original,6,intersection,7,10.782734899520875,3.654747807234525
101,A_original,6,intersection,8,10.41504702538252,3.0820774658024312
101,A_original,6,intersection,9,12.696685994565486,8.536228570342065
101,A_original,6,intersection,10,12.120616405308247,5.565752346366644
101,A_original,6,intersection,11,12.844152642190457,7.915982845872641
101,A_original,6,intersection,12,12.11642738252878,4.1545225279033176
101,A_original,6,intersection,13,11.851852803826333,4.639134363681078
101,A_original,6,intersection,14,11.838823044002057,4.247452440112829
101,A_original,6,intersection,15,12.834886555969714,4.277270852178335
101,A_original,6,intersection,16,11.83404538869858,4.130351782292127
101,A_original,6,intersection,17,12.152741410434244,4.22602155700326
101,A_original,7,merge,0,13.086439621299505,7.24296961441636
101,A_original,7,merge,1,12.140752027332784,5.212464449554681
101,A_original,7,merge,2,11.51956586584449,4.545427698045969
101,A_original,7,merge,3,12.109765330553056,5.225212950855493
101,A_original,7,merge,4,7.270231392085552,5.594707935899496
101,A_original,7,merge,5,6.884184904098511,5.727671198397875
101,A_original,7,merge,6,11.48081751614809,4.339899025410414
101,A_original,7,merge,7,6.85619228258729,2.3093937972187994
101,A_original,7,merge,8,6.482239061146975,4.430784521251917
101,A_original,7,merge,9,10.284489336311816,6.987528176903724
101,A_original,7,merge,10,9.884677509367467,5.082299024313688
101,A_original,7,merge,11,11.589178006350997,4.689960493892432
101,A_original,7,merge,12,9.879354796409608,5.099936889559031
101,A_original,7,merge,13,8.759898208975793,4.05779290497303
101,A_original,7,merge,14,8.736271293759346,8.802369409650565
101,A_original,7,merge,15,11.57423538789153,4.495827057808638
101,A_original,7,merge,16,8.719976860880852,2.5905980125069616
101,A_original,7,merge,17,8.832910324037075,4.998259509950876
101,A_original,8,intersection,0,14.928882993459704,6.255842241942883
101,A_original,8,intersection,1,13.585823687016964,6.856114413887262
101,A_original,8,intersection,2,13.201578393280506,7.849650386124849
101,A_original,8,intersection,3,13.580754616856575,4.140318610221148
101,A_original,8,intersection,4,11.312389367222789,3.110257702469825
101,A_original,8,intersection,5,10.9859366363287,2.422224518060684
101,A_original,8,intersection,6,13.177852095663548,3.7950452055037016
101,A_original,8,intersection,7,10.976954751610757,2.50792825192213
101,A_original,8,intersection,8,10.597139860391618,2.167208398878574
101,A_original,8,intersection,9,12.964871093928814,6.006679644286632
101,A_original,8,intersection,10,12.374711391925812,6.728385492116212
101,A_original,8,intersection,11,13.126365020573138,7.991535850614309
101,A_original,8,intersection,12,12.376913687586784,4.018884762078524
101,A_original,8,intersection,13,12.08020061224699,3.571128994226456
101,A_original,8,intersection,14,12.059789234101771,2.691838826537132
101,A_original,8,intersection,15,13.121817231178284,4.15074815645814
101,A_original,8,intersection,16,12.053489989042284,2.9863442960381503
101,A_original,8,intersection,17,12.369150395691396,3.979602793753147
101,A_original,9,merge,0,13.375175886750222,6.645314110219478
101,A_original,9,merge,1,12.440866151303052,7.869804574251175
101,A_original,9,merge,2,11.798928540050984,7.195165332853795
101,A_original,9,merge,3,12.392089695483444,5.708036426454783
101,A_original,9,merge,4,7.464620082229375,3.332526750415564
101,A_original,9,merge,5,7.044230082631112,8.057887446880342
101,A_original,9,merge,6,11.73893009349704,5.45064827606082
101,A_original,9,merge,7,7.002141284346581,3.2751387283205986
101,A_original,9,merge,8,6.597537185996771,3.0004993215203286
101,A_original,9,merge,9,10.52252297505736,6.411866526901722
101,A_original,9,merge,10,10.129893489181995,7.752735149860382
101,A_original,9,merge,11,11.851469043940304,7.348598859608173
101,A_original,9,merge,12,10.119500648379326,5.591658178418874
101,A_original,9,merge,13,8.972081855982543,3.589328377693892
101,A_original,9,merge,14,8.927147235423327,4.728390340805054
101,A_original,9,merge,15,11.83529240220785,5.596963949054479
101,A_original,9,merge,16,8.910819266885518,3.5378324821591374
101,A_original,9,merge,17,8.984548673480749,3.533696027696133
101,A_original,10,intersection,0,14.271258317828178,7.024310186058283
101,A_original,10,intersection,1,12.983400771319866,5.917164995521306
101,A_original,10,intersection,2,12.596064765453338,5.132088463455439
101,A_original,10,intersection,3,12.975703174173832,6.145962555855512
101,A_original,10,intersection,4,10.842887342870236,4.953728255480528
101,A_original,10,intersection,5,10.528905282020569,4.168651907891034
101,A_original,10,intersection,6,12.582676815986632,5.952581635564565
101,A_original,10,intersection,7,10.525470343232154,4.76014657124877
101,A_original,10,intersection,8,10.166469950675966,3.9750702296197415
101,A_original,10,intersection,9,12.39912408977747,6.771930847615003
101,A_original,10,intersection,10,11.83304099917412,5.791387616246938
101,A_original,10,intersection,11,12.525503993034365,5.484257872551679
101,A_original,10,intersection,12,11.83125395834446,6.017883073836566
101,A_original,10,intersection,13,11.571119251847268,5.032373331040144
101,A_original,10,intersection,14,11.552924062907696,4.646598673015833
101,A_original,10,intersection,15,12.526167754232883,6.099645475298166
101,A_original,10,intersection,16,11.555846961140633,5.035289839059114
101,A_original,10,intersection,17,11.86934350669384,4.728160173147917
101,A_original,11,merge,0,13.280265015363693,7.617805186808109
101,A_original,11,merge,1,12.306304298341274,6.4905631005764
101,A_original,11,merge,2,11.660973943024873,6.097492335438727
101,A_original,11,merge,3,12.292415500879288,8.97675896257162
101,A_original,11,merge,4,7.41677346587181,4.649516916424036
101,A_original,11,merge,5,6.994133510142565,4.186503714472055
101,A_original,11,merge,6,11.651482952237131,7.35470412403345
101,A_original,11,merge,7,6.989916604757308,8.93887589558959
101,A_original,11,merge,8,6.582763776779174,3.17682779610157
101,A_original,11,merge,9,10.44565357685089,7.365043036490679
101,A_original,11,merge,10,10.036053385436537,6.365997218489646
101,A_original,11,merge,11,11.733846307098863,6.251465294361115
101,A_original,11,merge,12,10.026266883909702,8.848562778532504
101,A_original,11,merge,13,8.914634631723166,6.92280248567462
101,A_original,11,merge,14,8.863765946626662,4.465042578727006
101,A_original,11,merge,15,11.72643042460084,7.300671831667424
101,A_original,11,merge,16,8.86071860164404,11.61303978547454
101,A_original,11,merge,17,8.948340896517038,3.72953047350049
101,A_original,12,intersection,0,14.707066011726855,7.69602808713913
101,A_original,12,intersection,1,13.392717057168484,4.6870389172434805
101,A_original,12,intersection,2,12.99643781363964,4.310481713712215
101,A_original,12,intersection,3,13.38029564589262,6.684493886232375
101,A_original,12,intersection,4,11.116090051829817,3.675530595779419
101,A_original,12,intersection,5,10.787834570109844,3.2989811536669733
101,A_original,12,intersection,6,12.975359261631963,6.230755891799927
101,A_original,12,intersection,7,10.783026993572712,3.2217925907671447
101,A_original,12,intersection,8,10.407577959895134,2.845243100076913
101,A_original,12,intersection,9,12.759424719810486,7.461358513832092
101,A_original,12,intersection,10,12.183613592684267,4.570208194553852
101,A_original,12,intersection,11,12.924677450656892,4.664482758343219
101,A_original,12,intersection,12,12.179100468158722,6.566655089855193
101,A_original,12,intersection,13,11.88237274736166,3.931378732919693
101,A_original,12,intersection,14,11.85888337224722,3.7698128631711008
101,A_original,12,intersection,15,12.918073912262916,6.588142369389534
101,A_original,12,intersection,16,11.856521430015563,3.69701793089509
101,A_original,12,intersection,17,12.166770957410336,3.791300139576197
101,A_original,13,merge,0,13.24840009868145,8.368071407228708
101,A_original,13,merge,1,12.274106565862894,5.212296314388514
101,A_original,13,merge,2,11.619256892651318,5.386285022944212
101,A_original,13,merge,3,12.29985587507486,8.157828624397515
101,A_original,13,merge,4,7.452438465207815,4.402053368240595
101,A_original,13,merge,5,6.996022736281157,2.744859268218278
101,A_original,13,merge,6,11.65191108390689,7.392195200771093
101,A_original,13,merge,7,7.015126554518937,9.149111776649953
101,A_original,13,merge,8,6.573005991131068,2.962320761531592
101,A_original,13,merge,9,10.418214581608773,8.134829232245684
101,A_original,13,merge,10,10.02728959277272,5.095093274265527
101,A_original,13,merge,11,11.706858661472795,5.529721668809652
101,A_original,13,merge,12,10.033281140774488,8.041789435893298
101,A_original,13,merge,13,8.94605534568429,7.651193958371879
101,A_original,13,merge,14,8.873947632163762,3.0054988278448582
101,A_original,13,merge,15,11.711798696517944,7.542257820814848
101,A_original,13,merge,16,8.876588378846645,11.815213741362095
101,A_original,13,merge,17,8.942947160899639,3.509556334465742
101,A_original,14,intersection,0,14.375436600744726,12.675797506570817
101,A_original,14,intersection,1,13.079214043915272,5.126775380074978
101,A_original,14,intersection,2,12.683053803443908,5.641310444772243
101,A_original,14,intersection,3,13.073925965726376,3.622675401568413
101,A_original,14,intersection,4,10.893765919804574,3.6526090718805793
101,A_original,14,intersection,5,10.571301281750202,3.1551684199273584
101,A_original,14,intersection,6,12.675217961966991,2.728426375240088
101,A_original,14,intersection,7,10.570279219448569,2.424727974236012
101,A_original,14,intersection,8,10.202674042284489,1.959284471273422
101,A_original,14,intersection,9,12.47720446884632,12.44025151371956
101,A_original,14,intersection,10,11.908507792651656,5.008606471717358
101,A_original,14,intersection,11,12.617231070697308,5.990639174878597
101,A_original,14,intersection,12,11.906947391629217,3.5052981919050223
101,A_original,14,intersection,13,11.63778116583824,4.312274882346392
101,A_original,14,intersection,14,11.616786546111106,3.622666060775518
101,A_original,14,intersection,15,12.618363930881022,3.0742572914063926
101,A_original,14,intersection,16,11.619439504146577,2.888981579840183
101,A_original,14,intersection,17,11.930033127963544,2.8977497696876524
101,A_original,15,merge,0,13.542506520301105,21.34205145567656
101,A_original,15,merge,1,12.61683352306485,9.415979005694387
101,A_original,15,merge,2,11.955474226921798,8.828352583944799
101,A_original,15,merge,3,12.626995144039393,10.620240927934644
101,A_original,15,merge,4,7.643296975791454,19.09416889220476
101,A_original,15,merge,5,7.144035964310168,9.306542295962572
101,A_original,15,merge,6,11.968939089924095,10.235844351947309
101,A_original,15,merge,7,7.153266567885876,12.109772199839352
101,A_original,15,merge,8,6.66932287618518,18.322145902216437
101,A_original,15,merge,9,10.657071892023088,21.108557547330854
101,A_original,15,merge,10,10.30948645338416,9.298519745469092
101,A_original,15,merge,11,12.027815631479026,8.972489677965642
101,A_original,15,merge,12,10.311970001757146,10.504206324517726
101,A_original,15,merge,13,9.177533701509237,16.75067715317011
101,A_original,15,merge,14,9.066946802437306,9.568138733357191
101,A_original,15,merge,15,12.029457432329654,10.38476663976908
101,A_original,15,merge,16,9.068397465497256,12.974729112535714
101,A_original,15,merge,17,9.084521244615315,18.84869926810265
101,B_factorial,0,intersection,0,8.565645372569561,5.40367926120758
101,B_factorial,0,intersection,1,7.299800211787224,4.082182053029537
101,B_factorial,0,intersection,2,7.108381537199021,3.302841632664204
101,B_factorial,0,intersection,3,7.300361257344484,4.178498279452324
101,B_factorial,0,intersection,4,5.786020375043154,2.8570011891424656
101,B_factorial,0,intersection,5,5.652444432526827,2.277660755962133
101,B_factorial,0,intersection,6,7.111573218852281,3.865405924618244
101,B_factorial,0,intersection,7,5.653389120995998,2.7439087849855417
101,B_factorial,0,intersection,8,5.528049460351467,2.164568369090557
101,B_factorial,0,intersection,9,7.45588524326682,5.171566106677055
101,B_factorial,0,intersection,10,6.71536565721035,3.96498188406229
101,B_factorial,0,intersection,11,7.175876114815472,3.6479344835877416
101,B_factorial,0,intersection,12,6.715761211365461,4.063585322499275
101,B_factorial,0,intersection,13,6.298058126419782,3.1122452284395687
101,B_factorial,0,intersection,14,6.292705301493407,2.7399537812173365
101,B_factorial,0,intersection,15,7.178267934769392,3.615621940195561
101,B_factorial,0,intersection,16,6.294273286312818,2.6090377521514894
101,B_factorial,0,intersection,17,6.739404798299074,2.491990420520305
101,B_factorial,1,merge,0,9.62923613846302,17.5266430658102
101,B_factorial,1,merge,1,8.439552807062864,7.764676684141159
101,B_factorial,1,merge,2,8.258460146039724,7.0281030294299125
101,B_factorial,1,merge,3,8.445909428000451,10.517271133363248
101,B_factorial,1,merge,4,6.911331350356341,15.084119926393033
101,B_factorial,1,merge,5,6.779449629187584,6.0179465647041805
101,B_factorial,1,merge,6,8.249473407268523,9.936150544583796
101,B_factorial,1,merge,7,6.767269577383996,10.502999374419453
101,B_factorial,1,merge,8,6.637842385768891,15.036826131492855
101,B_factorial,1,merge,9,8.597789540439845,17.28726105898619
101,B_factorial,1,merge,10,7.894178239256144,7.647608880996705
101,B_factorial,1,merge,11,8.341274258494376,7.1867372173070905
101,B_factorial,1,merge,12,7.897668778300285,10.394159202575684
101,B_factorial,1,merge,13,7.411691138744354,11.3602927801013
101,B_factorial,1,merge,14,7.417109542638062,6.893899259716274
101,B_factorial,1,merge,15,8.336908401697874,10.073801727294924
101,B_factorial,1,merge,16,7.403983553200961,11.36376250937581
101,B_factorial,1,merge,17,7.822887675017118,15.57354197949171
101,B_factorial,2,intersection,0,8.563480366915465,6.964779970943928
101,B_factorial,2,intersection,1,7.286992570459842,5.648947336375714
101,B_factorial,2,intersection,2,7.107083849012851,5.268729718625545
101,B_factorial,2,intersection,3,7.287845126539469,5.767095889747143
101,B_factorial,2,intersection,4,5.777787696570158,4.59572134256363
101,B_factorial,2,intersection,5,5.648046294897794,4.215503664314747
101,B_factorial,2,intersection,6,7.110555952191352,5.19922522932291
101,B_factorial,2,intersection,7,5.649116593748331,4.0278505808115
101,B_factorial,2,intersection,8,5.527709697782992,3.647632963359356
101,B_factorial,2,intersection,9,7.457996548861266,6.722994357943536
101,B_factorial,2,intersection,10,6.709752924591303,5.528330689966678
101,B_factorial,2,intersection,11,7.175894187241791,5.619907987415791
101,B_factorial,2,intersection,12,6.710648126155138,5.644694434702396
101,B_factorial,2,intersection,13,6.288737234771252,4.665997717082501
101,B_factorial,2,intersection,14,6.28057901546359,4.68729865193367
101,B_factorial,2,intersection,15,7.178512303084134,5.55133280813694
101,B_factorial,2,intersection,16,6.282027643173933,4.502359759509563
101,B_factorial,2,intersection,17,6.7348013652861125,4.593936931788922
101,B_factorial,3,merge,0,9.650734494179488,9.460543373078108
101,B_factorial,3,merge,1,8.463919095546007,8.076824859380721
101,B_factorial,3,merge,2,8.263120032399893,7.589520319402218
101,B_factorial,3,merge,3,8.466647123992443,11.749505444765092
101,B_factorial,3,merge,4,6.942872548997402,7.165786979645491
101,B_factorial,3,merge,5,6.796967515051365,6.414983852952719
101,B_factorial,3,merge,6,8.276495318114758,9.765159908235074
101,B_factorial,3,merge,7,6.805409120321273,13.181441620886323
101,B_factorial,3,merge,8,6.662073197364807,6.230638389140367
101,B_factorial,3,merge,9,8.617084607332945,9.220316019654277
101,B_factorial,3,merge,10,7.916599050313235,7.95290136307478
101,B_factorial,3,merge,11,8.351223575621843,7.725901375561952
101,B_factorial,3,merge,12,7.920730420053005,11.633201623260971
101,B_factorial,3,merge,13,7.438553984463216,10.417691192924975
101,B_factorial,3,merge,14,7.430290538817645,6.676730789095164
101,B_factorial,3,merge,15,8.359370408058167,9.923426889479162
101,B_factorial,3,merge,16,7.438680666089057,11.056012399196623
101,B_factorial,3,merge,17,7.844345983415842,6.766956169754266
101,B_factorial,4,intersection,0,8.544769771546125,4.202493136525154
101,B_factorial,4,intersection,1,7.279149927794933,3.0050934958457947
101,B_factorial,4,intersection,2,7.092042458355428,3.0167469030618665
101,B_factorial,4,intersection,3,7.282130404263734,2.931670106500387
101,B_factorial,4,intersection,4,5.7789929407835015,3.1342706467211245
101,B_factorial,4,intersection,5,5.6463759092986585,2.6841714841127398
101,B_factorial,4,intersection,6,7.092940514832734,2.185413604527712
101,B_factorial,4,intersection,7,5.6451045751571645,2.112666252255439
101,B_factorial,4,intersection,8,5.521314471811055,3.5423305293917653
101,B_factorial,4,intersection,9,7.435289379805327,4.163066649436951
101,B_factorial,4,intersection,10,6.697875741571188,2.885495829582214
101,B_factorial,4,intersection,11,7.159457852691411,2.965182166397572
101,B_factorial,4,intersection,12,6.699718713462352,2.811841421574354
101,B_factorial,4,intersection,13,6.287740564197301,3.5980552156269545
101,B_factorial,4,intersection,14,6.282564096599818,2.752204330861568
101,B_factorial,4,intersection,15,7.1605894212424746,2.5316523469984533
101,B_factorial,4,intersection,16,6.281227302998304,2.8198652672767635
101,B_factorial,4,intersection,17,6.729819634258748,2.819275255799293
101,B_factorial,5,merge,0,9.6704386562109,11.706590532660485
101,B_factorial,5,merge,1,8.480389889329672,9.177582334280014
101,B_factorial,5,merge,2,8.281276119202374,8.597210662811996
101,B_factorial,5,merge,3,8.483408235013485,14.534276909679177
101,B_factorial,5,merge,4,6.966736556589604,9.9546125087142
101,B_factorial,5,merge,5,6.821737026572228,7.574240881353616
101,B_factorial,5,merge,6,8.298626866340637,11.339886188656092
101,B_factorial,5,merge,7,6.833097936362028,18.56022201269865
101,B_factorial,5,merge,8,6.691020734757186,8.979850216954947
101,B_factorial,5,merge,9,8.63407771959901,11.459850373119114
101,B_factorial,5,merge,10,7.931283791959286,8.995180346667766
101,B_factorial,5,merge,11,8.37038524493575,8.676893352121116
101,B_factorial,5,merge,12,7.935882088989019,14.419282623231412
101,B_factorial,5,merge,13,7.466852436661719,11.995694368332623
101,B_factorial,5,merge,14,7.457600958794355,7.836325476169585
101,B_factorial,5,merge,15,8.380042158216238,11.558053367733956
101,B_factorial,5,merge,16,7.468348127603531,18.89338336989284
101,B_factorial,5,merge,17,7.876786295622587,9.57509630084038
101,B_factorial,6,intersection,0,8.542208343297244,8.77326269030571
101,B_factorial,6,intersection,1,7.267988929748534,5.68357398852706
101,B_factorial,6,intersection,2,7.08684148237109,7.365464288443327
101,B_factorial,6,intersection,3,7.267445574998855,4.27373497709632
101,B_factorial,6,intersection,4,5.756106462627649,3.9746253646910192
101,B_factorial,6,intersection,5,5.62635826036334,3.579112360924482
101,B_factorial,6,intersection,6,7.092127079665662,3.920879315584898
101,B_factorial,6,intersection,7,5.6290920345485205,3.654747807234525
101,B_factorial,6,intersection,8,5.5076000380516055,3.0820774658024312
101,B_factorial,6,intersection,9,7.435849842876195,8.536228570342065
101,B_factorial,6,intersection,10,6.688740848600864,5.565752346366644
101,B_factorial,6,intersection,11,7.155489312857389,7.915982845872641
101,B_factorial,6,intersection,12,6.689104781448841,4.1545225279033176
101,B_factorial,6,intersection,13,6.26845233798027,4.639134363681078
101,B_factorial,6,intersection,14,6.26029323041439,4.247452440112829
101,B_factorial,6,intersection,15,7.159238865226508,4.277270852178335
101,B_factorial,6,intersection,16,6.2635729885101314,4.130351782292127
101,B_factorial,6,intersection,17,6.71494652017951,4.22602155700326
101,B_factorial,7,merge,0,9.63051699772477,7.24296961441636
101,B_factorial,7,merge,1,8.435611517727375,5.212464449554681
101,B_factorial,7,merge,2,8.255174827575683,4.545427698045969
101,B_factorial,7,merge,3,8.440051016658545,5.225212950855493
101,B_factorial,7,merge,4,6.915856843143702,5.594707935899496
101,B_factorial,7,merge,5,6.783389200866222,5.727671198397875
101,B_factorial,7,merge,6,8.260684712082147,4.339899025410414
101,B_factorial,7,merge,7,6.784395738095045,2.3093937972187994
101,B_factorial,7,merge,8,6.654870963096618,4.430784521251917
101,B_factorial,7,merge,9,8.599795135408641,6.987528176903724
101,B_factorial,7,merge,10,7.891681124866009,5.082299024313688
101,B_factorial,7,merge,11,8.34169564217329,4.689960493892432
101,B_factorial,7,merge,12,7.895602817982437,5.099936889559031
101,B_factorial,7,merge,13,7.420155236124993,4.05779290497303
101,B_factorial,7,merge,14,7.418231933414936,8.802369409650565
101,B_factorial,7,merge,15,8.344792430847884,4.495827057808638
101,B_factorial,7,merge,16,7.418330210149288,2.5905980125069616
101,B_factorial,7,merge,17,7.839130573272706,4.998259509950876
101,B_factorial,8,intersection,0,8.528638507127763,6.255842241942883
101,B_factorial,8,intersection,1,7.254858070909977,6.856114413887262
101,B_factorial,8,intersection,2,7.073061099946499,7.849650386124849
101,B_factorial,8,intersection,3,7.254821690768002,4.140318610221148
101,B_factorial,8,intersection,4,5.745155770033597,3.110257702469825
101,B_factorial,8,intersection,5,5.614459084421396,2.422224518060684
101,B_factorial,8,intersection,6,7.079622284322977,3.7950452055037016
101,B_factorial,8,intersection,7,5.617688800990581,2.50792825192213
101,B_factorial,8,intersection,8,5.495306576788426,2.167208398878574
101,B_factorial,8,intersection,9,7.426287381649018,6.006679644286632
101,B_factorial,8,intersection,10,6.678678659945725,6.728385492116212
101,B_factorial,8,intersection,11,7.142972008287907,7.991535850614309
101,B_factorial,8,intersection,12,6.679408214092254,4.018884762078524
101,B_factorial,8,intersection,13,6.255575605034828,3.571128994226456
101,B_factorial,8,intersection,14,6.246166904568671,2.691838826537132
101,B_factorial,8,intersection,15,7.147329727709293,4.15074815645814
101,B_factorial,8,intersection,16,6.249805635213852,2.9863442960381503
101,B_factorial,8,intersection,17,6.699714067727327,3.979602793753147
101,B_factorial,9,merge,0,9.63310146212578,6.645314110219478
101,B_factorial,9,merge,1,8.443877976834775,7.869804574251175
101,B_factorial,9,merge,2,8.262543212622402,7.195165332853795
101,B_factorial,9,merge,3,8.450049143880605,5.708036426454783
101,B_factorial,9,merge,4,6.917619211971759,3.332526750415564
101,B_factorial,9,merge,5,6.784085825532674,8.057887446880342
101,B_factorial,9,merge,6,8.263140957504511,5.45064827606082
101,B_factorial,9,merge,7,6.779665237516165,3.2751387283205986
101,B_factorial,9,merge,8,6.648379115760327,3.0004993215203286
101,B_factorial,9,merge,9,8.60091114550829,6.411866526901722
101,B_factorial,9,merge,10,7.896125216037036,7.752735149860382
101,B_factorial,9,merge,11,8.347287477999926,7.348598859608173
101,B_factorial,9,merge,12,7.900896411389112,5.591658178418874
101,B_factorial,9,merge,13,7.423414495289325,3.589328377693892
101,B_factorial,9,merge,14,7.424630859345198,4.728390340805054
101,B_factorial,9,merge,15,8.348151387423279,5.596963949054479
101,B_factorial,9,merge,16,7.419280813485384,3.5378324821591374
101,B_factorial,9,merge,17,7.836205185055733,3.533696027696133
101,B_factorial,10,intersection,0,8.546847380846739,7.024310186058283
101,B_factorial,10,intersection,1,7.264278752356767,5.917164995521306
101,B_factorial,10,intersection,2,7.096153296083212,5.132088463455439
101,B_factorial,10,intersection,3,7.268055778592825,6.145962555855512
101,B_factorial,10,intersection,4,5.75670277968049,4.953728255480528
101,B_factorial,10,intersection,5,5.634139757156372,4.168651907891034
101,B_factorial,10,intersection,6,7.097007564157248,5.952581635564565
101,B_factorial,10,intersection,7,5.632267038673163,4.76014657124877
101,B_factorial,10,intersection,8,5.517547656148673,3.9750702296197415
101,B_factorial,10,intersection,9,7.440421566814185,6.771930847615003
101,B_factorial,10,intersection,10,6.68672043249011,5.791387616246938
101,B_factorial,10,intersection,11,7.162895080000162,5.484257872551679
101,B_factorial,10,intersection,12,6.689037082344293,6.017883073836566
101,B_factorial,10,intersection,13,6.270517462641,5.032373331040144
101,B_factorial,10,intersection,14,6.267072841525077,4.646598673015833
101,B_factorial,10,intersection,15,7.164264627248049,6.099645475298166
101,B_factorial,10,intersection,16,6.265250054597854,5.035289839059114
101,B_factorial,10,intersection,17,6.72377966478467,4.728160173147917
101,B_factorial,11,merge,0,9.630412783175707,7.617805186808109
101,B_factorial,11,merge,1,8.4370097617805,6.4905631005764
101,B_factorial,11,merge,2,8.265668047815561,6.097492335438727
101,B_factorial,11,merge,3,8.439617380201817,8.97675896257162
101,B_factorial,11,merge,4,6.911053127646446,4.649516916424036
101,B_factorial,11,merge,5,6.783931426852941,4.186503714472055
101,B_factorial,11,merge,6,8.26631917193532,7.35470412403345
101,B_factorial,11,merge,7,6.782374867051839,8.93887589558959
101,B_factorial,11,merge,8,6.657672975063324,3.17682779610157
101,B_factorial,11,merge,9,8.600590813159942,7.365043036490679
101,B_factorial,11,merge,10,7.892208960354328,6.365997218489646
101,B_factorial,11,merge,11,8.350945978611708,6.251465294361115
101,B_factorial,11,merge,12,7.894192405790092,8.848562778532504
101,B_factorial,11,merge,13,7.420447839498519,6.92280248567462
101,B_factorial,11,merge,14,7.421512756347656,4.465042578727006
101,B_factorial,11,merge,15,8.35126602590084,7.300671831667424
101,B_factorial,11,merge,16,7.419786454439164,11.61303978547454
101,B_factorial,11,merge,17,7.8442985957860945,3.72953047350049
101,B_factorial,12,intersection,0,8.550162711292506,7.69602808713913
101,B_factorial,12,intersection,1,7.2717366479337215,4.6870389172434805
101,B_factorial,12,intersection,2,7.0924084420502185,4.310481713712215
101,B_factorial,12,intersection,3,7.271879141032695,6.684493886232375
101,B_factorial,12,intersection,4,5.756828453540802,3.675530595779419
101,B_factorial,12,intersection,5,5.628167427033185,3.2989811536669733
101,B_factorial,12,intersection,6,7.097102499902248,6.230755891799927
101,B_factorial,12,intersection,7,5.630278676599264,3.2217925907671447
101,B_factorial,12,intersection,8,5.509555325955152,2.845243100076913
101,B_factorial,12,intersection,9,7.444207848608493,7.461358513832092
101,B_factorial,12,intersection,10,6.692599685937166,4.570208194553852
101,B_factorial,12,intersection,11,7.160613210201263,4.664482758343219
101,B_factorial,12,intersection,12,6.6931335288286204,6.566655089855193
101,B_factorial,12,intersection,13,6.269943573772906,3.931378732919693
101,B_factorial,12,intersection,14,6.262448020130396,3.7698128631711008
101,B_factorial,12,intersection,15,7.163970113843678,6.588142369389534
101,B_factorial,12,intersection,16,6.264980881512165,3.69701793089509
101,B_factorial,12,intersection,17,6.716354663372039,3.791300139576197
101,B_factorial,13,merge,0,9.66113753169775,8.368071407228708
101,B_factorial,13,merge,1,8.472708887904883,5.212296314388514
101,B_factorial,13,merge,2,8.28141034990549,5.386285022944212
101,B_factorial,13,merge,3,8.475298868864774,8.157828624397515
101,B_factorial,13,merge,4,6.939466165751219,4.402053368240595
101,B_factorial,13,merge,5,6.799141728132963,2.744859268218278
101,B_factorial,13,merge,6,8.289836620539425,7.392195200771093
101,B_factorial,13,merge,7,6.803865484297275,9.149111776649953
101,B_factorial,13,merge,8,6.665584921240806,2.962320761531592
101,B_factorial,13,merge,9,8.62493360966444,8.134829232245684
101,B_factorial,13,merge,10,7.921128998994826,5.095093274265527
101,B_factorial,13,merge,11,8.36797522112727,5.529721668809652
101,B_factorial,13,merge,12,7.923651709705592,8.041789435893298
101,B_factorial,13,merge,13,7.446069477349519,7.651193958371879
101,B_factorial,13,merge,14,7.442294792830944,3.0054988278448582
101,B_factorial,13,merge,15,8.372237076610327,7.542257820814848
101,B_factorial,13,merge,16,7.446787085831166,11.815213741362095
101,B_factorial,13,merge,17,7.856939374953509,3.509556334465742
101,B_factorial,14,intersection,0,8.564588564485312,12.675797506570817
101,B_factorial,14,intersection,1,7.28716305270791,5.126775380074978
101,B_factorial,14,intersection,2,7.108803037405014,5.641310444772243
101,B_factorial,14,intersection,3,7.290910119861364,3.622675401568413
101,B_factorial,14,intersection,4,5.771352259367704,3.6526090718805793
101,B_factorial,14,intersection,5,5.64370644211769,3.1551684199273584
101,B_factorial,14,intersection,6,7.110309070646763,2.728426375240088
101,B_factorial,14,intersection,7,5.642310748845338,2.424727974236012
101,B_factorial,14,intersection,8,5.522419192492961,1.959284471273422
101,B_factorial,14,intersection,9,7.455465275496245,12.44025151371956
101,B_factorial,14,intersection,10,6.705209151506424,5.008606471717358
101,B_factorial,14,intersection,11,7.175923153162002,5.990639174878597
101,B_factorial,14,intersection,12,6.707637074887752,3.5052981919050223
101,B_factorial,14,intersection,13,6.285635506212711,4.312274882346392
101,B_factorial,14,intersection,14,6.282357855290175,3.622666060775518
101,B_factorial,14,intersection,15,7.177665570676327,3.0742572914063926
101,B_factorial,14,intersection,16,6.280853670537472,2.888981579840183
101,B_factorial,14,intersection,17,6.733186722099781,2.8977497696876524
101,B_factorial,15,merge,0,9.639679709225891,21.34205145567656
101,B_factorial,15,merge,1,8.452254326343537,9.415979005694387
101,B_factorial,15,merge,2,8.257831795364618,8.828352583944799
101,B_factorial,15,merge,3,8.457315152585506,10.620240927934644
101,B_factorial,15,merge,4,6.919099477976561,19.09416889220476
101,B_factorial,15,merge,5,6.777367428690194,9.306542295962572
101,B_factorial,15,merge,6,8.26571065619588,10.235844351947309
101,B_factorial,15,merge,7,6.779782611727715,12.109772199839352
101,B_factorial,15,merge,8,6.640156317353249,18.322145902216437
101,B_factorial,15,merge,9,8.606169356107712,21.108557547330854
101,B_factorial,15,merge,10,7.903197241872548,9.298519745469092
101,B_factorial,15,merge,11,8.344715100079775,8.972489677965642
101,B_factorial,15,merge,12,7.90784195959568,10.504206324517726
101,B_factorial,15,merge,13,7.421041017323732,16.75067715317011
101,B_factorial,15,merge,14,7.417814023345708,9.568138733357191
101,B_factorial,15,merge,15,8.349642611593008,10.38476663976908
101,B_factorial,15,merge,16,7.419793475121259,12.974729112535714
101,B_factorial,15,merge,17,7.828193650245667,18.84869926810265
101,C_difference,0,intersection,0,8.862985798865555,5.40367926120758
101,C_difference,0,intersection,1,7.33777694940567,4.082182053029537
101,C_difference,0,intersection,2,7.174770701527595,3.302841632664204
101,C_difference,0,intersection,3,7.333266176283359,4.178498279452324
101,C_difference,0,intersection,4,5.700216969549656,2.8570011891424656
101,C_difference,0,intersection,5,5.53506289049983,2.277660755962133
101,C_difference,0,intersection,6,7.1769304354488845,3.865405924618244
101,C_difference,0,intersection,7,5.540836438685656,2.7439087849855417
101,C_difference,0,intersection,8,5.366261721998453,2.164568369090557
101,C_difference,0,intersection,9,7.260791654884815,5.171566106677055
101,C_difference,0,intersection,10,6.498575504571199,3.96498188406229
101,C_difference,0,intersection,11,7.050260738134384,3.6479344835877416
101,C_difference,0,intersection,12,6.494647743999958,4.063585322499275
101,C_difference,0,intersection,13,6.334667479544878,3.1122452284395687
101,C_difference,0,intersection,14,6.242296070307493,2.7399537812173365
101,C_difference,0,intersection,15,7.057813961058855,3.615621940195561
101,C_difference,0,intersection,16,6.2540309484303,2.6090377521514894
101,C_difference,0,intersection,17,6.774690608233214,2.491990420520305
101,C_difference,1,merge,0,10.760864227414132,17.5266430658102
101,C_difference,1,merge,1,9.098624230623246,7.764676684141159
101,C_difference,1,merge,2,8.946138684004545,7.0281030294299125
101,C_difference,1,merge,3,9.133471339344975,10.517271133363248
101,C_difference,1,merge,4,7.382408444881439,15.084119926393033
101,C_difference,1,merge,5,7.226621116846799,6.0179465647041805
101,C_difference,1,merge,6,8.90763838648796,9.936150544583796
101,C_difference,1,merge,7,7.159890575259923,10.502999374419453
101,C_difference,1,merge,8,7.004505937993526,15.036826131492855
101,C_difference,1,merge,9,8.997892984598877,17.28726105898619
101,C_difference,1,merge,10,8.18072785705328,7.647608880996705
101,C_difference,1,merge,11,8.761570081412792,7.1867372173070905
101,C_difference,1,merge,12,8.223407728672028,10.394159202575684
101,C_difference,1,merge,13,7.973722759187222,11.3602927801013
101,C_difference,1,merge,14,7.952461768984794,6.893899259716274
101,C_difference,1,merge,15,8.728725863397122,10.073801727294924
101,C_difference,1,merge,16,7.879793360680342,11.36376250937581
101,C_difference,1,merge,17,8.449587116390466,15.57354197949171
101,C_difference,2,intersection,0,8.877757734954358,6.964779970943928
101,C_difference,2,intersection,1,7.312694386690855,5.648947336375714
101,C_difference,2,intersection,2,7.193985164463521,5.268729718625545
101,C_difference,2,intersection,3,7.295611096471548,5.767095889747143
101,C_difference,2,intersection,4,5.634138455986976,4.59572134256363
101,C_difference,2,intersection,5,5.504105766266584,4.215503664314747
101,C_difference,2,intersection,6,7.185225042551756,5.19922522932291
101,C_difference,2,intersection,7,5.510469551831484,4.0278505808115
101,C_difference,2,intersection,8,5.374805708229541,3.647632963359356
101,C_difference,2,intersection,9,7.262937656641005,6.722994357943536
101,C_difference,2,intersection,10,6.466022853255272,5.528330689966678
101,C_difference,2,intersection,11,7.061900014728308,5.619907987415791
101,C_difference,2,intersection,12,6.455583001524209,5.644694434702396
101,C_difference,2,intersection,13,6.307876263409852,4.665997717082501
101,C_difference,2,intersection,14,6.2140851791203024,4.68729865193367
101,C_difference,2,intersection,15,7.063096732348203,5.55133280813694
101,C_difference,2,intersection,16,6.225063009262085,4.502359759509563
101,C_difference,2,intersection,17,6.788595152348279,4.593936931788922
101,C_difference,3,merge,0,10.78437806531787,9.460543373078108
101,C_difference,3,merge,1,9.141186752468348,8.076824859380721
101,C_difference,3,merge,2,8.922820274382829,7.589520319402218
101,C_difference,3,merge,3,9.134993691891433,11.749505444765092
101,C_difference,3,merge,4,7.385152861624956,7.165786979645491
101,C_difference,3,merge,5,7.166231177896262,6.414983852952719
101,C_difference,3,merge,6,8.977432336062193,9.765159908235074
101,C_difference,3,merge,7,7.22094408839941,13.181441620886323
101,C_difference,3,merge,8,7.00251168936491,6.230638389140367
101,C_difference,3,merge,9,9.015554631203411,9.220316019654277
101,C_difference,3,merge,10,8.226990303099155,7.95290136307478
101,C_difference,3,merge,11,8.745363079309463,7.725901375561952
101,C_difference,3,merge,12,8.203306832313537,11.633201623260971
101,C_difference,3,merge,13,8.003920395374298,10.417691192924975
101,C_difference,3,merge,14,7.894876136779785,6.676730789095164
101,C_difference,3,merge,15,8.782399575710295,9.923426889479162
101,C_difference,3,merge,16,7.9531791798770435,11.056012399196623
101,C_difference,3,merge,17,8.461810826808215,6.766956169754266
101,C_difference,4,intersection,0,8.910089772194624,4.202493136525154
101,C_difference,4,intersection,1,7.373421614915133,3.0050934958457947
101,C_difference,4,intersection,2,7.234727442860604,3.0167469030618665
101,C_difference,4,intersection,3,7.363350222259759,2.931670106500387
101,C_difference,4,intersection,4,5.70803905814886,3.1342706467211245
101,C_difference,4,intersection,5,5.562364468425512,2.6841714841127398
101,C_difference,4,intersection,6,7.215146374553442,2.185413604527712
101,C_difference,4,intersection,7,5.552433971613645,2.112666252255439
101,C_difference,4,intersection,8,5.3966100297868245,3.5423305293917653
101,C_difference,4,intersection,9,7.293013337552547,4.163066649436951
101,C_difference,4,intersection,10,6.520533881187439,2.885495829582214
101,C_difference,4,intersection,11,7.0996898487210265,2.965182166397572
101,C_difference,4,intersection,12,6.5178413428366175,2.811841421574354
101,C_difference,4,intersection,13,6.358666385710238,3.5980552156269545
101,C_difference,4,intersection,14,6.274542086869478,2.752204330861568
101,C_difference,4,intersection,15,7.09250619277358,2.5316523469984533
101,C_difference,4,intersection,16,6.269894516021012,2.8198652672767635
101,C_difference,4,intersection,17,6.812345768511295,2.819275255799293
101,C_difference,5,merge,0,10.826166529804468,11.706590532660485
101,C_difference,5,merge,1,9.182484169900418,9.177582334280014
101,C_difference,5,merge,2,8.974587956666946,8.597210662811996
101,C_difference,5,merge,3,9.132745362222195,14.534276909679177
101,C_difference,5,merge,4,7.384572437256573,9.9546125087142
101,C_difference,5,merge,5,7.174039228856563,7.574240881353616
101,C_difference,5,merge,6,8.997027624547483,11.339886188656092
101,C_difference,5,merge,7,7.238471828103066,18.56022201269865
101,C_difference,5,merge,8,7.027808892577887,8.979850216954947
101,C_difference,5,merge,9,9.054599193930626,11.459850373119114
101,C_difference,5,merge,10,8.257589507102967,8.995180346667766
101,C_difference,5,merge,11,8.794283253997564,8.676893352121116
101,C_difference,5,merge,12,8.208379416167736,14.419282623231412
101,C_difference,5,merge,13,8.024386961311102,11.995694368332623
101,C_difference,5,merge,14,7.91004467561841,7.836325476169585
101,C_difference,5,merge,15,8.814719886332751,11.558053367733956
101,C_difference,5,merge,16,7.976687533408405,18.89338336989284
101,C_difference,5,merge,17,8.501413659900427,9.57509630084038
101,C_difference,6,intersection,0,8.823594057261944,8.77326269030571
101,C_difference,6,intersection,1,7.278414132595062,5.68357398852706
101,C_difference,6,intersection,2,7.144759004712105,7.365464288443327
101,C_difference,6,intersection,3,7.250736450850964,4.27373497709632
101,C_difference,6,intersection,4,5.606636541038751,3.9746253646910192
101,C_difference,6,intersection,5,5.465412578880788,3.579112360924482
101,C_difference,6,intersection,6,7.135353698730468,3.920879315584898
101,C_difference,6,intersection,7,5.479986666887998,3.654747807234525
101,C_difference,6,intersection,8,5.332988878935575,3.0820774658024312
101,C_difference,6,intersection,9,7.210345221608877,8.536228570342065
101,C_difference,6,intersection,10,6.429844690710307,5.565752346366644
101,C_difference,6,intersection,11,7.011465151906013,7.915982845872641
101,C_difference,6,intersection,12,6.412810986489057,4.1545225279033176
101,C_difference,6,intersection,13,6.267300796657801,4.639134363681078
101,C_difference,6,intersection,14,6.174319754391908,4.247452440112829
101,C_difference,6,intersection,15,7.016376841217279,4.277270852178335
101,C_difference,6,intersection,16,6.195111176222563,4.130351782292127
101,C_difference,6,intersection,17,6.746048930436373,4.22602155700326
101,C_difference,7,merge,0,10.836806829571724,7.24296961441636
101,C_difference,7,merge,1,9.144842542111874,5.212464449554681
101,C_difference,7,merge,2,8.988913960903883,4.545427698045969
101,C_difference,7,merge,3,9.143059072792528,5.225212950855493
101,C_difference,7,merge,4,7.348175130337477,5.594707935899496
101,C_difference,7,merge,5,7.180395854115486,5.727671198397875
101,C_difference,7,merge,6,8.998279344439506,4.339899025410414
101,C_difference,7,merge,7,7.191477718353271,2.3093937972187994
101,C_difference,7,merge,8,7.027031492888927,4.430784521251917
101,C_difference,7,merge,9,9.06414790406823,6.987528176903724
101,C_difference,7,merge,10,8.219698774665595,5.082299024313688
101,C_difference,7,merge,11,8.817518008500338,4.689960493892432
101,C_difference,7,merge,12,8.21337820276618,5.099936889559031
101,C_difference,7,merge,13,8.007005081623793,4.05779290497303
101,C_difference,7,merge,14,7.928528624176979,8.802369409650565
101,C_difference,7,merge,15,8.812645036876203,4.495827057808638
101,C_difference,7,merge,16,7.929582247585058,2.5905980125069616
101,C_difference,7,merge,17,8.510915098786354,4.998259509950876
101,C_difference,8,intersection,0,8.854750168472528,6.255842241942883
101,C_difference,8,intersection,1,7.305786736160516,6.856114413887262
101,C_difference,8,intersection,2,7.1733613437414165,7.849650386124849
101,C_difference,8,intersection,3,7.277342482358216,4.140318610221148
101,C_difference,8,intersection,4,5.632342660874128,3.110257702469825
101,C_difference,8,intersection,5,5.492049293369055,2.422224518060684
101,C_difference,8,intersection,6,7.166898654848336,3.7950452055037016
101,C_difference,8,intersection,7,5.5100813215971,2.50792825192213
101,C_difference,8,intersection,8,5.364008650034665,2.167208398878574
101,C_difference,8,intersection,9,7.243508476167917,6.006679644286632
101,C_difference,8,intersection,10,6.460291531533004,6.728385492116212
101,C_difference,8,intersection,11,7.03985426172614,7.991535850614309
101,C_difference,8,intersection,12,6.440470105409622,4.018884762078524
101,C_difference,8,intersection,13,6.2922811746597285,3.571128994226456
101,C_difference,8,intersection,14,6.198230831325053,2.691838826537132
101,C_difference,8,intersection,15,7.04367662847042,4.15074815645814
101,C_difference,8,intersection,16,6.220756978243589,2.9863442960381503
101,C_difference,8,intersection,17,6.76987056195736,3.979602793753147
101,C_difference,9,merge,0,10.893341047018769,6.645314110219478
101,C_difference,9,merge,1,9.22372406899929,7.869804574251175
101,C_difference,9,merge,2,9.048609338849785,7.195165332853795
101,C_difference,9,merge,3,9.219718427509068,5.708036426454783
101,C_difference,9,merge,4,7.448077064305544,3.332526750415564
101,C_difference,9,merge,5,7.265893908888102,8.057887446880342
101,C_difference,9,merge,6,9.019605848640204,5.45064827606082
101,C_difference,9,merge,7,7.243636146932841,3.2751387283205986
101,C_difference,9,merge,8,7.0599986079335215,3.0004993215203286
101,C_difference,9,merge,9,9.101612645983696,6.411866526901722
101,C_difference,9,merge,10,8.28301491200924,7.752735149860382
101,C_difference,9,merge,11,8.859431371241808,7.348598859608173
101,C_difference,9,merge,12,8.288682348430155,5.591658178418874
101,C_difference,9,merge,13,8.069886330217123,3.589328377693892
101,C_difference,9,merge,14,8.00836736395955,4.728390340805054
101,C_difference,9,merge,15,8.831786827147006,5.596963949054479
101,C_difference,9,merge,16,7.976382157951594,3.5378324821591374
101,C_difference,9,merge,17,8.534049069732427,3.533696027696133
101,C_difference,10,intersection,0,8.865488120019435,7.024310186058283
101,C_difference,10,intersection,1,7.286617128252983,5.917164995521306
101,C_difference,10,intersection,2,7.182533940672874,5.132088463455439
101,C_difference,10,intersection,3,7.282204349786043,6.145962555855512
101,C_difference,10,intersection,4,5.6059088182449335,4.953728255480528
101,C_difference,10,intersection,5,5.488974979370831,4.168651907891034
101,C_difference,10,intersection,6,7.165268065333367,5.952581635564565
101,C_difference,10,intersection,7,5.477782688438892,4.76014657124877
101,C_difference,10,intersection,8,5.356512706577777,3.9750702296197415
101,C_difference,10,intersection,9,7.247647425085305,6.771930847615003
101,C_difference,10,intersection,10,6.439374182969331,5.791387616246938
101,C_difference,10,intersection,11,7.04784930035472,5.484257872551679
101,C_difference,10,intersection,12,6.437696555107832,6.017883073836566
101,C_difference,10,intersection,13,6.273026294261218,5.032373331040144
101,C_difference,10,intersection,14,6.198058759123087,4.646598673015833
101,C_difference,10,intersection,15,7.036214577555656,6.099645475298166
101,C_difference,10,intersection,16,6.18868395447731,5.035289839059114
101,C_difference,10,intersection,17,6.767356712371111,4.728160173147917
101,C_difference,11,merge,0,10.796645971983672,7.617805186808109
101,C_difference,11,merge,1,9.096706289649008,6.4905631005764
101,C_difference,11,merge,2,8.947953929305076,6.097492335438727
101,C_difference,11,merge,3,9.117137925475834,8.97675896257162
101,C_difference,11,merge,4,7.329077171981335,4.649516916424036
101,C_difference,11,merge,5,7.171454089432954,4.186503714472055
101,C_difference,11,merge,6,8.964077960848808,7.35470412403345
101,C_difference,11,merge,7,7.16775824189186,8.93887589558959
101,C_difference,11,merge,8,7.0118839371204364,3.17682779610157
101,C_difference,11,merge,9,9.02009394735098,7.365043036490679
101,C_difference,11,merge,10,8.17632944330573,6.365997218489646
101,C_difference,11,merge,11,8.770236031413077,6.251465294361115
101,C_difference,11,merge,12,8.18822103753686,8.848562778532504
101,C_difference,11,merge,13,7.961544586122036,6.92280248567462
101,C_difference,11,merge,14,7.905312439948322,4.465042578727006
101,C_difference,11,merge,15,8.778702068924904,7.300671831667424
101,C_difference,11,merge,16,7.902081699222325,11.61303978547454
101,C_difference,11,merge,17,8.480376376360654,3.72953047350049
101,C_difference,12,intersection,0,8.861964569687842,7.69602808713913
101,C_difference,12,intersection,1,7.315292894095183,4.6870389172434805
101,C_difference,12,intersection,2,7.180266616940498,4.310481713712215
101,C_difference,12,intersection,3,7.287802558690309,6.684493886232375
101,C_difference,12,intersection,4,5.641798116415738,3.675530595779419
101,C_difference,12,intersection,5,5.499321903139352,3.2989811536669733
101,C_difference,12,intersection,6,7.165228021591901,6.230755891799927
101,C_difference,12,intersection,7,5.508929230421781,3.2217925907671447
101,C_difference,12,intersection,8,5.361140511482953,2.845243100076913
101,C_difference,12,intersection,9,7.245898170918227,7.461358513832092
101,C_difference,12,intersection,10,6.464264546334745,4.570208194553852
101,C_difference,12,intersection,11,7.04550821647048,4.664482758343219
101,C_difference,12,intersection,12,6.44828197002411,6.566655089855193
101,C_difference,12,intersection,13,6.300124761611222,3.931378732919693
101,C_difference,12,intersection,14,6.2094129747152325,3.7698128631711008
101,C_difference,12,intersection,15,7.046611365675926,6.588142369389534
101,C_difference,12,intersection,16,6.2256742469966415,3.69701793089509
101,C_difference,12,intersection,17,6.7769233542680745,3.791300139576197
101,C_difference,13,merge,0,10.87624627903104,8.368071407228708
101,C_difference,13,merge,1,9.219535443633797,5.212296314388514
101,C_difference,13,merge,2,9.003585325330494,5.386285022944212
101,C_difference,13,merge,3,9.218694036453964,8.157828624397515
101,C_difference,13,merge,4,7.46082891345024,4.402053368240595
101,C_difference,13,merge,5,7.242242762446403,2.744859268218278
101,C_difference,13,merge,6,9.038356989473105,7.392195200771093
101,C_difference,13,merge,7,7.275881925225257,9.149111776649953
101,C_difference,13,merge,8,7.054607897102834,2.962320761531592
101,C_difference,13,merge,9,9.097047134488822,8.134829232245684
101,C_difference,13,merge,10,8.297753724604846,5.095093274265527
101,C_difference,13,merge,11,8.826520294100046,5.529721668809652
101,C_difference,13,merge,12,8.283684080988168,8.041789435893298
101,C_difference,13,merge,13,8.091790028959512,7.651193958371879
101,C_difference,13,merge,14,7.978577533215284,3.0054988278448582
101,C_difference,13,merge,15,8.84817531362176,7.542257820814848
101,C_difference,13,merge,16,8.012851291149856,11.815213741362095
101,C_difference,13,merge,17,8.527087709754706,3.509556334465742
101,C_difference,14,intersection,0,8.923199392110108,12.675797506570817
101,C_difference,14,intersection,1,7.373358567655087,5.126775380074978
101,C_difference,14,intersection,2,7.237161329686641,5.641310444772243
101,C_difference,14,intersection,3,7.361742954403161,3.622675401568413
101,C_difference,14,intersection,4,5.703030113726855,3.6526090718805793
101,C_difference,14,intersection,5,5.55965066626668,3.1551684199273584
101,C_difference,14,intersection,6,7.214974943995475,2.728426375240088
101,C_difference,14,intersection,7,5.549567321538926,2.424727974236012
101,C_difference,14,intersection,8,5.398502420186997,1.959284471273422
101,C_difference,14,intersection,9,7.306141768246888,12.44025151371956
101,C_difference,14,intersection,10,6.5219693064689634,5.008606471717358
101,C_difference,14,intersection,11,7.103807168006896,5.990639174878597
101,C_difference,14,intersection,12,6.517870239019393,3.5052981919050223
101,C_difference,14,intersection,13,6.3546612992882725,4.312274882346392
101,C_difference,14,intersection,14,6.272223355025052,3.622666060775518
101,C_difference,14,intersection,15,7.093042380809783,3.0742572914063926
101,C_difference,14,intersection,16,6.265865374654531,2.888981579840183
101,C_difference,14,intersection,17,6.816325473040341,2.8977497696876524
101,C_difference,15,merge,0,10.76250380694866,21.34205145567656
101,C_difference,15,merge,1,9.12705110013485,9.415979005694387
101,C_difference,15,merge,2,8.913391626626254,8.828352583944799
101,C_difference,15,merge,3,9.132581548541784,10.620240927934644
101,C_difference,15,merge,4,7.399700697511434,19.09416889220476
101,C_difference,15,merge,5,7.187422436177732,9.306542295962572
101,C_difference,15,merge,6,8.939652622044086,10.235844351947309
101,C_difference,15,merge,7,7.206951479613781,12.109772199839352
101,C_difference,15,merge,8,6.99347200319171,18.322145902216437
101,C_difference,15,merge,9,9.00086331769824,21.108557547330854
101,C_difference,15,merge,10,8.215264473408462,9.298519745469092
101,C_difference,15,merge,11,8.740630376785994,8.972489677965642
101,C_difference,15,merge,12,8.209885575771333,10.504206324517726
101,C_difference,15,merge,13,8.003262692689894,16.75067715317011
101,C_difference,15,merge,14,7.916780370175839,9.568138733357191
101,C_difference,15,merge,15,8.755544950067998,10.38476663976908
101,C_difference,15,merge,16,7.93610124439001,12.974729112535714
101,C_difference,15,merge,17,8.450493569076063,18.84869926810265
101,independent,0,intersection,0,7.003050284534693,5.40367926120758
101,independent,0,intersection,1,6.778771464973688,4.082182053029537
101,independent,0,intersection,2,6.696494969427586,3.302841632664204
101,independent,0,intersection,3,6.774689078181982,4.178498279452324
101,independent,0,intersection,4,6.550410265773535,2.8570011891424656
101,independent,0,intersection,5,6.468133789598942,2.277660755962133
101,independent,0,intersection,6,6.691858434826135,3.865405924618244
101,independent,0,intersection,7,6.467579732388258,2.7439087849855417
101,independent,0,intersection,8,6.385303038060664,2.164568369090557
101,independent,0,intersection,9,6.909309304058551,5.171566106677055
101,independent,0,intersection,10,6.731690753251314,3.96498188406229
101,independent,0,intersection,11,6.793601498305797,3.6479344835877416
101,independent,0,intersection,12,6.728028488606214,4.063585322499275
101,independent,0,intersection,13,6.618043600916862,3.1122452284395687
101,independent,0,intersection,14,6.612320870012045,2.7399537812173365
101,independent,0,intersection,15,6.791602166146039,3.615621940195561
101,independent,0,intersection,16,6.613983799666166,2.6090377521514894
101,independent,0,intersection,17,6.675894567221403,2.491990420520305
101,independent,1,merge,0,7.735880418121814,17.5266430658102
101,independent,1,merge,1,7.500209288895129,7.764676684141159
101,independent,1,merge,2,7.4254966364800925,7.0281030294299125
101,independent,1,merge,3,7.511605549603701,10.517271133363248
101,independent,1,merge,4,7.275934484899044,15.084119926393033
101,independent,1,merge,5,7.201221612542867,6.0179465647041805
101,independent,1,merge,6,7.426130294650793,9.936150544583796
101,independent,1,merge,7,7.190459473133087,10.502999374419453
101,independent,1,merge,8,7.11574678376317,15.036826131492855
101,independent,1,merge,9,7.641720812618733,17.28726105898619
101,independent,1,merge,10,7.453337750732898,7.647608880996705
101,independent,1,merge,11,7.525191023498774,7.1867372173070905
101,independent,1,merge,12,7.464317498207093,10.394159202575684
101,independent,1,merge,13,7.350121704339981,11.3602927801013
101,independent,1,merge,14,7.347787657231093,6.893899259716274
101,independent,1,merge,15,7.524310973137616,10.073801727294924
101,independent,1,merge,16,7.3359279859066,11.36376250937581
101,independent,1,merge,17,7.40778114810586,15.57354197949171
101,independent,2,intersection,0,7.01799307525158,6.964779970943928
101,independent,2,intersection,1,6.788586295247078,5.648947336375714
101,independent,2,intersection,2,6.712789248824119,5.268729718625545
101,independent,2,intersection,3,6.784339239150285,5.767095889747143
101,independent,2,intersection,4,6.554932269454002,4.59572134256363
101,independent,2,intersection,5,6.479135056734085,4.215503664314747
101,independent,2,intersection,6,6.708205244988202,5.19922522932291
101,independent,2,intersection,7,6.478798050284386,4.0278505808115
101,independent,2,intersection,8,6.403001128435135,3.647632963359356
101,independent,2,intersection,9,6.924289095252752,6.722994357943536
101,independent,2,intersection,10,6.741499091982842,5.528330689966678
101,independent,2,intersection,11,6.80944174438715,5.619907987415791
101,independent,2,intersection,12,6.737722328305244,5.644694434702396
101,independent,2,intersection,13,6.627473188340664,4.665997717082501
101,independent,2,intersection,14,6.62287473410368,4.68729865193367
101,independent,2,intersection,15,6.807583071738481,5.55133280813694
101,independent,2,intersection,16,6.624792952239512,4.502359759509563
101,independent,2,intersection,17,6.692735612988473,4.593936931788922
101,independent,3,merge,0,7.791401244997979,9.460543373078108
101,independent,3,merge,1,7.562514470368624,8.076824859380721
101,independent,3,merge,2,7.478913978040218,7.589520319402218
101,independent,3,merge,3,7.560130272209645,11.749505444765092
101,independent,3,merge,4,7.331243508458137,7.165786979645491
101,independent,3,merge,5,7.24764290958643,6.414983852952719
101,independent,3,merge,6,7.48355322137475,9.765159908235074
101,independent,3,merge,7,7.254666485488415,13.181441620886323
101,independent,3,merge,8,7.171065950989723,6.230638389140367
101,independent,3,merge,9,7.6973941737413405,9.220316019654277
101,independent,3,merge,10,7.515704450756312,7.95290136307478
101,independent,3,merge,11,7.579188558906317,7.725901375561952
101,independent,3,merge,12,7.512933189570903,11.633201623260971
101,independent,3,merge,13,7.402263569831848,10.417691192924975
101,independent,3,merge,14,7.394727695435285,6.676730789095164
101,independent,3,merge,15,7.581200063973665,9.923426889479162
101,independent,3,merge,16,7.399510315656662,11.056012399196623
101,independent,3,merge,17,7.462994606494902,6.766956169754266
101,independent,4,intersection,0,7.034280417561531,4.202493136525154
101,independent,4,intersection,1,6.807286993861197,3.0050934958457947
101,independent,4,intersection,2,6.729479674994945,3.0167469030618665
101,independent,4,intersection,3,6.804708784222603,2.931670106500387
101,independent,4,intersection,4,6.57771517381072,3.1342706467211245
101,independent,4,intersection,5,6.499907671511173,2.6841714841127398
101,independent,4,intersection,6,6.723954548090696,2.185413604527712
101,independent,4,intersection,7,6.496961403787136,2.112666252255439
101,independent,4,intersection,8,6.419153804481029,3.5423305293917653
101,independent,4,intersection,9,6.940694864541292,4.163066649436951
101,independent,4,intersection,10,6.760254544317722,2.885495829582214
101,independent,4,intersection,11,6.825873869210481,2.965182166397572
101,independent,4,intersection,12,6.758155486881733,2.811841421574354
101,independent,4,intersection,13,6.647880785018205,3.5980552156269545
101,independent,4,intersection,14,6.64333452641964,2.752204330861568
101,independent,4,intersection,15,6.823446719199419,2.5316523469984533
101,independent,4,intersection,16,6.64300641939044,2.8198652672767635
101,independent,4,intersection,17,6.708625725954772,2.819275255799293
101,independent,5,merge,0,7.775327693969011,11.706590532660485
101,independent,5,merge,1,7.545988120287656,9.177582334280014
101,independent,5,merge,2,7.462445683330297,8.597210662811996
101,independent,5,merge,3,7.542730851173401,14.534276909679177
101,independent,5,merge,4,7.313391176462173,9.9546125087142
101,independent,5,merge,5,7.229849082678556,7.574240881353616
101,independent,5,merge,6,7.468179618567228,11.339886188656092
101,independent,5,merge,7,7.238839908540249,18.56022201269865
101,independent,5,merge,8,7.155297358930111,8.979850216954947
101,independent,5,merge,9,7.681211865246295,11.459850373119114
101,independent,5,merge,10,7.499189288020133,8.995180346667766
101,independent,5,merge,11,7.563079465478658,8.676893352121116
101,independent,5,merge,12,7.495413877665997,14.419282623231412
101,independent,5,merge,13,7.385052969753741,11.995694368332623
101,independent,5,merge,14,7.377281670719385,7.836325476169585
101,independent,5,merge,15,7.565423525571823,11.558053367733956
101,independent,5,merge,16,7.383400913774966,18.89338336989284
101,independent,5,merge,17,7.4472910605371,9.57509630084038
101,independent,6,intersection,0,6.97234841376543,8.77326269030571
101,independent,6,intersection,1,6.745003642886877,5.68357398852706
101,independent,6,intersection,2,6.6673395490646366,7.365464288443327
101,independent,6,intersection,3,6.739028668254614,4.27373497709632
101,independent,6,intersection,4,6.511684078425169,3.9746253646910192
101,independent,6,intersection,5,6.43401977211237,3.579112360924482
101,independent,6,intersection,6,6.662664395421744,3.920879315584898
101,independent,6,intersection,7,6.435319626331329,3.654747807234525
101,independent,6,intersection,8,6.357655544430016,3.0820774658024312
101,independent,6,intersection,9,6.878710465878249,8.536228570342065
101,independent,6,intersection,10,6.697936803996563,5.565752346366644
101,independent,6,intersection,11,6.763817641437053,7.915982845872641
101,independent,6,intersection,12,6.69245763733983,4.1545225279033176
101,independent,6,intersection,13,6.582891675829887,4.639134363681078
101,independent,6,intersection,14,6.5775646507740015,4.247452440112829
101,independent,6,intersection,15,6.762002145498991,4.277270852178335
101,independent,6,intersection,16,6.581228425055742,4.130351782292127
101,independent,6,intersection,17,6.647109351903199,4.22602155700326
101,independent,7,merge,0,7.724940739572047,7.24296961441636
101,independent,7,merge,1,7.4901020812988275,5.212464449554681
101,independent,7,merge,2,7.414576885253191,4.545427698045969
101,independent,7,merge,3,7.494159454703331,5.225212950855493
101,independent,7,merge,4,7.259320807009934,5.594707935899496
101,independent,7,merge,5,7.183795534670352,5.727671198397875
101,independent,7,merge,6,7.418790600746871,4.339899025410414
101,independent,7,merge,7,7.183951709121466,2.3093937972187994
101,independent,7,merge,8,7.1084266977012165,4.430784521251917
101,independent,7,merge,9,7.6309844508767135,6.987528176903724
101,independent,7,merge,10,7.443420958369971,5.082299024313688
101,independent,7,merge,11,7.514393523633481,4.689960493892432
101,independent,7,merge,12,7.446884315162897,5.099936889559031
101,independent,7,merge,13,7.335090353786946,4.05779290497303
101,independent,7,merge,14,7.330293234586716,8.802369409650565
101,independent,7,merge,15,7.515469434708358,4.495827057808638
101,independent,7,merge,16,7.327905889153481,2.5905980125069616
101,independent,7,merge,17,7.398878605216741,4.998259509950876
101,independent,8,intersection,0,6.952235563695431,6.255842241942883
101,independent,8,intersection,1,6.724684657156468,6.856114413887262
101,independent,8,intersection,2,6.647605541199447,7.849650386124849
101,independent,8,intersection,3,6.7182950222492215,4.140318610221148
101,independent,8,intersection,4,6.490744093954563,3.110257702469825
101,independent,8,intersection,5,6.413664903342724,2.422224518060684
101,independent,8,intersection,6,6.642981585115194,3.7950452055037016
101,independent,8,intersection,7,6.4154306271672255,2.50792825192213
101,independent,8,intersection,8,6.338351441174744,2.167208398878574
101,independent,8,intersection,9,6.858628771901131,6.006679644286632
101,independent,8,intersection,10,6.677626750916243,6.728385492116212
101,independent,8,intersection,11,6.743915174901485,7.991535850614309
101,independent,8,intersection,12,6.671746165007352,4.018884762078524
101,independent,8,intersection,13,6.562373455315828,3.571128994226456
101,independent,8,intersection,14,6.557032554894686,2.691838826537132
101,independent,8,intersection,15,6.742180664241314,4.15074815645814
101,independent,8,intersection,16,6.561178478002548,2.9863442960381503
101,independent,8,intersection,17,6.62746711075306,3.979602793753147
101,independent,9,merge,0,7.71216878220439,6.645314110219478
101,independent,9,merge,1,7.479356914013624,7.869804574251175
101,independent,9,merge,2,7.4006479083001615,7.195165332853795
101,independent,9,merge,3,7.486296608597041,5.708036426454783
101,independent,9,merge,4,7.253484813868999,3.332526750415564
101,independent,9,merge,5,7.174775826781988,8.057887446880342
101,independent,9,merge,6,7.403186932653189,5.45064827606082
101,independent,9,merge,7,7.170375274270773,3.2751387283205986
101,independent,9,merge,8,7.091666222512722,3.0004993215203286
101,independent,9,merge,9,7.61805998697877,6.411866526901722
101,independent,9,merge,10,7.432538275569677,7.752735149860382
101,independent,9,merge,11,7.5007741124928,7.348598859608173
101,independent,9,merge,12,7.43900648444891,5.591658178418874
101,independent,9,merge,13,7.3260036069154735,3.589328377693892
101,independent,9,merge,14,7.321720696836709,4.728390340805054
101,independent,9,merge,15,7.501063627451659,5.596963949054479
101,independent,9,merge,16,7.31554192841053,3.5378324821591374
101,independent,9,merge,17,7.3837778094410895,3.533696027696133
101,independent,10,intersection,0,6.948799627423286,7.024310186058283
101,independent,10,intersection,1,6.717515098005532,5.917164995521306
101,independent,10,intersection,2,6.644168846011161,5.132088463455439
101,independent,10,intersection,3,6.716090444624424,6.145962555855512
101,independent,10,intersection,4,6.484805997759104,4.953728255480528
101,independent,10,intersection,5,6.411459717303514,4.168651907891034
101,independent,10,intersection,6,6.638968021720647,5.952581635564565
101,independent,10,intersection,7,6.407683327943087,4.76014657124877
101,independent,10,intersection,8,6.334337183833122,3.9750702296197415
101,independent,10,intersection,9,6.855114457905293,6.771930847615003
101,independent,10,intersection,10,6.670446787178516,5.791387616246938
101,independent,10,intersection,11,6.740638249963522,5.484257872551679
101,independent,10,intersection,12,6.669473665654659,6.017883073836566
101,independent,10,intersection,13,6.55849124327302,5.032373331040144
101,independent,10,intersection,14,6.554997134506701,4.646598673015833
101,independent,10,intersection,15,6.738341674208642,6.099645475298166
101,independent,10,intersection,16,6.553673934340477,5.035289839059114
101,independent,10,intersection,17,6.623865329772234,4.728160173147917
101,independent,11,merge,0,7.684657765179873,7.617805186808109
101,independent,11,merge,1,7.449631423950195,6.4905631005764
101,independent,11,merge,2,7.37429009243846,6.097492335438727
101,independent,11,merge,3,7.45477963462472,8.97675896257162
101,independent,11,merge,4,7.219753590524196,4.649516916424036
101,independent,11,merge,5,7.144412332177162,4.186503714472055
101,independent,11,merge,6,7.377725494951009,7.35470412403345
101,independent,11,merge,7,7.142699630707504,8.93887589558959
101,independent,11,merge,8,7.067358535826206,3.17682779610157
101,independent,11,merge,9,7.590669091492891,7.365043036490679
101,independent,11,merge,10,7.402912889122962,6.365997218489646
101,independent,11,merge,11,7.47410279661417,6.251465294361115
101,independent,11,merge,12,7.407509343624115,8.848562778532504
101,independent,11,merge,13,7.295293987840413,6.92280248567462
101,independent,11,merge,14,7.290943381935357,4.465042578727006
101,independent,11,merge,15,7.474755638092756,7.300671831667424
101,independent,11,merge,16,7.286999908536673,11.61303978547454
101,independent,11,merge,17,7.358189702481031,3.72953047350049
101,independent,12,intersection,0,6.953629230856896,7.69602808713913
101,independent,12,intersection,1,6.725823909789324,4.6870389172434805
101,independent,12,intersection,2,6.648143148273229,4.310481713712215
101,independent,12,intersection,3,6.720935802161694,6.684493886232375
101,independent,12,intersection,4,6.493130383640528,3.675530595779419
101,independent,12,intersection,5,6.415449613332749,3.2989811536669733
101,independent,12,intersection,6,6.643756522983312,6.230755891799927
101,independent,12,intersection,7,6.4159509667754175,3.2217925907671447
101,independent,12,intersection,8,6.338270260393619,2.845243100076913
101,independent,12,intersection,9,6.859958403557538,7.461358513832092
101,independent,12,intersection,10,6.678761073201894,4.570208194553852
101,independent,12,intersection,11,6.744878248274326,4.664482758343219
101,independent,12,intersection,12,6.674327592551708,6.566655089855193
101,independent,12,intersection,13,6.564389274865388,3.931378732919693
101,independent,12,intersection,14,6.559247314631938,3.7698128631711008
101,independent,12,intersection,15,6.743113328367471,6.588142369389534
101,independent,12,intersection,16,6.561916096955538,3.69701793089509
101,independent,12,intersection,17,6.628033203333616,3.791300139576197
101,independent,13,merge,0,7.723833863884211,8.368071407228708
101,independent,13,merge,1,7.495351083576679,5.212296314388514
101,independent,13,merge,2,7.41072780355811,5.386285022944212
101,independent,13,merge,3,7.497052030265331,8.157828624397515
101,independent,13,merge,4,7.268569524735212,4.402053368240595
101,independent,13,merge,5,7.183946019411087,2.744859268218278
101,independent,13,merge,6,7.415829162448644,7.392195200771093
101,independent,13,merge,7,7.187346638292074,9.149111776649953
101,independent,13,merge,8,7.102723314017058,2.962320761531592
101,independent,13,merge,9,7.629750945419072,8.134829232245684
101,independent,13,merge,10,7.448600500822067,5.095093274265527
101,independent,13,merge,11,7.511460562348366,5.529721668809652
101,independent,13,merge,12,7.449719710797071,8.041789435893298
101,independent,13,merge,13,7.338380826711655,7.651193958371879
101,independent,13,merge,14,7.331429355740546,3.0054988278448582
101,independent,13,merge,15,7.51319492906332,7.542257820814848
101,independent,13,merge,16,7.332044645100831,11.815213741362095
101,independent,13,merge,17,7.394904621243477,3.509556334465742
101,independent,14,intersection,0,6.959097022116183,12.675797506570817
101,independent,14,intersection,1,6.732301016300917,5.126775380074978
101,independent,14,intersection,2,6.65381150946021,5.641310444772243
101,independent,14,intersection,3,6.730071157962082,3.622675401568413
101,independent,14,intersection,4,6.503274996131658,3.6526090718805793
101,independent,14,intersection,5,6.4247854816913605,3.1551684199273584
101,independent,14,intersection,6,6.648243667930365,2.728426375240088
101,independent,14,intersection,7,6.421447875648736,2.424727974236012
101,independent,14,intersection,8,6.342958146333695,1.959284471273422
101,independent,14,intersection,9,6.865450215041637,12.44025151371956
101,independent,14,intersection,10,6.68523724809289,5.008606471717358
101,independent,14,intersection,11,6.75040537238121,5.990639174878597
101,independent,14,intersection,12,6.683488229513168,3.5052981919050223
101,independent,14,intersection,13,6.572972619533539,4.312274882346392
101,independent,14,intersection,14,6.568443136513233,3.622666060775518
101,independent,14,intersection,15,6.747948908954859,3.0742572914063926
101,independent,14,intersection,16,6.567735818177461,2.888981579840183
101,independent,14,intersection,17,6.632904074937105,2.8977497696876524
101,independent,15,merge,0,7.726303402334452,21.34205145567656
101,independent,15,merge,1,7.49676875770092,9.415979005694387
101,independent,15,merge,2,7.413565354049206,8.828352583944799
101,independent,15,merge,3,7.49906879723072,10.620240927934644
101,independent,15,merge,4,7.269534011632204,19.09416889220476
101,independent,15,merge,5,7.186330455243587,9.306542295962572
101,independent,15,merge,6,7.417256255447865,10.235844351947309
101,independent,15,merge,7,7.187721402496099,12.109772199839352
101,independent,15,merge,8,7.104517916887999,18.322145902216437
101,independent,15,merge,9,7.632161547094585,21.108557547330854
101,independent,15,merge,10,7.449937619268894,9.298519745469092
101,independent,15,merge,11,7.514110065996647,8.972489677965642
101,independent,15,merge,12,7.451757845580578,10.504206324517726
101,independent,15,merge,13,7.33987560853362,16.75067715317011
101,independent,15,merge,14,7.333706319332123,9.568138733357191
101,independent,15,merge,15,7.5152103677392,10.38476663976908
101,independent,15,merge,16,7.332986513972282,12.974729112535714
101,independent,15,merge,17,7.397158677428961,18.84869926810265
101,privileged,0,intersection,0,6.5838840948045245,5.40367926120758
101,privileged,0,intersection,1,5.364499971717596,4.082182053029537
101,privileged,0,intersection,2,5.2626093423366544,3.302841632664204
101,privileged,0,intersection,3,5.360722586065531,4.178498279452324
101,privileged,0,intersection,4,4.102459889501333,2.8570011891424656
101,privileged,0,intersection,5,4.008598140627146,2.277660755962133
101,privileged,0,intersection,6,5.265636673271656,3.865405924618244
101,privileged,0,intersection,7,4.016241101175546,2.7439087849855417
101,privileged,0,intersection,8,3.921306812316179,2.164568369090557
101,privileged,0,intersection,9,5.8488403005898,5.171566106677055
101,privileged,0,intersection,10,4.9887474377453325,3.96498188406229
101,privileged,0,intersection,11,5.58801088064909,3.6479344835877416
101,privileged,0,intersection,12,4.98413497030735,4.063585322499275
101,privileged,0,intersection,13,4.683476137965917,3.1122452284395687
101,privileged,0,intersection,14,4.690716934353112,2.7399537812173365
101,privileged,0,intersection,15,5.58966424509883,3.615621940195561
101,privileged,0,intersection,16,4.69499638453126,2.6090377521514894
101,privileged,0,intersection,17,5.249140509814024,2.491990420520305
101,privileged,1,merge,0,7.967104825973511,17.5266430658102
101,privileged,1,merge,1,6.737264909148216,7.764676684141159
101,privileged,1,merge,2,6.660872988253832,7.0281030294299125
101,privileged,1,merge,3,6.755223090946674,10.517271133363248
101,privileged,1,merge,4,5.463243487179279,15.084119926393033
101,privileged,1,merge,5,5.403730189800262,6.0179465647041805
101,privileged,1,merge,6,6.6260826450586325,9.936150544583796
101,privileged,1,merge,7,5.352042897343635,10.502999374419453
101,privileged,1,merge,8,5.295565545260906,15.036826131492855
101,privileged,1,merge,9,7.238819958418609,17.28726105898619
101,privileged,1,merge,10,6.358162247240544,7.647608880996705
101,privileged,1,merge,11,6.9652132444083685,7.1867372173070905
101,privileged,1,merge,12,6.376137647479773,10.394159202575684
101,privileged,1,merge,13,6.03693645954132,11.3602927801013
101,privileged,1,merge,14,6.068184552788734,6.893899259716274
101,privileged,1,merge,15,6.937345613390208,10.073801727294924
101,privileged,1,merge,16,6.031136967390776,11.36376250937581
101,privileged,1,merge,17,6.598079671263696,15.57354197949171
101,privileged,2,intersection,0,6.648044113665819,6.964779970943928
101,privileged,2,intersection,1,5.4116236923635,5.648947336375714
101,privileged,2,intersection,2,5.342369796186684,5.268729718625545
101,privileged,2,intersection,3,5.406547095775605,5.767095889747143
101,privileged,2,intersection,4,4.126534001231192,4.59572134256363
101,privileged,2,intersection,5,4.065494907498359,4.215503664314747
101,privileged,2,intersection,6,5.345541090518236,5.19922522932291
101,privileged,2,intersection,7,4.072964307069778,4.0278505808115
101,privileged,2,intersection,8,4.012821343690157,3.647632963359356
101,privileged,2,intersection,9,5.911256849914789,6.722994357943536
101,privileged,2,intersection,10,5.028781845867634,5.528330689966678
101,privileged,2,intersection,11,5.652981832623481,5.619907987415791
101,privileged,2,intersection,12,5.025320020914078,5.644694434702396
101,privileged,2,intersection,13,4.738287756890058,4.665997717082501
101,privileged,2,intersection,14,4.745884505957365,4.68729865193367
101,privileged,2,intersection,15,5.655601933300495,5.55133280813694
101,privileged,2,intersection,16,4.752214703708886,4.502359759509563
101,privileged,2,intersection,17,5.333089985698462,4.593936931788922
101,privileged,3,merge,0,8.18423009544611,9.460543373078108
101,privileged,3,merge,1,6.953311590999365,8.076824859380721
101,privileged,3,merge,2,6.828183979094029,7.589520319402218
101,privileged,3,merge,3,6.938713453114032,11.749505444765092
101,privileged,3,merge,4,5.63596703723073,7.165786979645491
101,privileged,3,merge,5,5.530412404388189,6.414983852952719
101,privileged,3,merge,6,6.852795292288066,9.765159908235074
101,privileged,3,merge,7,5.56879220098257,13.181441620886323
101,privileged,3,merge,8,5.466306689083575,6.230638389140367
101,privileged,3,merge,9,7.449409175813198,9.220316019654277
101,privileged,3,merge,10,6.568687408715487,7.95290136307478
101,privileged,3,merge,11,7.144268822073936,7.725901375561952
101,privileged,3,merge,12,6.554129435122014,11.633201623260971
101,privileged,3,merge,13,6.217728311866521,10.417691192924975
101,privileged,3,merge,14,6.218588104397059,6.676730789095164
101,privileged,3,merge,15,7.163990471512079,9.923426889479162
101,privileged,3,merge,16,6.247211301326751,11.056012399196623
101,privileged,3,merge,17,6.786628194153309,6.766956169754266
101,privileged,4,intersection,0,6.6284983022511,4.202493136525154
101,privileged,4,intersection,1,5.389368797391653,3.0050934958457947
101,privileged,4,intersection,2,5.310671820044517,3.0167469030618665
101,privileged,4,intersection,3,5.390969035774469,2.931670106500387
101,privileged,4,intersection,4,4.106762795597315,3.1342706467211245
101,privileged,4,intersection,5,4.037225639224052,2.6841714841127398
101,privileged,4,intersection,6,5.30631435856223,2.185413604527712
101,privileged,4,intersection,7,4.030818073153496,2.112666252255439
101,privileged,4,intersection,8,3.960779889971018,3.5423305293917653
101,privileged,4,intersection,9,5.88488537877798,4.163066649436951
101,privileged,4,intersection,10,5.006247219294309,2.885495829582214
101,privileged,4,intersection,11,5.636280706822872,2.965182166397572
101,privileged,4,intersection,12,5.007863459587098,2.811841421574354
101,privileged,4,intersection,13,4.706697449535131,3.5980552156269545
101,privileged,4,intersection,14,4.725758372545243,2.752204330861568
101,privileged,4,intersection,15,5.63252239242196,2.5316523469984533
101,privileged,4,intersection,16,4.721697205901146,2.8198652672767635
101,privileged,4,intersection,17,5.296856225878,2.819275255799293
101,privileged,5,merge,0,8.018338615298271,11.706590532660485
101,privileged,5,merge,1,6.79223467886448,9.177582334280014
101,privileged,5,merge,2,6.671877909004689,8.597210662811996
101,privileged,5,merge,3,6.7732064634561535,14.534276909679177
101,privileged,5,merge,4,5.479236809313297,9.9546125087142
101,privileged,5,merge,5,5.376401878744364,7.574240881353616
101,privileged,5,merge,6,6.703375235795974,11.339886188656092
101,privileged,5,merge,7,5.423514207303524,18.56022201269865
101,privileged,5,merge,8,5.324176075160504,8.979850216954947
101,privileged,5,merge,9,7.280540724098683,11.459850373119114
101,privileged,5,merge,10,6.404207633584738,8.995180346667766
101,privileged,5,merge,11,6.982014021724463,8.676893352121116
101,privileged,5,merge,12,6.3883330096304425,14.419282623231412
101,privileged,5,merge,13,6.070181574225426,11.995694368332623
101,privileged,5,merge,14,6.06020987033844,7.836325476169585
101,privileged,5,merge,15,7.007473779171706,11.558053367733956
101,privileged,5,merge,16,6.097197182178498,18.89338336989284
101,privileged,5,merge,17,6.640438343435526,9.57509630084038
101,privileged,6,intersection,0,6.560674699693919,8.77326269030571
101,privileged,6,intersection,1,5.334765271246432,5.68357398852706
101,privileged,6,intersection,2,5.257098474949598,7.365464288443327
101,privileged,6,intersection,3,5.325938987135887,4.27373497709632
101,privileged,6,intersection,4,4.059822270274163,3.9746253646910192
101,privileged,6,intersection,5,3.990584820508957,3.579112360924482
101,privileged,6,intersection,6,5.266251446306705,3.920879315584898
101,privileged,6,intersection,7,4.007744007855654,3.654747807234525
101,privileged,6,intersection,8,3.939116825908422,3.0820774658024312
101,privileged,6,intersection,9,5.824296208322048,8.536228570342065
101,privileged,6,intersection,10,4.953614665120839,5.565752346366644
101,privileged,6,intersection,11,5.570766912251711,7.915982845872641
101,privileged,6,intersection,12,4.946106132864951,4.1545225279033176
101,privileged,6,intersection,13,4.663289396762848,4.639134363681078
101,privileged,6,intersection,14,4.669991320818663,4.247452440112829
101,privileged,6,intersection,15,5.577283656895161,4.277270852178335
101,privileged,6,intersection,16,4.682953182160855,4.130351782292127
101,privileged,6,intersection,17,5.254586657434702,4.22602155700326
101,privileged,7,merge,0,7.804439914822579,7.24296961441636
101,privileged,7,merge,1,6.584600488096475,5.212464449554681
101,privileged,7,merge,2,6.5088225691020485,4.545427698045969
101,privileged,7,merge,3,6.582403872907161,5.225212950855493
101,privileged,7,merge,4,5.303827052563428,5.594707935899496
101,privileged,7,merge,5,5.241737908422946,5.727671198397875
101,privileged,7,merge,6,6.510153871923685,4.339899025410414
101,privileged,7,merge,7,5.244749495089055,2.3093937972187994
101,privileged,7,merge,8,5.187168477773667,4.430784521251917
101,privileged,7,merge,9,7.081160522848368,6.987528176903724
101,privileged,7,merge,10,6.204151220172644,5.082299024313688
101,privileged,7,merge,11,6.801784837096929,4.689960493892432
101,privileged,7,merge,12,6.203255268335341,5.099936889559031
101,privileged,7,merge,13,5.9009975413978095,4.05779290497303
101,privileged,7,merge,14,5.906710587739944,8.802369409650565
101,privileged,7,merge,15,6.803016966581345,4.495827057808638
101,privileged,7,merge,16,5.909666958600282,2.5905980125069616
101,privileged,7,merge,17,6.477254489511251,4.998259509950876
101,privileged,8,intersection,0,6.535340421497822,6.255842241942883
101,privileged,8,intersection,1,5.312514046579598,6.856114413887262
101,privileged,8,intersection,2,5.239895407259464,7.849650386124849
101,privileged,8,intersection,3,5.302317159771919,4.140318610221148
101,privileged,8,intersection,4,4.040585163384676,3.110257702469825
101,privileged,8,intersection,5,3.975628969967365,2.422224518060684
101,privileged,8,intersection,6,5.2496790055930616,3.7950452055037016
101,privileged,8,intersection,7,3.9941107532382008,2.50792825192213
101,privileged,8,intersection,8,3.930111193507909,2.167208398878574
101,privileged,8,intersection,9,5.8023144115507606,6.006679644286632
101,privileged,8,intersection,10,4.932456584423781,6.728385492116212
101,privileged,8,intersection,11,5.548575590103864,7.991535850614309
101,privileged,8,intersection,12,4.924845060110092,4.018884762078524
101,privileged,8,intersection,13,4.643481156080961,3.571128994226456
101,privileged,8,intersection,14,4.648502740263938,2.691838826537132
101,privileged,8,intersection,15,5.555887947529555,4.15074815645814
101,privileged,8,intersection,16,4.663352528065443,2.9863442960381503
101,privileged,8,intersection,17,5.234926583468915,3.979602793753147
101,privileged,9,merge,0,7.857658134996892,6.645314110219478
101,privileged,9,merge,1,6.638687295168639,7.869804574251175
101,privileged,9,merge,2,6.549105273783207,7.195165332853795
101,privileged,9,merge,3,6.645223489999771,5.708036426454783
101,privileged,9,merge,4,5.362718734145164,3.332526750415564
101,privileged,9,merge,5,5.290451410412789,8.057887446880342
101,privileged,9,merge,6,6.535202752500772,5.45064827606082
101,privileged,9,merge,7,5.270740922540425,3.2751387283205986
101,privileged,9,merge,8,5.201969561725855,3.0004993215203286
101,privileged,9,merge,9,7.135602985322475,6.411866526901722
101,privileged,9,merge,10,6.261678114682436,7.752735149860382
101,privileged,9,merge,11,6.852862364053727,7.348598859608173
101,privileged,9,merge,12,6.268237470686435,5.591658178418874
101,privileged,9,merge,13,5.935959049016238,3.589328377693892
101,privileged,9,merge,14,5.956168815940618,4.728390340805054
101,privileged,9,merge,15,6.841576068103313,5.596963949054479
101,privileged,9,merge,16,5.941999663859606,3.5378324821591374
101,privileged,9,merge,17,6.498647946119309,3.533696027696133
101,privileged,10,intersection,0,6.512207879573108,7.024310186058283
101,privileged,10,intersection,1,5.280386943817138,5.917164995521306
101,privileged,10,intersection,2,5.2297971464693545,5.132088463455439
101,privileged,10,intersection,3,5.283733476400376,6.145962555855512
101,privileged,10,intersection,4,4.013493614792823,4.953728255480528
101,privileged,10,intersection,5,3.967786671519279,4.168651907891034
101,privileged,10,intersection,6,5.221405445337295,5.952581635564565
101,privileged,10,intersection,7,3.9572898678481576,4.76014657124877
101,privileged,10,intersection,8,3.912543516457081,3.9750702296197415
101,privileged,10,intersection,9,5.775584423989057,6.771930847615003
101,privileged,10,intersection,10,4.900427540838718,5.791387616246938
101,privileged,10,intersection,11,5.540519997924566,5.484257872551679
101,privileged,10,intersection,12,4.901150527894497,6.017883073836566
101,privileged,10,intersection,13,4.628730699270964,5.032373331040144
101,privileged,10,intersection,14,4.645362144261599,4.646598673015833
101,privileged,10,intersection,15,5.532159103304148,6.099645475298166
101,privileged,10,intersection,16,4.636361704468727,5.035289839059114
101,privileged,10,intersection,17,5.229032491892577,4.728160173147917
101,privileged,11,merge,0,7.793164571225643,7.617805186808109
101,privileged,11,merge,1,6.572794772535563,6.4905631005764
101,privileged,11,merge,2,6.499592162072659,6.097492335438727
101,privileged,11,merge,3,6.575058912485838,8.97675896257162
101,privileged,11,merge,4,5.298112038224936,4.649516916424036
101,privileged,11,merge,5,5.238473037332295,4.186503714472055
101,privileged,11,merge,6,6.496670072674752,7.35470412403345
101,privileged,11,merge,7,5.234194065779448,8.93887589558959
101,privileged,11,merge,8,5.179307088702917,3.17682779610157
101,privileged,11,merge,9,7.07012249469757,7.365043036490679
101,privileged,11,merge,10,6.194638215154409,6.365997218489646
101,privileged,11,merge,11,6.794528216272592,6.251465294361115
101,privileged,11,merge,12,6.19654280051589,8.848562778532504
101,privileged,11,merge,13,5.888995227366686,6.92280248567462
101,privileged,11,merge,14,5.900295805931091,4.465042578727006
101,privileged,11,merge,15,6.792088122218846,7.300671831667424
101,privileged,11,merge,16,5.8966674077510834,11.61303978547454
101,privileged,11,merge,17,6.467257167696952,3.72953047350049
101,privileged,12,intersection,0,6.506413401812315,7.69602808713913
101,privileged,12,intersection,1,5.287323306798935,4.6870389172434805
101,privileged,12,intersection,2,5.21186347424984,4.310481713712215
101,privileged,12,intersection,3,5.2806633080542085,6.684493886232375
101,privileged,12,intersection,4,4.022462984323501,3.675530595779419
101,privileged,12,intersection,5,3.954824899733066,3.2989811536669733
101,privileged,12,intersection,6,5.218063723593949,6.230755891799927
101,privileged,12,intersection,7,3.967521357238293,3.2217925907671447
101,privileged,12,intersection,8,3.90034598916769,2.845243100076913
101,privileged,12,intersection,9,5.774652551412583,7.461358513832092
101,privileged,12,intersection,10,4.909374800920487,4.570208194553852
101,privileged,12,intersection,11,5.524002264589071,4.664482758343219
101,privileged,12,intersection,12,4.902874313443899,6.566655089855193
101,privileged,12,intersection,13,4.619998640120029,3.931378732919693
101,privileged,12,intersection,14,4.629528946876525,3.7698128631711008
101,privileged,12,intersection,15,5.527577552497387,6.588142369389534
101,privileged,12,intersection,16,4.638457347750664,3.69701793089509
101,privileged,12,intersection,17,5.207581780850886,3.791300139576197
101,privileged,13,merge,0,7.868299332559109,8.368071407228708
101,privileged,13,merge,1,6.662744075208902,5.212296314388514
101,privileged,13,merge,2,6.540113335996867,5.386285022944212
101,privileged,13,merge,3,6.653634928911925,8.157828624397515
101,privileged,13,merge,4,5.382768222093581,4.402053368240595
101,privileged,13,merge,5,5.278274506926537,2.744859268218278
101,privileged,13,merge,6,6.552983453422786,7.392195200771093
101,privileged,13,merge,7,5.301226012706756,9.149111776649953
101,privileged,13,merge,8,5.199699423015117,2.962320761531592
101,privileged,13,merge,9,7.1488932789862165,8.134829232245684
101,privileged,13,merge,10,6.286570599377156,5.095093274265527
101,privileged,13,merge,11,6.845986159592866,5.529721668809652
101,privileged,13,merge,12,6.276278727203607,8.041789435893298
101,privileged,13,merge,13,5.954897704571486,7.651193958371879
101,privileged,13,merge,14,5.955059502720833,3.0054988278448582
101,privileged,13,merge,15,6.855304520875215,7.542257820814848
101,privileged,13,merge,16,5.971033957302571,11.815213741362095
101,privileged,13,merge,17,6.505976646393537,3.509556334465742
101,privileged,14,intersection,0,6.5290285630524165,12.675797506570817
101,privileged,14,intersection,1,5.3097903193533424,5.126775380074978
101,privileged,14,intersection,2,5.231151614189147,5.641310444772243
101,privileged,14,intersection,3,5.3117177109420295,3.622675401568413
101,privileged,14,intersection,4,4.051964085102081,3.6526090718805793
101,privileged,14,intersection,5,3.98214786440134,3.1551684199273584
101,privileged,14,intersection,6,5.224637802988291,2.728426375240088
101,privileged,14,intersection,7,3.97317260608077,2.424727974236012
101,privileged,14,intersection,8,3.902658339887857,1.959284471273422
101,privileged,14,intersection,9,5.797156654000282,12.44025151371956
101,privileged,14,intersection,10,4.932230048328639,5.008606471717358
101,privileged,14,intersection,11,5.54937694326043,5.990639174878597
101,privileged,14,intersection,12,4.934350411593915,3.5052981919050223
101,privileged,14,intersection,13,4.6456033849716185,4.312274882346392
101,privileged,14,intersection,14,4.660508341044188,3.622666060775518
101,privileged,14,intersection,15,5.543718612939119,3.0742572914063926
101,privileged,14,intersection,16,4.654724425971508,2.888981579840183
101,privileged,14,intersection,17,5.224644720703363,2.8977497696876524
101,privileged,15,merge,0,8.024829645901919,21.34205145567656
101,privileged,15,merge,1,6.804048350453377,9.415979005694387
101,privileged,15,merge,2,6.68489345997572,8.828352583944799
101,privileged,15,merge,3,6.79920243561268,10.620240927934644
101,privileged,15,merge,4,5.5127309398353095,19.09416889220476
101,privileged,15,merge,5,5.41297064974904,9.306542295962572
101,privileged,15,merge,6,6.691003815829753,10.235844351947309
101,privileged,15,merge,7,5.42469586879015,12.109772199839352
101,privileged,15,merge,8,5.327872055768967,18.322145902216437
101,privileged,15,merge,9,7.294663022458553,21.108557547330854
101,privileged,15,merge,10,6.4249540898203845,9.298519745469092
101,privileged,15,merge,11,6.998890173733234,8.972489677965642
101,privileged,15,merge,12,6.418999934494495,10.504206324517726
101,privileged,15,merge,13,6.079046055823564,16.75067715317011
101,privileged,15,merge,14,6.090310366600751,9.568138733357191
101,privileged,15,merge,15,7.002856694161891,10.38476663976908
101,privileged,15,merge,16,6.098237784057855,12.974729112535714
101,privileged,15,merge,17,6.637610054910183,18.84869926810265
101,D_pairwise,0,intersection,0,9.250540052950385,5.40367926120758
101,D_pairwise,0,intersection,1,7.690078480839729,4.082182053029537
101,D_pairwise,0,intersection,2,7.55081735983491,3.302841632664204
101,D_pairwise,0,intersection,3,7.692461883425714,4.178498279452324
101,D_pairwise,0,intersection,4,5.956903379261493,2.8570011891424656
101,D_pairwise,0,intersection,5,5.804370205402375,2.277660755962133
101,D_pairwise,0,intersection,6,7.548734533041714,3.865405924618244
101,D_pairwise,0,intersection,7,5.800453635901213,2.7439087849855417
101,D_pairwise,0,intersection,8,5.660896201878786,2.164568369090557
101,D_pairwise,0,intersection,9,7.703437647372485,5.171566106677055
101,D_pairwise,0,intersection,10,6.885221472084522,3.96498188406229
101,D_pairwise,0,intersection,11,7.99915839612484,3.6479344835877416
101,D_pairwise,0,intersection,12,6.887055291682482,4.063585322499275
101,D_pairwise,0,intersection,13,6.890175413042305,3.1122452284395687
101,D_pairwise,0,intersection,14,7.091475332230329,2.7399537812173365
101,D_pairwise,0,intersection,15,7.998132029920816,3.615621940195561
101,D_pairwise,0,intersection,16,7.087168433964252,2.6090377521514894
101,D_pairwise,0,intersection,17,8.062520264089107,2.491990420520305
101,D_pairwise,1,merge,0,10.180244425386192,17.5266430658102
101,D_pairwise,1,merge,1,8.613516776859761,7.764676684141159
101,D_pairwise,1,merge,2,8.440089128762484,7.0281030294299125
101,D_pairwise,1,merge,3,8.598296346813441,10.517271133363248
101,D_pairwise,1,merge,4,6.81084990888834,15.084119926393033
101,D_pairwise,1,merge,5,6.657659650295973,6.0179465647041805
101,D_pairwise,1,merge,6,8.418175245374442,9.936150544583796
101,D_pairwise,1,merge,7,6.6275038215518,10.502999374419453
101,D_pairwise,1,merge,8,6.488029986917972,15.036826131492855
101,D_pairwise,1,merge,9,8.640813343822957,17.28726105898619
101,D_pairwise,1,merge,10,7.797126934379339,7.647608880996705
101,D_pairwise,1,merge,11,8.627225598841905,7.1867372173070905
101,D_pairwise,1,merge,12,7.749110541641712,10.394159202575684
101,D_pairwise,1,merge,13,7.550055108219385,11.3602927801013
101,D_pairwise,1,merge,14,7.720778796374797,6.893899259716274
101,D_pairwise,1,merge,15,8.621040174365044,10.073801727294924
101,D_pairwise,1,merge,16,7.741773157417773,11.36376250937581
101,D_pairwise,1,merge,17,8.470712635368109,15.57354197949171
101,D_pairwise,2,intersection,0,9.252848699092866,6.964779970943928
101,D_pairwise,2,intersection,1,7.713271616399288,5.648947336375714
101,D_pairwise,2,intersection,2,7.54604889512062,5.268729718625545
101,D_pairwise,2,intersection,3,7.715920562297105,5.767095889747143
101,D_pairwise,2,intersection,4,5.96820318877697,4.59572134256363
101,D_pairwise,2,intersection,5,5.810923496931792,4.215503664314747
101,D_pairwise,2,intersection,6,7.543086813241244,5.19922522932291
101,D_pairwise,2,intersection,7,5.807957818210124,4.0278505808115
101,D_pairwise,2,intersection,8,5.666344035118819,3.647632963359356
101,D_pairwise,2,intersection,9,7.721368110030889,6.722994357943536
101,D_pairwise,2,intersection,10,6.908366835266352,5.528330689966678
101,D_pairwise,2,intersection,11,8.008145770132542,5.619907987415791
101,D_pairwise,2,intersection,12,6.913626111894846,5.644694434702396
101,D_pairwise,2,intersection,13,6.893309376090765,4.665997717082501
101,D_pairwise,2,intersection,14,7.1119430153071885,4.68729865193367
101,D_pairwise,2,intersection,15,8.007220969945193,5.55133280813694
101,D_pairwise,2,intersection,16,7.10917964950204,4.502359759509563
101,D_pairwise,2,intersection,17,8.070957838147878,4.593936931788922
101,D_pairwise,3,merge,0,10.226520241051912,9.460543373078108
101,D_pairwise,3,merge,1,8.64046575292945,8.076824859380721
101,D_pairwise,3,merge,2,8.453937473446132,7.589520319402218
101,D_pairwise,3,merge,3,8.657914591878653,11.749505444765092
101,D_pairwise,3,merge,4,6.831121782213449,7.165786979645491
101,D_pairwise,3,merge,5,6.644349611252546,6.414983852952719
101,D_pairwise,3,merge,6,8.462589085996152,9.765159908235074
101,D_pairwise,3,merge,7,6.657452996224165,13.181441620886323
101,D_pairwise,3,merge,8,6.48821944579482,6.230638389140367
101,D_pairwise,3,merge,9,8.686710129380225,9.220316019654277
101,D_pairwise,3,merge,10,7.809094185382129,7.95290136307478
101,D_pairwise,3,merge,11,8.673537344783545,7.725901375561952
101,D_pairwise,3,merge,12,7.867140060067176,11.633201623260971
101,D_pairwise,3,merge,13,7.649000162631272,10.417691192924975
101,D_pairwise,3,merge,14,7.849419222772121,6.676730789095164
101,D_pairwise,3,merge,15,8.673072575777768,9.923426889479162
101,D_pairwise,3,merge,16,7.842400327175856,11.056012399196623
101,D_pairwise,3,merge,17,8.51815869256854,6.766956169754266
101,D_pairwise,4,intersection,0,9.18292627081275,4.202493136525154
101,D_pairwise,4,intersection,1,7.641248468607665,3.0050934958457947
101,D_pairwise,4,intersection,2,7.5050827950239185,3.0167469030618665
101,D_pairwise,4,intersection,3,7.626242175102234,2.931670106500387
101,D_pairwise,4,intersection,4,5.887531533837318,3.1342706467211245
101,D_pairwise,4,intersection,5,5.749419330656528,2.6841714841127398
101,D_pairwise,4,intersection,6,7.492007905244828,2.185413604527712
101,D_pairwise,4,intersection,7,5.742379906326532,2.112666252255439
101,D_pairwise,4,intersection,8,5.617327579706907,3.5423305293917653
101,D_pairwise,4,intersection,9,7.688622251302005,4.163066649436951
101,D_pairwise,4,intersection,10,6.873721126616003,2.885495829582214
101,D_pairwise,4,intersection,11,7.998649975508451,2.965182166397572
101,D_pairwise,4,intersection,12,6.854139087349177,2.811841421574354
101,D_pairwise,4,intersection,13,6.84008147969842,3.5980552156269545
101,D_pairwise,4,intersection,14,7.069422392100095,2.752204330861568
101,D_pairwise,4,intersection,15,7.997163513302803,2.5316523469984533
101,D_pairwise,4,intersection,16,7.07018624290824,2.8198652672767635
101,D_pairwise,4,intersection,17,8.010738366544247,2.819275255799293
101,D_pairwise,5,merge,0,10.23964087963104,11.706590532660485
101,D_pairwise,5,merge,1,8.662176581025124,9.177582334280014
101,D_pairwise,5,merge,2,8.454979723542928,8.597210662811996
101,D_pairwise,5,merge,3,8.660944870710374,14.534276909679177
101,D_pairwise,5,merge,4,6.846145461499691,9.9546125087142
101,D_pairwise,5,merge,5,6.651087752282619,7.574240881353616
101,D_pairwise,5,merge,6,8.467567636966706,11.339886188656092
101,D_pairwise,5,merge,7,6.677249403595925,18.56022201269865
101,D_pairwise,5,merge,8,6.502893382310868,8.979850216954947
101,D_pairwise,5,merge,9,8.695757052451372,11.459850373119114
101,D_pairwise,5,merge,10,7.836104823648931,8.995180346667766
101,D_pairwise,5,merge,11,8.662552516162396,8.676893352121116
101,D_pairwise,5,merge,12,7.874702854007483,14.419282623231412
101,D_pairwise,5,merge,13,7.672469575852156,11.995694368332623
101,D_pairwise,5,merge,14,7.862349560707807,7.836325476169585
101,D_pairwise,5,merge,15,8.66367327272892,11.558053367733956
101,D_pairwise,5,merge,16,7.857040028721094,18.89338336989284
101,D_pairwise,5,merge,17,8.540793888270853,9.57509630084038
101,D_pairwise,6,intersection,0,9.21233003422618,8.77326269030571
101,D_pairwise,6,intersection,1,7.655791696906091,5.68357398852706
101,D_pairwise,6,intersection,2,7.511154681146145,7.365464288443327
101,D_pairwise,6,intersection,3,7.664202490746975,4.27373497709632
101,D_pairwise,6,intersection,4,5.914744653850795,3.9746253646910192
101,D_pairwise,6,intersection,5,5.770327107459307,3.579112360924482
101,D_pairwise,6,intersection,6,7.511791237443686,3.920879315584898
101,D_pairwise,6,intersection,7,5.770786589384079,3.654747807234525
101,D_pairwise,6,intersection,8,5.640120017677545,3.0820774658024312
101,D_pairwise,6,intersection,9,7.651961967796088,8.536228570342065
101,D_pairwise,6,intersection,10,6.8359121522307404,5.565752346366644
101,D_pairwise,6,intersection,11,7.958039970993995,7.915982845872641
101,D_pairwise,6,intersection,12,6.840615853369235,4.1545225279033176
101,D_pairwise,6,intersection,13,6.828462475836278,4.639134363681078
101,D_pairwise,6,intersection,14,7.057971766591073,4.247452440112829
101,D_pairwise,6,intersection,15,7.957479039132596,4.277270852178335
101,D_pairwise,6,intersection,16,7.054631718248128,4.130351782292127
101,D_pairwise,6,intersection,17,8.036942238956689,4.22602155700326
101,D_pairwise,7,merge,0,10.160060744881628,7.24296961441636
101,D_pairwise,7,merge,1,8.593677072823048,5.212464449554681
101,D_pairwise,7,merge,2,8.405984566658736,4.545427698045969
101,D_pairwise,7,merge,3,8.583599106520413,5.225212950855493
101,D_pairwise,7,merge,4,6.77937847390771,5.594707935899496
101,D_pairwise,7,merge,5,6.611210637837649,5.727671198397875
101,D_pairwise,7,merge,6,8.40238474920392,4.339899025410414
101,D_pairwise,7,merge,7,6.615344277620315,2.3093937972187994
101,D_pairwise,7,merge,8,6.472405353039503,4.430784521251917
101,D_pairwise,7,merge,9,8.596822266131639,6.987528176903724
101,D_pairwise,7,merge,10,7.77852241590619,5.082299024313688
101,D_pairwise,7,merge,11,8.534254516512155,4.689960493892432
101,D_pairwise,7,merge,12,7.772809214144946,5.099936889559031
101,D_pairwise,7,merge,13,7.580260184705257,4.05779290497303
101,D_pairwise,7,merge,14,7.720729141384363,8.802369409650565
101,D_pairwise,7,merge,15,8.530548783838748,4.495827057808638
101,D_pairwise,7,merge,16,7.722130739688874,2.5905980125069616
101,D_pairwise,7,merge,17,8.43446664378047,4.998259509950876
101,D_pairwise,8,intersection,0,9.1641234908998,6.255842241942883
101,D_pairwise,8,intersection,1,7.624061361253261,6.856114413887262
101,D_pairwise,8,intersection,2,7.474839885234833,7.849650386124849
101,D_pairwise,8,intersection,3,7.628168651163579,4.140318610221148
101,D_pairwise,8,intersection,4,5.884414511770009,3.110257702469825
101,D_pairwise,8,intersection,5,5.739622212052345,2.422224518060684
101,D_pairwise,8,intersection,6,7.472461396753788,3.7950452055037016
101,D_pairwise,8,intersection,7,5.740718263089657,2.50792825192213
101,D_pairwise,8,intersection,8,5.608813885748386,2.167208398878574
101,D_pairwise,8,intersection,9,7.608989070951939,6.006679644286632
101,D_pairwise,8,intersection,10,6.80169821664691,6.728385492116212
101,D_pairwise,8,intersection,11,7.9031728990376,7.991535850614309
101,D_pairwise,8,intersection,12,6.804246330857277,4.018884762078524
101,D_pairwise,8,intersection,13,6.777726070731879,3.571128994226456
101,D_pairwise,8,intersection,14,7.001783944666386,2.691838826537132
101,D_pairwise,8,intersection,15,7.899783829897643,4.15074815645814
101,D_pairwise,8,intersection,16,6.997569367140532,2.9863442960381503
101,D_pairwise,8,intersection,17,7.988381308466195,3.979602793753147
101,D_pairwise,9,merge,0,10.1980929286778,6.645314110219478
101,D_pairwise,9,merge,1,8.622454888224603,7.869804574251175
101,D_pairwise,9,merge,2,8.441133933216333,7.195165332853795
101,D_pairwise,9,merge,3,8.613255914896726,5.708036426454783
101,D_pairwise,9,merge,4,6.825543896108865,3.332526750415564
101,D_pairwise,9,merge,5,6.662392638474702,8.057887446880342
101,D_pairwise,9,merge,6,8.432862798124551,5.45064827606082
101,D_pairwise,9,merge,7,6.655249929279089,3.2751387283205986
101,D_pairwise,9,merge,8,6.507006720453501,3.0004993215203286
101,D_pairwise,9,merge,9,8.650904847979545,6.411866526901722
101,D_pairwise,9,merge,10,7.79039415180683,7.752735149860382
101,D_pairwise,9,merge,11,8.623937754631044,7.348598859608173
101,D_pairwise,9,merge,12,7.76816687181592,5.591658178418874
101,D_pairwise,9,merge,13,7.574713051766157,3.589328377693892
101,D_pairwise,9,merge,14,7.749000593870877,4.728390340805054
101,D_pairwise,9,merge,15,8.618747644722461,5.596963949054479
101,D_pairwise,9,merge,16,7.764329090714455,3.5378324821591374
101,D_pairwise,9,merge,17,8.505252771675586,3.533696027696133
101,D_pairwise,10,intersection,0,9.302140236645936,7.024310186058283
101,D_pairwise,10,intersection,1,7.752666659355163,5.917164995521306
101,D_pairwise,10,intersection,2,7.603594218045472,5.132088463455439
101,D_pairwise,10,intersection,3,7.740300987362861,6.145962555855512
101,D_pairwise,10,intersection,4,5.972265111505985,4.953728255480528
101,D_pairwise,10,intersection,5,5.834625562280417,4.168651907891034
101,D_pairwise,10,intersection,6,7.586587163209915,5.952581635564565
101,D_pairwise,10,intersection,7,5.823434154838323,4.76014657124877
101,D_pairwise,10,intersection,8,5.698861692547797,3.9750702296197415
101,D_pairwise,10,intersection,9,7.7654453375935555,6.771930847615003
101,D_pairwise,10,intersection,10,6.933091854304076,5.791387616246938
101,D_pairwise,10,intersection,11,8.05804481431842,5.484257872551679
101,D_pairwise,10,intersection,12,6.922283257842063,6.017883073836566
101,D_pairwise,10,intersection,13,6.909824329167604,5.032373331040144
101,D_pairwise,10,intersection,14,7.1277034506201735,4.646598673015833
101,D_pairwise,10,intersection,15,8.05137347370386,6.099645475298166
101,D_pairwise,10,intersection,16,7.125441526472569,5.035289839059114
101,D_pairwise,10,intersection,17,8.114593139737845,4.728160173147917
101,D_pairwise,11,merge,0,10.17369491815567,7.617805186808109
101,D_pairwise,11,merge,1,8.585294386595487,6.4905631005764
101,D_pairwise,11,merge,2,8.418988187611104,6.097492335438727
101,D_pairwise,11,merge,3,8.591672104746104,8.97675896257162
101,D_pairwise,11,merge,4,6.7891752764582645,4.649516916424036
101,D_pairwise,11,merge,5,6.640845331698656,4.186503714472055
101,D_pairwise,11,merge,6,8.418110415935516,7.35470412403345
101,D_pairwise,11,merge,7,6.635118420422076,8.93887589558959
101,D_pairwise,11,merge,8,6.50369033202529,3.17682779610157
101,D_pairwise,11,merge,9,8.611691769659519,7.365043036490679
101,D_pairwise,11,merge,10,7.749484203159809,6.365997218489646
101,D_pairwise,11,merge,11,8.572349947094917,6.251465294361115
101,D_pairwise,11,merge,12,7.75349524885416,8.848562778532504
101,D_pairwise,11,merge,13,7.5329110081493855,6.92280248567462
101,D_pairwise,11,merge,14,7.743734803944827,4.465042578727006
101,D_pairwise,11,merge,15,8.573282235264779,7.300671831667424
101,D_pairwise,11,merge,16,7.74351207435131,11.61303978547454
101,D_pairwise,11,merge,17,8.497977824211121,3.72953047350049
101,D_pairwise,12,intersection,0,9.245165816545487,7.69602808713913
101,D_pairwise,12,intersection,1,7.687782636433839,4.6870389172434805
101,D_pairwise,12,intersection,2,7.549259109348059,4.310481713712215
101,D_pairwise,12,intersection,3,7.694479568451643,6.684493886232375
101,D_pairwise,12,intersection,4,5.937604855597018,3.675530595779419
101,D_pairwise,12,intersection,5,5.793738103508949,3.2989811536669733
101,D_pairwise,12,intersection,6,7.548851770013571,6.230755891799927
101,D_pairwise,12,intersection,7,5.79253596022725,3.2217925907671447
101,D_pairwise,12,intersection,8,5.66249176338315,2.845243100076913
101,D_pairwise,12,intersection,9,7.68576646566391,7.461358513832092
101,D_pairwise,12,intersection,10,6.8606630758941165,4.570208194553852
101,D_pairwise,12,intersection,11,7.984901784211396,4.664482758343219
101,D_pairwise,12,intersection,12,6.863377455919981,6.566655089855193
101,D_pairwise,12,intersection,13,6.848895582258702,3.931378732919693
101,D_pairwise,12,intersection,14,7.065074871182441,3.7698128631711008
101,D_pairwise,12,intersection,15,7.984058189243078,6.588142369389534
101,D_pairwise,12,intersection,16,7.061902226805687,3.69701793089509
101,D_pairwise,12,intersection,17,8.053043106049302,3.791300139576197
101,D_pairwise,13,merge,0,10.193543336242438,8.368071407228708
101,D_pairwise,13,merge,1,8.614606990516185,5.212296314388514
101,D_pairwise,13,merge,2,8.426420697122813,5.386285022944212
101,D_pairwise,13,merge,3,8.621517815291881,8.157828624397515
101,D_pairwise,13,merge,4,6.834282151013614,4.402053368240595
101,D_pairwise,13,merge,5,6.650719241201878,2.744859268218278
101,D_pairwise,13,merge,6,8.434640103429556,7.392195200771093
101,D_pairwise,13,merge,7,6.663591752350331,9.149111776649953
101,D_pairwise,13,merge,8,6.499730315059423,2.962320761531592
101,D_pairwise,13,merge,9,8.645302338302136,8.134829232245684
101,D_pairwise,13,merge,10,7.777287735641003,5.095093274265527
101,D_pairwise,13,merge,11,8.576559230536223,5.529721668809652
101,D_pairwise,13,merge,12,7.791280208677053,8.041789435893298
101,D_pairwise,13,merge,13,7.625191432088614,7.651193958371879
101,D_pairwise,13,merge,14,7.72740172341466,3.0054988278448582
101,D_pairwise,13,merge,15,8.580648808628322,7.542257820814848
101,D_pairwise,13,merge,16,7.711531279683114,11.815213741362095
101,D_pairwise,13,merge,17,8.502706597596408,3.509556334465742
101,D_pairwise,14,intersection,0,9.269189729839564,12.675797506570817
101,D_pairwise,14,intersection,1,7.712572080641985,5.126775380074978
101,D_pairwise,14,intersection,2,7.572373929619789,5.641310444772243
101,D_pairwise,14,intersection,3,7.707020535320043,3.622675401568413
101,D_pairwise,14,intersection,4,5.963536413013935,3.6526090718805793
101,D_pairwise,14,intersection,5,5.817030123621225,3.1551684199273584
101,D_pairwise,14,intersection,6,7.556986737251281,2.728426375240088
101,D_pairwise,14,intersection,7,5.805527435988187,2.424727974236012
101,D_pairwise,14,intersection,8,5.672805368453265,1.959284471273422
101,D_pairwise,14,intersection,9,7.718592292815448,12.44025151371956
101,D_pairwise,14,intersection,10,6.8948902590572825,5.008606471717358
101,D_pairwise,14,intersection,11,8.03671266913414,5.990639174878597
101,D_pairwise,14,intersection,12,6.893926732093096,3.5052981919050223
101,D_pairwise,14,intersection,13,6.90067648410797,4.312274882346392
101,D_pairwise,14,intersection,14,7.11164507240057,3.622666060775518
101,D_pairwise,14,intersection,15,8.031852641552685,3.0742572914063926
101,D_pairwise,14,intersection,16,7.110141952037812,2.888981579840183
101,D_pairwise,14,intersection,17,8.092891770601273,2.8977497696876524
101,D_pairwise,15,merge,0,10.195997794419528,21.34205145567656
101,D_pairwise,15,merge,1,8.60697822585702,9.415979005694387
101,D_pairwise,15,merge,2,8.432885192483663,8.828352583944799
101,D_pairwise,15,merge,3,8.61135570332408,10.620240927934644
101,D_pairwise,15,merge,4,6.818032931089402,19.09416889220476
101,D_pairwise,15,merge,5,6.640520499199629,9.306542295962572
101,D_pairwise,15,merge,6,8.437150030285121,10.235844351947309
101,D_pairwise,15,merge,7,6.6459542904794215,12.109772199839352
101,D_pairwise,15,merge,8,6.482471285909414,18.322145902216437
101,D_pairwise,15,merge,9,8.653246334344148,21.108557547330854
101,D_pairwise,15,merge,10,7.768840900659561,9.298519745469092
101,D_pairwise,15,merge,11,8.646068142950535,8.972489677965642
101,D_pairwise,15,merge,12,7.779027963876724,10.504206324517726
101,D_pairwise,15,merge,13,7.61698196798563,16.75067715317011
101,D_pairwise,15,merge,14,7.780630793571472,9.568138733357191
101,D_pairwise,15,merge,15,8.64686580389738,10.38476663976908
101,D_pairwise,15,merge,16,7.772991130501031,12.974729112535714
101,D_pairwise,15,merge,17,8.489627040326596,18.84869926810265
202,A_original,0,intersection,0,13.499050669372082,5.40367926120758
202,A_original,0,intersection,1,11.967378855347633,4.082182053029537
202,A_original,0,intersection,2,11.973487590849402,3.302841632664204
202,A_original,0,intersection,3,11.917616230249408,4.178498279452324
202,A_original,0,intersection,4,10.068629668056964,2.8570011891424656
202,A_original,0,intersection,5,10.057358312010766,2.277660755962133
202,A_original,0,intersection,6,11.914529882967472,3.865405924618244
202,A_original,0,intersection,7,10.04846511542797,2.7439087849855417
202,A_original,0,intersection,8,10.032794246971608,2.164568369090557
202,A_original,0,intersection,9,11.811492011845113,5.171566106677055
202,A_original,0,intersection,10,10.987756817042827,3.96498188406229
202,A_original,0,intersection,11,11.678487757742408,3.6479344835877416
202,A_original,0,intersection,12,10.960584621727469,4.063585322499275
202,A_original,0,intersection,13,10.756532856225968,3.1122452284395687
202,A_original,0,intersection,14,10.740907764136791,2.7399537812173365
202,A_original,0,intersection,15,11.650307112038137,3.615621940195561
202,A_original,0,intersection,16,10.740355226397517,2.6090377521514894
202,A_original,0,intersection,17,11.316257294416427,2.491990420520305
202,A_original,1,merge,0,10.714259073883294,17.5266430658102
202,A_original,1,merge,1,8.354201856404542,7.764676684141159
202,A_original,1,merge,2,8.197224127352237,7.0281030294299125
202,A_original,1,merge,3,8.427387627810239,10.517271133363248
202,A_original,1,merge,4,5.747393676489592,15.084119926393033
202,A_original,1,merge,5,5.632427049726248,6.0179465647041805
202,A_original,1,merge,6,8.247581113725902,9.936150544583796
202,A_original,1,merge,7,5.611891291290521,10.502999374419453
202,A_original,1,merge,8,5.501742813438177,15.036826131492855
202,A_original,1,merge,9,8.431351606994868,17.28726105898619
202,A_original,1,merge,10,7.143400684446097,7.647608880996705
202,A_original,1,merge,11,7.768796361684799,7.1867372173070905
202,A_original,1,merge,12,7.185851247906685,10.394159202575684
202,A_original,1,merge,13,6.4427692678570745,11.3602927801013
202,A_original,1,merge,14,6.311013430207968,6.893899259716274
202,A_original,1,merge,15,7.764580956995488,10.073801727294924
202,A_original,1,merge,16,6.264833872169257,11.36376250937581
202,A_original,1,merge,17,6.790028260350227,15.57354197949171
202,A_original,2,intersection,0,13.752877197563649,6.964779970943928
202,A_original,2,intersection,1,12.203471437692642,5.648947336375714
202,A_original,2,intersection,2,12.21279903113842,5.268729718625545
202,A_original,2,intersection,3,12.09264809548855,5.767095889747143
202,A_original,2,intersection,4,10.182681800723076,4.59572134256363
202,A_original,2,intersection,5,10.16991165071726,4.215503664314747
202,A_original,2,intersection,6,12.078595566749572,5.19922522932291
202,A_original,2,intersection,7,10.148425848782065,4.0278505808115
202,A_original,2,intersection,8,10.129767334461212,3.647632963359356
202,A_original,2,intersection,9,11.99294084370136,6.722994357943536
202,A_original,2,intersection,10,11.163426688313484,5.528330689966678
202,A_original,2,intersection,11,11.878614722490312,5.619907987415791
202,A_original,2,intersection,12,11.107511160671711,5.644694434702396
202,A_original,2,intersection,13,10.88754669100046,4.665997717082501
202,A_original,2,intersection,14,10.875239476561546,4.68729865193367
202,A_original,2,intersection,15,11.820783798992633,5.55133280813694
202,A_original,2,intersection,16,10.874498242139817,4.502359759509563
202,A_original,2,intersection,17,11.455867083966732,4.593936931788922
202,A_original,3,merge,0,10.663191163092852,9.460543373078108
202,A_original,3,merge,1,8.341141997128725,8.076824859380721
202,A_original,3,merge,2,8.178898537755012,7.589520319402218
202,A_original,3,merge,3,8.31505506336689,11.749505444765092
202,A_original,3,merge,4,5.678302495777608,7.165786979645491
202,A_original,3,merge,5,5.555581499189139,6.414983852952719
202,A_original,3,merge,6,8.170703013092279,9.765159908235074
202,A_original,3,merge,7,5.570736544877291,13.181441620886323
202,A_original,3,merge,8,5.454090277850627,6.230638389140367
202,A_original,3,merge,9,8.407377556711435,9.220316019654277
202,A_original,3,merge,10,7.131742176115512,7.95290136307478
202,A_original,3,merge,11,7.726529791951179,7.725901375561952
202,A_original,3,merge,12,7.114273620843887,11.633201623260971
202,A_original,3,merge,13,6.3541306072473525,10.417691192924975
202,A_original,3,merge,14,6.212877650707961,6.676730789095164
202,A_original,3,merge,15,7.741836929470301,9.923426889479162
202,A_original,3,merge,16,6.244344912618399,11.056012399196623
202,A_original,3,merge,17,6.742330064773559,6.766956169754266
202,A_original,4,intersection,0,13.625162061750888,4.202493136525154
202,A_original,4,intersection,1,12.081431469917298,3.0050934958457947
202,A_original,4,intersection,2,12.091249178647995,3.0167469030618665
202,A_original,4,intersection,3,12.0412856182456,2.931670106500387
202,A_original,4,intersection,4,10.192756633758544,3.1342706467211245
202,A_original,4,intersection,5,10.185375230312347,2.6841714841127398
202,A_original,4,intersection,6,12.041087121665475,2.185413604527712
202,A_original,4,intersection,7,10.177027485370637,2.112666252255439
202,A_original,4,intersection,8,10.165551138818262,3.5423305293917653
202,A_original,4,intersection,9,11.950558735132216,4.163066649436951
202,A_original,4,intersection,10,11.1167226678133,2.885495829582214
202,A_original,4,intersection,11,11.812685209214688,2.965182166397572
202,A_original,4,intersection,12,11.09454202234745,2.811841421574354
202,A_original,4,intersection,13,10.88070290505886,3.5980552156269545
202,A_original,4,intersection,14,10.867310779988768,2.752204330861568
202,A_original,4,intersection,15,11.786017872691154,2.5316523469984533
202,A_original,4,intersection,16,10.863368110656738,2.8198652672767635
202,A_original,4,intersection,17,11.439594132900238,2.819275255799293
202,A_original,5,merge,0,10.525883934646846,11.706590532660485
202,A_original,5,merge,1,8.263226107060909,9.177582334280014
202,A_original,5,merge,2,8.087801255583763,8.597210662811996
202,A_original,5,merge,3,8.213061117380857,14.534276909679177
202,A_original,5,merge,4,5.661701287925244,9.9546125087142
202,A_original,5,merge,5,5.52023038342595,7.574240881353616
202,A_original,5,merge,6,8.062343622744082,11.339886188656092
202,A_original,5,merge,7,5.5411216121912,18.56022201269865
202,A_original,5,merge,8,5.40091974467039,8.979850216954947
202,A_original,5,merge,9,8.266157573908568,11.459850373119114
202,A_original,5,merge,10,7.051563635766505,8.995180346667766
202,A_original,5,merge,11,7.629787287265062,8.676893352121116
202,A_original,5,merge,12,7.015600594580173,14.419282623231412
202,A_original,5,merge,13,6.343560608178377,11.995694368332623
202,A_original,5,merge,14,6.182108444720507,7.836325476169585
202,A_original,5,merge,15,7.636550340950488,11.558053367733956
202,A_original,5,merge,16,6.223785643428564,18.89338336989284
202,A_original,5,merge,17,6.702525187134743,9.57509630084038
202,A_original,6,intersection,0,13.553901923298834,8.77326269030571
202,A_original,6,intersection,1,12.067054228484633,5.68357398852706
202,A_original,6,intersection,2,12.078436077833176,7.365464288443327
202,A_original,6,intersection,3,11.956261863112449,4.27373497709632
202,A_original,6,intersection,4,10.134233149588107,3.9746253646910192
202,A_original,6,intersection,5,10.127371829152109,3.579112360924482
202,A_original,6,intersection,6,11.945485898554324,3.920879315584898
202,A_original,6,intersection,7,10.105942631959916,3.654747807234525
202,A_original,6,intersection,8,10.094189830124378,3.0820774658024312
202,A_original,6,intersection,9,11.866455622911454,8.536228570342065
202,A_original,6,intersection,10,11.066224491596222,5.565752346366644
202,A_original,6,intersection,11,11.765442906916142,7.915982845872641
202,A_original,6,intersection,12,11.009904986917974,4.1545225279033176
202,A_original,6,intersection,13,10.820456258654596,4.639134363681078
202,A_original,6,intersection,14,10.812072415351867,4.247452440112829
202,A_original,6,intersection,15,11.709021366238597,4.277270852178335
202,A_original,6,intersection,16,10.813076722323895,4.130351782292127
202,A_original,6,intersection,17,11.386982890963557,4.22602155700326
202,A_original,7,merge,0,10.63210633471608,7.24296961441636
202,A_original,7,merge,1,8.332387044131757,5.212464449554681
202,A_original,7,merge,2,8.16220801487565,4.545427698045969
202,A_original,7,merge,3,8.3446764652431,5.225212950855493
202,A_original,7,merge,4,5.723338203281164,5.594707935899496
202,A_original,7,merge,5,5.593431051969528,5.727671198397875
202,A_original,7,merge,6,8.17910095334053,4.339899025410414
202,A_original,7,merge,7,5.595883406698704,2.3093937972187994
202,A_original,7,merge,8,5.467185687720776,4.430784521251917
202,A_original,7,merge,9,8.336998814791441,6.987528176903724
202,A_original,7,merge,10,7.1022112455964095,5.082299024313688
202,A_original,7,merge,11,7.716078843176365,4.689960493892432
202,A_original,7,merge,12,7.103040300160646,5.099936889559031
202,A_original,7,merge,13,6.426897273212672,4.05779290497303
202,A_original,7,merge,14,6.276033363342286,8.802369409650565
202,A_original,7,merge,15,7.717423923015595,4.495827057808638
202,A_original,7,merge,16,6.276127767115831,2.5905980125069616
202,A_original,7,merge,17,6.784743765741587,4.998259509950876
202,A_original,8,intersection,0,13.559168008565903,6.255842241942883
202,A_original,8,intersection,1,12.033414288163184,6.856114413887262
202,A_original,8,intersection,2,12.04770423680544,7.849650386124849
202,A_original,8,intersection,3,11.947410150170326,4.140318610221148
202,A_original,8,intersection,4,10.089547897577289,3.110257702469825
202,A_original,8,intersection,5,10.083833305835723,2.422224518060684
202,A_original,8,intersection,6,11.94654267460108,3.7950452055037016
202,A_original,8,intersection,7,10.069878487884996,2.50792825192213
202,A_original,8,intersection,8,10.05946915268898,2.167208398878574
202,A_original,8,intersection,9,11.853215852081776,6.006679644286632
202,A_original,8,intersection,10,11.035097050070762,6.728385492116212
202,A_original,8,intersection,11,11.743841655552387,7.991535850614309
202,A_original,8,intersection,12,10.98844297081232,4.018884762078524
202,A_original,8,intersection,13,10.784007743895057,3.571128994226456
202,A_original,8,intersection,14,10.774529673755168,2.691838826537132
202,A_original,8,intersection,15,11.696781213879584,4.15074815645814
202,A_original,8,intersection,16,10.775592195987702,2.9863442960381503
202,A_original,8,intersection,17,11.358393255472183,3.979602793753147
202,A_original,9,merge,0,10.705508673191073,6.645314110219478
202,A_original,9,merge,1,8.406536490172147,7.869804574251175
202,A_original,9,merge,2,8.225200299471616,7.195165332853795
202,A_original,9,merge,3,8.436584506183863,5.708036426454783
202,A_original,9,merge,4,5.847295001745223,3.332526750415564
202,A_original,9,merge,5,5.7145613577961925,8.057887446880342
202,A_original,9,merge,6,8.24761413782835,5.45064827606082
202,A_original,9,merge,7,5.70719851911068,3.2751387283205986
202,A_original,9,merge,8,5.577617683112621,3.0004993215203286
202,A_original,9,merge,9,8.42040846928954,6.411866526901722
202,A_original,9,merge,10,7.18721772044897,7.752735149860382
202,A_original,9,merge,11,7.777616231143475,7.348598859608173
202,A_original,9,merge,12,7.201820811480284,5.591658178418874
202,A_original,9,merge,13,6.5395163062214845,3.589328377693892
202,A_original,9,merge,14,6.384672110080719,4.728390340805054
202,A_original,9,merge,15,7.773205460906029,5.596963949054479
202,A_original,9,merge,16,6.366120206564666,3.5378324821591374
202,A_original,9,merge,17,6.863889509588479,3.533696027696133
202,A_original,10,intersection,0,13.44258469760418,7.024310186058283
202,A_original,10,intersection,1,11.90437279969454,5.917164995521306
202,A_original,10,intersection,2,11.906908563375474,5.132088463455439
202,A_original,10,intersection,3,11.888742548823355,6.145962555855512
202,A_original,10,intersection,4,10.040518489181997,4.953728255480528
202,A_original,10,intersection,5,10.028176950216295,4.168651907891034
202,A_original,10,intersection,6,11.886735144257544,5.952581635564565
202,A_original,10,intersection,7,10.02551352828741,4.76014657124877
202,A_original,10,intersection,8,10.00940584152937,3.9750702296197415
202,A_original,10,intersection,9,11.77436335146427,6.771930847615003
202,A_original,10,intersection,10,10.946041882634162,5.791387616246938
202,A_original,10,intersection,11,11.628072008788584,5.484257872551679
202,A_original,10,intersection,12,10.937387641370297,6.017883073836566
202,A_original,10,intersection,13,10.726889780163766,5.032373331040144
202,A_original,10,intersection,14,10.70641705095768,4.646598673015833
202,A_original,10,intersection,15,11.614351122677324,6.099645475298166
202,A_original,10,intersection,16,10.701350048184397,5.035289839059114
202,A_original,10,intersection,17,11.276040000915527,4.728160173147917
202,A_original,11,merge,0,10.609016200751066,7.617805186808109
202,A_original,11,merge,1,8.337312414944172,6.4905631005764
202,A_original,11,merge,2,8.158893865495921,6.097492335438727
202,A_original,11,merge,3,8.359085407853128,8.97675896257162
202,A_original,11,merge,4,5.796261840015649,4.649516916424036
202,A_original,11,merge,5,5.661769331991672,4.186503714472055
202,A_original,11,merge,6,8.179693733602763,7.35470412403345
202,A_original,11,merge,7,5.661085456609726,8.93887589558959
202,A_original,11,merge,8,5.527593099325895,3.17682779610157
202,A_original,11,merge,9,8.323701027929783,7.365043036490679
202,A_original,11,merge,10,7.11561634361744,6.365997218489646
202,A_original,11,merge,11,7.711303436011076,6.251465294361115
202,A_original,11,merge,12,7.1275694881379605,8.848562778532504
202,A_original,11,merge,13,6.495423817187548,6.92280248567462
202,A_original,11,merge,14,6.338956376910209,4.465042578727006
202,A_original,11,merge,15,7.720036621391772,7.300671831667424
202,A_original,11,merge,16,6.33547249674797,11.61303978547454
202,A_original,11,merge,17,6.835379481762648,3.72953047350049
202,A_original,12,intersection,0,13.4039463365078,7.69602808713913
202,A_original,12,intersection,1,11.90179029405117,4.6870389172434805
202,A_original,12,intersection,2,11.907981642484666,4.310481713712215
202,A_original,12,intersection,3,11.807490900456909,6.684493886232375
202,A_original,12,intersection,4,9.981271090209484,3.675530595779419
202,A_original,12,intersection,5,9.971685955524444,3.2989811536669733
202,A_original,12,intersection,6,11.79461452960968,6.230755891799927
202,A_original,12,intersection,7,9.953834114372729,3.2217925907671447
202,A_original,12,intersection,8,9.94028283894062,2.845243100076913
202,A_original,12,intersection,9,11.7188132083416,7.461358513832092
202,A_original,12,intersection,10,10.910468809902667,4.570208194553852
202,A_original,12,intersection,11,11.596699466109277,4.664482758343219
202,A_original,12,intersection,12,10.864023019969464,6.566655089855193
202,A_original,12,intersection,13,10.660931112468244,3.931378732919693
202,A_original,12,intersection,14,10.648950469791886,3.7698128631711008
202,A_original,12,intersection,15,11.549463237226009,6.588142369389534
202,A_original,12,intersection,16,10.649162535369395,3.69701793089509
202,A_original,12,intersection,17,11.220888156294825,3.791300139576197
202,A_original,13,merge,0,10.645878309607507,8.368071407228708
202,A_original,13,merge,1,8.387846607118844,5.212296314388514
202,A_original,13,merge,2,8.193056455850602,5.386285022944212
202,A_original,13,merge,3,8.375459218770267,8.157828624397515
202,A_original,13,merge,4,5.837780044972896,4.402053368240595
202,A_original,13,merge,5,5.686312565505505,2.744859268218278
202,A_original,13,merge,6,8.192857041358948,7.392195200771093
202,A_original,13,merge,7,5.696432267576457,9.149111776649953
202,A_original,13,merge,8,5.546738233864308,2.962320761531592
202,A_original,13,merge,9,8.360289452672005,8.134829232245684
202,A_original,13,merge,10,7.163953175544739,5.095093274265527
202,A_original,13,merge,11,7.726537026017905,5.529721668809652
202,A_original,13,merge,12,7.154434373229742,8.041789435893298
202,A_original,13,merge,13,6.524574254006147,7.651193958371879
202,A_original,13,merge,14,6.349352704882622,3.0054988278448582
202,A_original,13,merge,15,7.736166342943907,7.542257820814848
202,A_original,13,merge,16,6.367574781179428,11.815213741362095
202,A_original,13,merge,17,6.837820978909732,3.509556334465742
202,A_original,14,intersection,0,13.165549938082696,12.675797506570817
202,A_original,14,intersection,1,11.682968562543392,5.126775380074978
202,A_original,14,intersection,2,11.68948201596737,5.641310444772243
202,A_original,14,intersection,3,11.651435462236403,3.622675401568413
202,A_original,14,intersection,4,9.893161755800246,3.6526090718805793
202,A_original,14,intersection,5,9.88875418573618,3.1551684199273584
202,A_original,14,intersection,6,11.64874693185091,2.728426375240088
202,A_original,14,intersection,7,9.881120885312557,2.424727974236012
202,A_original,14,intersection,8,9.87400247633457,1.959284471273422
202,A_original,14,intersection,9,11.556011479496956,12.44025151371956
202,A_original,14,intersection,10,10.755753781795503,5.008606471717358
202,A_original,14,intersection,11,11.420024809539315,5.990639174878597
202,A_original,14,intersection,12,10.739606475234032,3.5052981919050223
202,A_original,14,intersection,13,10.556867077052592,4.312274882346392
202,A_original,14,intersection,14,10.545532873272895,3.622666060775518
202,A_original,14,intersection,15,11.398883479833604,3.0742572914063926
202,A_original,14,intersection,16,10.540619266331197,2.888981579840183
202,A_original,14,intersection,17,11.110329344570635,2.8977497696876524
202,A_original,15,merge,0,10.591253632307057,21.34205145567656
202,A_original,15,merge,1,8.277544127106665,9.415979005694387
202,A_original,15,merge,2,8.10300374224782,8.828352583944799
202,A_original,15,merge,3,8.27618625923991,10.620240927934644
202,A_original,15,merge,4,5.675320882946252,19.09416889220476
202,A_original,15,merge,5,5.540384724289178,9.306542295962572
202,A_original,15,merge,6,8.108154657781125,10.235844351947309
202,A_original,15,merge,7,5.5458342649042605,12.109772199839352
202,A_original,15,merge,8,5.415748149901628,18.322145902216437
202,A_original,15,merge,9,8.32073365613818,21.108557547330854
202,A_original,15,merge,10,7.06811213001609,9.298519745469092
202,A_original,15,merge,11,7.646907887309791,8.972489677965642
202,A_original,15,merge,12,7.065757848471403,10.504206324517726
202,A_original,15,merge,13,6.350217320024967,16.75067715317011
202,A_original,15,merge,14,6.196607891917229,9.568138733357191
202,A_original,15,merge,15,7.654589487016201,10.38476663976908
202,A_original,15,merge,16,6.206140149831771,12.974729112535714
202,A_original,15,merge,17,6.691643582582474,18.84869926810265
202,B_factorial,0,intersection,0,7.507262552380562,5.40367926120758
202,B_factorial,0,intersection,1,6.110495641678572,4.082182053029537
202,B_factorial,0,intersection,2,6.002948314249515,3.302841632664204
202,B_factorial,0,intersection,3,6.107700090706349,4.178498279452324
202,B_factorial,0,intersection,4,4.572570267170668,2.8570011891424656
202,B_factorial,0,intersection,5,4.529352167248726,2.277660755962133
202,B_factorial,0,intersection,6,6.001907380074263,3.865405924618244
202,B_factorial,0,intersection,7,4.529142868220806,2.7439087849855417
202,B_factorial,0,intersection,8,4.4925141622126095,2.164568369090557
202,B_factorial,0,intersection,9,6.013675094991921,5.171566106677055
202,B_factorial,0,intersection,10,5.323721788227558,3.96498188406229
202,B_factorial,0,intersection,11,6.044916985929012,3.6479344835877416
202,B_factorial,0,intersection,12,5.320732742398977,4.063585322499275
202,B_factorial,0,intersection,13,5.380902476757765,3.1122452284395687
202,B_factorial,0,intersection,14,5.3905098952353,2.7399537812173365
202,B_factorial,0,intersection,15,6.042838196456432,3.615621940195561
202,B_factorial,0,intersection,16,5.390821787416935,2.6090377521514894
202,B_factorial,0,intersection,17,6.0986506401002405,2.491990420520305
202,B_factorial,1,merge,0,9.023020617514849,17.5266430658102
202,B_factorial,1,merge,1,7.501029189080001,7.764676684141159
202,B_factorial,1,merge,2,7.36780965730548,7.0281030294299125
202,B_factorial,1,merge,3,7.512927068024873,10.517271133363248
202,B_factorial,1,merge,4,5.825639098435641,15.084119926393033
202,B_factorial,1,merge,5,5.753051803857089,6.0179465647041805
202,B_factorial,1,merge,6,7.360758008658886,9.936150544583796
202,B_factorial,1,merge,7,5.743066197931767,10.502999374419453
202,B_factorial,1,merge,8,5.675352788567542,15.036826131492855
202,B_factorial,1,merge,9,7.469068543761968,17.28726105898619
202,B_factorial,1,merge,10,6.687632841169834,7.647608880996705
202,B_factorial,1,merge,11,7.398934147357941,7.1867372173070905
202,B_factorial,1,merge,12,6.693869507461787,10.394159202575684
202,B_factorial,1,merge,13,6.648796138465404,11.3602927801013
202,B_factorial,1,merge,14,6.636860009878874,6.893899259716274
202,B_factorial,1,merge,15,7.400388339608907,10.073801727294924
202,B_factorial,1,merge,16,6.6304030609130855,11.36376250937581
202,B_factorial,1,merge,17,7.323112227767705,15.57354197949171
202,B_factorial,2,intersection,0,7.776362183690072,6.964779970943928
202,B_factorial,2,intersection,1,6.325151340961456,5.648947336375714
202,B_factorial,2,intersection,2,6.222747578024864,5.268729718625545
202,B_factorial,2,intersection,3,6.320645205676555,5.767095889747143
202,B_factorial,2,intersection,4,4.735065982490777,4.59572134256363
202,B_factorial,2,intersection,5,4.691207432746888,4.215503664314747
202,B_factorial,2,intersection,6,6.220465271174908,5.19922522932291
202,B_factorial,2,intersection,7,4.6908236116170885,4.0278505808115
202,B_factorial,2,intersection,8,4.652356102019548,3.647632963359356
202,B_factorial,2,intersection,9,6.24153009608388,6.722994357943536
202,B_factorial,2,intersection,10,5.519962179660798,5.528330689966678
202,B_factorial,2,intersection,11,6.261334422975779,5.619907987415791
202,B_factorial,2,intersection,12,5.515841594189406,5.644694434702396
202,B_factorial,2,intersection,13,5.563274943083526,4.665997717082501
202,B_factorial,2,intersection,14,5.561798398196697,4.68729865193367
202,B_factorial,2,intersection,15,6.257977736145257,5.55133280813694
202,B_factorial,2,intersection,16,5.561900060921907,4.502359759509563
202,B_factorial,2,intersection,17,6.287737557888031,4.593936931788922
202,B_factorial,3,merge,0,9.244399096816778,9.460543373078108
202,B_factorial,3,merge,1,7.685734398365021,8.076824859380721
202,B_factorial,3,merge,2,7.531401698440312,7.589520319402218
202,B_factorial,3,merge,3,7.678913905620575,11.749505444765092
202,B_factorial,3,merge,4,5.918306800872088,7.165786979645491
202,B_factorial,3,merge,5,5.832469473928214,6.414983852952719
202,B_factorial,3,merge,6,7.540830555111171,9.765159908235074
202,B_factorial,3,merge,7,5.841424832046033,13.181441620886323
202,B_factorial,3,merge,8,5.760334796607494,6.230638389140367
202,B_factorial,3,merge,9,7.642848540842533,9.220316019654277
202,B_factorial,3,merge,10,6.836943247467279,7.95290136307478
202,B_factorial,3,merge,11,7.572775866836309,7.725901375561952
202,B_factorial,3,merge,12,6.833295196145772,11.633201623260971
202,B_factorial,3,merge,13,6.783317485749722,10.417691192924975
202,B_factorial,3,merge,14,6.75409637361765,6.676730789095164
202,B_factorial,3,merge,15,7.574836753904819,9.923426889479162
202,B_factorial,3,merge,16,6.760422894507647,11.056012399196623
202,B_factorial,3,merge,17,7.462714713215827,6.766956169754266
202,B_factorial,4,intersection,0,7.234475430548191,4.202493136525154
202,B_factorial,4,intersection,1,5.858395674675703,3.0050934958457947
202,B_factorial,4,intersection,2,5.759167513549329,3.0167469030618665
202,B_factorial,4,intersection,3,5.858023016452789,2.931670106500387
202,B_factorial,4,intersection,4,4.350011496394872,3.1342706467211245
202,B_factorial,4,intersection,5,4.31252986088395,2.6841714841127398
202,B_factorial,4,intersection,6,5.756476130038498,2.185413604527712
202,B_factorial,4,intersection,7,4.310407140105962,2.112666252255439
202,B_factorial,4,intersection,8,4.27926053583622,3.5423305293917653
202,B_factorial,4,intersection,9,5.768618645817041,4.163066649436951
202,B_factorial,4,intersection,10,5.086757141798735,2.885495829582214
202,B_factorial,4,intersection,11,5.796369646042585,2.965182166397572
202,B_factorial,4,intersection,12,5.085478738546371,2.811841421574354
202,B_factorial,4,intersection,13,5.145944760888815,3.5980552156269545
202,B_factorial,4,intersection,14,5.1552353052794935,2.752204330861568
202,B_factorial,4,intersection,15,5.7945636226236825,2.5316523469984533
202,B_factorial,4,intersection,16,5.154344079792499,2.8198652672767635
202,B_factorial,4,intersection,17,5.853379762470722,2.819275255799293
202,B_factorial,5,merge,0,9.18431447133422,11.706590532660485
202,B_factorial,5,merge,1,7.639342031627894,9.177582334280014
202,B_factorial,5,merge,2,7.485171609371901,8.597210662811996
202,B_factorial,5,merge,3,7.629692621976137,14.534276909679177
202,B_factorial,5,merge,4,5.898746000677347,9.9546125087142
202,B_factorial,5,merge,5,5.813685056716203,7.574240881353616
202,B_factorial,5,merge,6,7.497067835330963,11.339886188656092
202,B_factorial,5,merge,7,5.825476509332657,18.56022201269865
202,B_factorial,5,merge,8,5.745129214972257,8.979850216954947
202,B_factorial,5,merge,9,7.592709272503852,11.459850373119114
202,B_factorial,5,merge,10,6.797007434666156,8.995180346667766
202,B_factorial,5,merge,11,7.527188200056553,8.676893352121116
202,B_factorial,5,merge,12,6.791735295653343,14.419282623231412
202,B_factorial,5,merge,13,6.759520434588193,11.995694368332623
202,B_factorial,5,merge,14,6.727687470316887,7.836325476169585
202,B_factorial,5,merge,15,7.529329250603915,11.558053367733956
202,B_factorial,5,merge,16,6.735637066960335,18.89338336989284
202,B_factorial,5,merge,17,7.438353982120751,9.57509630084038
202,B_factorial,6,intersection,0,7.605272989720107,8.77326269030571
202,B_factorial,6,intersection,1,6.185602127313613,5.68357398852706
202,B_factorial,6,intersection,2,6.082568883448839,7.365464288443327
202,B_factorial,6,intersection,3,6.180573326051235,4.27373497709632
202,B_factorial,6,intersection,4,4.629507034420967,3.9746253646910192
202,B_factorial,6,intersection,5,4.586473568230867,3.579112360924482
202,B_factorial,6,intersection,6,6.082680014371872,3.920879315584898
202,B_factorial,6,intersection,7,4.587799334675074,3.654747807234525
202,B_factorial,6,intersection,8,4.55046888768673,3.0820774658024312
202,B_factorial,6,intersection,9,6.094332060664892,8.536228570342065
202,B_factorial,6,intersection,10,5.391445330679416,5.565752346366644
202,B_factorial,6,intersection,11,6.122437060475349,7.915982845872641
202,B_factorial,6,intersection,12,5.387154640257358,4.1545225279033176
202,B_factorial,6,intersection,13,5.445933762341738,4.639134363681078
202,B_factorial,6,intersection,14,5.446219065040349,4.247452440112829
202,B_factorial,6,intersection,15,6.119266098439693,4.277270852178335
202,B_factorial,6,intersection,16,5.446728825271129,4.130351782292127
202,B_factorial,6,intersection,17,6.161229915767908,4.22602155700326
202,B_factorial,7,merge,0,8.626341180950403,7.24296961441636
202,B_factorial,7,merge,1,7.164156650304793,5.212464449554681
202,B_factorial,7,merge,2,7.031673700362444,4.545427698045969
202,B_factorial,7,merge,3,7.163764745891095,5.225212950855493
202,B_factorial,7,merge,4,5.5618329715728745,5.594707935899496
202,B_factorial,7,merge,5,5.493014221638441,5.727671198397875
202,B_factorial,7,merge,6,7.034181574136018,4.339899025410414
202,B_factorial,7,merge,7,5.494618850499392,2.3093937972187994
202,B_factorial,7,merge,8,5.430799187272788,4.430784521251917
202,B_factorial,7,merge,9,7.122054514437914,6.987528176903724
202,B_factorial,7,merge,10,6.37568249002099,5.082299024313688
202,B_factorial,7,merge,11,7.063413017690183,4.689960493892432
202,B_factorial,7,merge,12,6.375338646769523,5.099936889559031
202,B_factorial,7,merge,13,6.36605946779251,4.05779290497303
202,B_factorial,7,merge,14,6.343259520828724,8.802369409650565
202,B_factorial,7,merge,15,7.064346545785666,4.495827057808638
202,B_factorial,7,merge,16,6.344182653278112,2.5905980125069616
202,B_factorial,7,merge,17,7.0204685609042645,4.998259509950876
202,B_factorial,8,intersection,0,7.551250213384628,6.255842241942883
202,B_factorial,8,intersection,1,6.132962325513363,6.856114413887262
202,B_factorial,8,intersection,2,6.030530504584312,7.849650386124849
202,B_factorial,8,intersection,3,6.12654540553689,4.140318610221148
202,B_factorial,8,intersection,4,4.56767615661025,3.110257702469825
202,B_factorial,8,intersection,5,4.525781900882721,2.422224518060684
202,B_factorial,8,intersection,6,6.029844048917293,3.7950452055037016
202,B_factorial,8,intersection,7,4.5272089201211925,2.50792825192213
202,B_factorial,8,intersection,8,4.490986524224281,2.167208398878574
202,B_factorial,8,intersection,9,6.03768627822399,6.006679644286632
202,B_factorial,8,intersection,10,5.333645376563071,6.728385492116212
202,B_factorial,8,intersection,11,6.069847276210785,7.991535850614309
202,B_factorial,8,intersection,12,5.3286388617753975,4.018884762078524
202,B_factorial,8,intersection,13,5.391334015727043,3.571128994226456
202,B_factorial,8,intersection,14,5.391305963397025,2.691838826537132
202,B_factorial,8,intersection,15,6.065778962224722,4.15074815645814
202,B_factorial,8,intersection,16,5.391607204526663,2.9863442960381503
202,B_factorial,8,intersection,17,6.106215973347425,3.979602793753147
202,B_factorial,9,merge,0,8.816109057068823,6.645314110219478
202,B_factorial,9,merge,1,7.346449905633927,7.869804574251175
202,B_factorial,9,merge,2,7.20838692933321,7.195165332853795
202,B_factorial,9,merge,3,7.350642078369855,5.708036426454783
202,B_factorial,9,merge,4,5.736343922168016,3.332526750415564
202,B_factorial,9,merge,5,5.663417609930038,8.057887446880342
202,B_factorial,9,merge,6,7.206569379717111,5.45064827606082
202,B_factorial,9,merge,7,5.66028822183609,3.2751387283205986
202,B_factorial,9,merge,8,5.592550348192454,3.0004993215203286
202,B_factorial,9,merge,9,7.300994634926319,6.411866526901722
202,B_factorial,9,merge,10,6.553905073404312,7.752735149860382
202,B_factorial,9,merge,11,7.242481824308634,7.348598859608173
202,B_factorial,9,merge,12,6.556168573945762,5.591658178418874
202,B_factorial,9,merge,13,6.5360928678512575,3.589328377693892
202,B_factorial,9,merge,14,6.521852644979953,4.728390340805054
202,B_factorial,9,merge,15,7.24308575630188,5.596963949054479
202,B_factorial,9,merge,16,6.5194151635468,3.5378324821591374
202,B_factorial,9,merge,17,7.195370171219111,3.533696027696133
202,B_factorial,10,intersection,0,7.781291563808918,7.024310186058283
202,B_factorial,10,intersection,1,6.342791981101035,5.917164995521306
202,B_factorial,10,intersection,2,6.249614251405001,5.132088463455439
202,B_factorial,10,intersection,3,6.341457139402628,6.145962555855512
202,B_factorial,10,intersection,4,4.768617259562015,4.953728255480528
202,B_factorial,10,intersection,5,4.7314729455113405,4.168651907891034
202,B_factorial,10,intersection,6,6.243591293096543,5.952581635564565
202,B_factorial,10,intersection,7,4.727523495256901,4.76014657124877
202,B_factorial,10,intersection,8,4.695980174094439,3.9750702296197415
202,B_factorial,10,intersection,9,6.250837676823139,6.771930847615003
202,B_factorial,10,intersection,10,5.538153248280286,5.791387616246938
202,B_factorial,10,intersection,11,6.285486635416745,5.484257872551679
202,B_factorial,10,intersection,12,5.535302636623382,6.017883073836566
202,B_factorial,10,intersection,13,5.596235953569412,5.032373331040144
202,B_factorial,10,intersection,14,5.600917995274067,4.646598673015833
202,B_factorial,10,intersection,15,6.281663887053728,6.099645475298166
202,B_factorial,10,intersection,16,5.599418829232453,5.035289839059114
202,B_factorial,10,intersection,17,6.326446329504251,4.728160173147917
202,B_factorial,11,merge,0,8.87732720091939,7.617805186808109
202,B_factorial,11,merge,1,7.399909195005892,6.4905631005764
202,B_factorial,11,merge,2,7.267537390738726,6.097492335438727
202,B_factorial,11,merge,3,7.402892495244742,8.97675896257162
202,B_factorial,11,merge,4,5.7929846945405,4.649516916424036
202,B_factorial,11,merge,5,5.723545734286309,4.186503714472055
202,B_factorial,11,merge,6,7.270309347063303,7.35470412403345
202,B_factorial,11,merge,7,5.723739512562752,8.93887589558959
202,B_factorial,11,merge,8,5.659200623780489,3.17682779610157
202,B_factorial,11,merge,9,7.35818209424615,7.365043036490679
202,B_factorial,11,merge,10,6.608411419689656,6.365997218489646
202,B_factorial,11,merge,11,7.299619229882956,6.251465294361115
202,B_factorial,11,merge,12,6.609903741627932,8.848562778532504
202,B_factorial,11,merge,13,6.593695387393237,6.92280248567462
202,B_factorial,11,merge,14,6.572138608694077,4.465042578727006
202,B_factorial,11,merge,15,7.302445322573186,7.300671831667424
202,B_factorial,11,merge,16,6.572911119163037,11.61303978547454
202,B_factorial,11,merge,17,7.2547068703174595,3.72953047350049
202,B_factorial,12,intersection,0,7.539120780527592,7.69602808713913
202,B_factorial,12,intersection,1,6.136408240646125,4.6870389172434805
202,B_factorial,12,intersection,2,6.035557546466588,4.310481713712215
202,B_factorial,12,intersection,3,6.13201426833868,6.684493886232375
202,B_factorial,12,intersection,4,4.599402065128087,3.675530595779419
202,B_factorial,12,intersection,5,4.559090231060981,3.2989811536669733
202,B_factorial,12,intersection,6,6.034724143743515,6.230755891799927
202,B_factorial,12,intersection,7,4.559487436711788,3.2217925907671447
202,B_factorial,12,intersection,8,4.525103588551282,2.845243100076913
202,B_factorial,12,intersection,9,6.044894654154778,7.461358513832092
202,B_factorial,12,intersection,10,5.35171509027481,4.570208194553852
202,B_factorial,12,intersection,11,6.075142045617104,4.664482758343219
202,B_factorial,12,intersection,12,5.347669803947211,6.566655089855193
202,B_factorial,12,intersection,13,5.405275227427483,3.931378732919693
202,B_factorial,12,intersection,14,5.409178805947303,3.7698128631711008
202,B_factorial,12,intersection,15,6.0720792923867695,6.588142369389534
202,B_factorial,12,intersection,16,5.409476175159216,3.69701793089509
202,B_factorial,12,intersection,17,6.118573398292064,3.791300139576197
202,B_factorial,13,merge,0,8.87022192016244,8.368071407228708
202,B_factorial,13,merge,1,7.397799894809723,5.212296314388514
202,B_factorial,13,merge,2,7.246666116118431,5.386285022944212
202,B_factorial,13,merge,3,7.394964229464531,8.157828624397515
202,B_factorial,13,merge,4,5.76838994115591,4.402053368240595
202,B_factorial,13,merge,5,5.68829835742712,2.744859268218278
202,B_factorial,13,merge,6,7.25360131457448,7.392195200771093
202,B_factorial,13,merge,7,5.693846713006496,9.149111776649953
202,B_factorial,13,merge,8,5.619254902899265,2.962320761531592
202,B_factorial,13,merge,9,7.347875615358353,8.134829232245684
202,B_factorial,13,merge,10,6.59969403758645,5.095093274265527
202,B_factorial,13,merge,11,7.286541011780501,5.529721668809652
202,B_factorial,13,merge,12,6.597699436247349,8.041789435893298
202,B_factorial,13,merge,13,6.571042748987675,7.651193958371879
202,B_factorial,13,merge,14,6.550103783309459,3.0054988278448582
202,B_factorial,13,merge,15,7.288953503519297,7.542257820814848
202,B_factorial,13,merge,16,6.554378277957439,11.815213741362095
202,B_factorial,13,merge,17,7.22705328091979,3.509556334465742
202,B_factorial,14,intersection,0,7.534298426657915,12.675797506570817
202,B_factorial,14,intersection,1,6.1381190350651735,5.126775380074978
202,B_factorial,14,intersection,2,6.037742979377509,5.641310444772243
202,B_factorial,14,intersection,3,6.136756290346384,3.622675401568413
202,B_factorial,14,intersection,4,4.606027899235487,3.6526090718805793
202,B_factorial,14,intersection,5,4.5664579179883,3.1551684199273584
202,B_factorial,14,intersection,6,6.032942250967025,2.728426375240088
202,B_factorial,14,intersection,7,4.563263533562422,2.424727974236012
202,B_factorial,14,intersection,8,4.530001514554024,1.959284471273422
202,B_factorial,14,intersection,9,6.040782335251571,12.44025151371956
202,B_factorial,14,intersection,10,5.351991316825151,5.008606471717358
202,B_factorial,14,intersection,11,6.077529899477959,5.990639174878597
202,B_factorial,14,intersection,12,5.34972712263465,3.5052981919050223
202,B_factorial,14,intersection,13,5.411927585154771,4.312274882346392
202,B_factorial,14,intersection,14,5.421662672758103,3.622666060775518
202,B_factorial,14,intersection,15,6.0742204600572585,3.0742572914063926
202,B_factorial,14,intersection,16,5.420167255103588,2.888981579840183
202,B_factorial,14,intersection,17,6.128760151416063,2.8977497696876524
202,B_factorial,15,merge,0,8.95822794213891,21.34205145567656
202,B_factorial,15,merge,1,7.455212295204401,9.415979005694387
202,B_factorial,15,merge,2,7.306565053761005,8.828352583944799
202,B_factorial,15,merge,3,7.454355918020009,10.620240927934644
202,B_factorial,15,merge,4,5.793826018571854,19.09416889220476
202,B_factorial,15,merge,5,5.713374245017768,9.306542295962572
202,B_factorial,15,merge,6,7.31136566221714,10.235844351947309
202,B_factorial,15,merge,7,5.716698459386825,12.109772199839352
202,B_factorial,15,merge,8,5.641457111686468,18.322145902216437
202,B_factorial,15,merge,9,7.415015958994626,21.108557547330854
202,B_factorial,15,merge,10,6.646096221208572,9.298519745469092
202,B_factorial,15,merge,11,7.345000049173832,8.972489677965642
202,B_factorial,15,merge,12,6.6454609811306,10.504206324517726
202,B_factorial,15,merge,13,6.610199178904296,16.75067715317011
202,B_factorial,15,merge,14,6.59195574939251,9.568138733357191
202,B_factorial,15,merge,15,7.34704043596983,10.38476663976908
202,B_factorial,15,merge,16,6.594453332871199,12.974729112535714
202,B_factorial,15,merge,17,7.27816602140665,18.84869926810265
202,C_difference,0,intersection,0,8.437677772343159,5.40367926120758
202,C_difference,0,intersection,1,6.678982165008783,4.082182053029537
202,C_difference,0,intersection,2,6.565522300004959,3.302841632664204
202,C_difference,0,intersection,3,6.68525760859251,4.178498279452324
202,C_difference,0,intersection,4,4.616824327111244,2.8570011891424656
202,C_difference,0,intersection,5,4.542562128156424,2.277660755962133
202,C_difference,0,intersection,6,6.572206426262856,3.865405924618244
202,C_difference,0,intersection,7,4.541675704717636,2.7439087849855417
202,C_difference,0,intersection,8,4.479448958188295,2.164568369090557
202,C_difference,0,intersection,9,6.451228295266628,5.171566106677055
202,C_difference,0,intersection,10,5.5546655410528185,3.96498188406229
202,C_difference,0,intersection,11,6.548159162253141,3.6479344835877416
202,C_difference,0,intersection,12,5.554500874578952,4.063585322499275
202,C_difference,0,intersection,13,5.496027745455503,3.1122452284395687
202,C_difference,0,intersection,14,5.6099971103668205,2.7399537812173365
202,C_difference,0,intersection,15,6.542471890896558,3.615621940195561
202,C_difference,0,intersection,16,5.607301647365094,2.6090377521514894
202,C_difference,0,intersection,17,6.316961568742991,2.491990420520305
202,C_difference,1,merge,0,10.687824077904224,17.5266430658102
202,C_difference,1,merge,1,8.944904512912036,7.764676684141159
202,C_difference,1,merge,2,8.858650144785642,7.0281030294299125
202,C_difference,1,merge,3,8.981554319262505,10.517271133363248
202,C_difference,1,merge,4,6.670531735122204,15.084119926393033
202,C_difference,1,merge,5,6.607390804439783,6.0179465647041805
202,C_difference,1,merge,6,8.834656904190778,9.936150544583796
202,C_difference,1,merge,7,6.5679922634363175,10.502999374419453
202,C_difference,1,merge,8,6.508503605276346,15.036826131492855
202,C_difference,1,merge,9,8.514007717072964,17.28726105898619
202,C_difference,1,merge,10,7.650492183119059,7.647608880996705
202,C_difference,1,merge,11,8.764145385473967,7.1867372173070905
202,C_difference,1,merge,12,7.685244570821523,10.394159202575684
202,C_difference,1,merge,13,7.649081408381462,11.3602927801013
202,C_difference,1,merge,14,7.7686405636370175,6.893899259716274
202,C_difference,1,merge,15,8.755863381028176,10.073801727294924
202,C_difference,1,merge,16,7.7335839493572704,11.36376250937581
202,C_difference,1,merge,17,8.403427859395741,15.57354197949171
202,C_difference,2,intersection,0,8.577098952233792,6.964779970943928
202,C_difference,2,intersection,1,6.762602590024471,5.648947336375714
202,C_difference,2,intersection,2,6.686910773962735,5.268729718625545
202,C_difference,2,intersection,3,6.775302989780903,5.767095889747143
202,C_difference,2,intersection,4,4.648492738604546,4.59572134256363
202,C_difference,2,intersection,5,4.597704464644194,4.215503664314747
202,C_difference,2,intersection,6,6.685305718630553,5.19922522932291
202,C_difference,2,intersection,7,4.586910499334335,4.0278505808115
202,C_difference,2,intersection,8,4.545105727463961,3.647632963359356
202,C_difference,2,intersection,9,6.562032489627599,6.722994357943536
202,C_difference,2,intersection,10,5.62571025878191,5.528330689966678
202,C_difference,2,intersection,11,6.666833659857511,5.619907987415791
202,C_difference,2,intersection,12,5.6260896146297465,5.644694434702396
202,C_difference,2,intersection,13,5.569557272195816,4.665997717082501
202,C_difference,2,intersection,14,5.675643875598907,4.68729865193367
202,C_difference,2,intersection,15,6.648445271849633,5.55133280813694
202,C_difference,2,intersection,16,5.662054492384195,4.502359759509563
202,C_difference,2,intersection,17,6.4018057328462605,4.593936931788922
202,C_difference,3,merge,0,10.875219854712489,9.460543373078108
202,C_difference,3,merge,1,9.144791752249004,8.076824859380721
202,C_difference,3,merge,2,8.994667646437883,7.589520319402218
202,C_difference,3,merge,3,9.098169987201691,11.749505444765092
202,C_difference,3,merge,4,6.742438040077687,7.165786979645491
202,C_difference,3,merge,5,6.634334630668163,6.414983852952719
202,C_difference,3,merge,6,9.011919830739496,9.765159908235074
202,C_difference,3,merge,7,6.67372096657753,13.181441620886323
202,C_difference,3,merge,8,6.56698281660676,6.230638389140367
202,C_difference,3,merge,9,8.63325562119484,9.220316019654277
202,C_difference,3,merge,10,7.785488846600057,7.95290136307478
202,C_difference,3,merge,11,8.897907034605742,7.725901375561952
202,C_difference,3,merge,12,7.753818897753955,11.633201623260971
202,C_difference,3,merge,13,7.766650851219892,10.417691192924975
202,C_difference,3,merge,14,7.839833489954471,6.676730789095164
202,C_difference,3,merge,15,8.923986303210258,9.923426889479162
202,C_difference,3,merge,16,7.890751642882825,11.056012399196623
202,C_difference,3,merge,17,8.516822452396154,6.766956169754266
202,C_difference,4,intersection,0,8.213157497644424,4.202493136525154
202,C_difference,4,intersection,1,6.460304385125638,3.0050934958457947
202,C_difference,4,intersection,2,6.389142989069224,3.0167469030618665
202,C_difference,4,intersection,3,6.475554507672787,2.931670106500387
202,C_difference,4,intersection,4,4.424416877776385,3.1342706467211245
202,C_difference,4,intersection,5,4.379344041645527,2.6841714841127398
202,C_difference,4,intersection,6,6.374206668287515,2.185413604527712
202,C_difference,4,intersection,7,4.3593854439258575,2.112666252255439
202,C_difference,4,intersection,8,4.32469550266862,3.5423305293917653
202,C_difference,4,intersection,9,6.218830917030573,4.163066649436951
202,C_difference,4,intersection,10,5.335806979686021,2.885495829582214
202,C_difference,4,intersection,11,6.359109478145838,2.965182166397572
202,C_difference,4,intersection,12,5.338197186142206,2.811841421574354
202,C_difference,4,intersection,13,5.315046825706959,3.5980552156269545
202,C_difference,4,intersection,14,5.439593522846699,2.752204330861568
202,C_difference,4,intersection,15,6.338123377561569,2.5316523469984533
202,C_difference,4,intersection,16,5.421667496114968,2.8198652672767635
202,C_difference,4,intersection,17,6.150857640057802,2.819275255799293
202,C_difference,5,merge,0,10.917315369844436,11.706590532660485
202,C_difference,5,merge,1,9.181937725692986,9.177582334280014
202,C_difference,5,merge,2,9.029991605281827,8.597210662811996
202,C_difference,5,merge,3,9.145591237545014,14.534276909679177
202,C_difference,5,merge,4,6.776903647333384,9.9546125087142
202,C_difference,5,merge,5,6.668682368844748,7.574240881353616
202,C_difference,5,merge,6,9.05580811724067,11.339886188656092
202,C_difference,5,merge,7,6.709692568331957,18.56022201269865
202,C_difference,5,merge,8,6.602445551156998,8.979850216954947
202,C_difference,5,merge,9,8.68211856469512,11.459850373119114
202,C_difference,5,merge,10,7.83088571190834,8.995180346667766
202,C_difference,5,merge,11,8.94519705578685,8.676893352121116
202,C_difference,5,merge,12,7.796462298631668,14.419282623231412
202,C_difference,5,merge,13,7.806150722354651,11.995694368332623
202,C_difference,5,merge,14,7.8773759837448605,7.836325476169585
202,C_difference,5,merge,15,8.95560852602124,11.558053367733956
202,C_difference,5,merge,16,7.913835423588752,18.89338336989284
202,C_difference,5,merge,17,8.544476443827152,9.57509630084038
202,C_difference,6,intersection,0,8.39692381978035,8.77326269030571
202,C_difference,6,intersection,1,6.61227103561163,5.68357398852706
202,C_difference,6,intersection,2,6.545855867266654,7.365464288443327
202,C_difference,6,intersection,3,6.616988444626331,4.27373497709632
202,C_difference,6,intersection,4,4.5540681011974815,3.9746253646910192
202,C_difference,6,intersection,5,4.511458224803209,3.579112360924482
202,C_difference,6,intersection,6,6.543823124617338,3.920879315584898
202,C_difference,6,intersection,7,4.5050642685592175,3.654747807234525
202,C_difference,6,intersection,8,4.472003710120916,3.0820774658024312
202,C_difference,6,intersection,9,6.394821828752756,8.536228570342065
202,C_difference,6,intersection,10,5.488718823343516,5.565752346366644
202,C_difference,6,intersection,11,6.520974750220775,7.915982845872641
202,C_difference,6,intersection,12,5.4792042593657975,4.1545225279033176
202,C_difference,6,intersection,13,5.454748519808054,4.639134363681078
202,C_difference,6,intersection,14,5.570579362809658,4.247452440112829
202,C_difference,6,intersection,15,6.501275571286679,4.277270852178335
202,C_difference,6,intersection,16,5.565475466251374,4.130351782292127
202,C_difference,6,intersection,17,6.303910188972949,4.22602155700326
202,C_difference,7,merge,0,10.244982009381056,7.24296961441636
202,C_difference,7,merge,1,8.491684714108706,5.212464449554681
202,C_difference,7,merge,2,8.491911702156067,4.545427698045969
202,C_difference,7,merge,3,8.521412401497365,5.225212950855493
202,C_difference,7,merge,4,6.309915153980255,5.594707935899496
202,C_difference,7,merge,5,6.307244201302528,5.727671198397875
202,C_difference,7,merge,6,8.48447445333004,4.339899025410414
202,C_difference,7,merge,7,6.28717982262373,2.3093937972187994
202,C_difference,7,merge,8,6.286419700533151,4.430784521251917
202,C_difference,7,merge,9,8.033910997360945,6.987528176903724
202,C_difference,7,merge,10,7.197899358421564,5.082299024313688
202,C_difference,7,merge,11,8.425543044656514,4.689960493892432
202,C_difference,7,merge,12,7.205107661485672,5.099936889559031
202,C_difference,7,merge,13,7.361780398637056,4.05779290497303
202,C_difference,7,merge,14,7.50798955142498,8.802369409650565
202,C_difference,7,merge,15,8.387062516212463,4.495827057808638
202,C_difference,7,merge,16,7.465350788384676,2.5905980125069616
202,C_difference,7,merge,17,8.2260119818151,4.998259509950876
202,C_difference,8,intersection,0,8.365649338066579,6.255842241942883
202,C_difference,8,intersection,1,6.5745888972282405,6.856114413887262
202,C_difference,8,intersection,2,6.520108304917812,7.849650386124849
202,C_difference,8,intersection,3,6.593246601819992,4.140318610221148
202,C_difference,8,intersection,4,4.528324167281389,3.110257702469825
202,C_difference,8,intersection,5,4.492514661997556,2.422224518060684
202,C_difference,8,intersection,6,6.5123308506608,3.7950452055037016
202,C_difference,8,intersection,7,4.473914084285497,2.50792825192213
202,C_difference,8,intersection,8,4.447159917205572,2.167208398878574
202,C_difference,8,intersection,9,6.36943807899952,6.006679644286632
202,C_difference,8,intersection,10,5.462864450216293,6.728385492116212
202,C_difference,8,intersection,11,6.494685287773609,7.991535850614309
202,C_difference,8,intersection,12,5.456085502654314,4.018884762078524
202,C_difference,8,intersection,13,5.426348677128553,3.571128994226456
202,C_difference,8,intersection,14,5.542617847919464,2.691838826537132
202,C_difference,8,intersection,15,6.461466535180808,4.15074815645814
202,C_difference,8,intersection,16,5.524655545502901,2.9863442960381503
202,C_difference,8,intersection,17,6.267063780128956,3.979602793753147
202,C_difference,9,merge,0,10.217210433930155,6.645314110219478
202,C_difference,9,merge,1,8.479308983981609,7.869804574251175
202,C_difference,9,merge,2,8.445740795582534,7.195165332853795
202,C_difference,9,merge,3,8.551945356130599,5.708036426454783
202,C_difference,9,merge,4,6.3483385980129245,3.332526750415564
202,C_difference,9,merge,5,6.31955141723156,8.057887446880342
202,C_difference,9,merge,6,8.436031980663538,5.45064827606082
202,C_difference,9,merge,7,6.269997455477713,3.2751387283205986
202,C_difference,9,merge,8,6.245398000925779,3.0004993215203286
202,C_difference,9,merge,9,8.043687281757594,6.411866526901722
202,C_difference,9,merge,10,7.226178127825261,7.752735149860382
202,C_difference,9,merge,11,8.415707216858864,7.348598859608173
202,C_difference,9,merge,12,7.252694824784994,5.591658178418874
202,C_difference,9,merge,13,7.369201598614454,3.589328377693892
202,C_difference,9,merge,14,7.511222949624061,4.728390340805054
202,C_difference,9,merge,15,8.324295738786459,5.596963949054479
202,C_difference,9,merge,16,7.411561680883168,3.5378324821591374
202,C_difference,9,merge,17,8.158408869504928,3.533696027696133
202,C_difference,10,intersection,0,8.553421246409416,7.024310186058283
202,C_difference,10,intersection,1,6.739480345845221,5.917164995521306
202,C_difference,10,intersection,2,6.686266640871763,5.132088463455439
202,C_difference,10,intersection,3,6.771434087008237,6.145962555855512
202,C_difference,10,intersection,4,4.665342563986779,4.953728255480528
202,C_difference,10,intersection,5,4.629257866740227,4.168651907891034
202,C_difference,10,intersection,6,6.6718302361667154,5.952581635564565
202,C_difference,10,intersection,7,4.599183787554503,4.76014657124877
202,C_difference,10,intersection,8,4.572328969091177,3.9750702296197415
202,C_difference,10,intersection,9,6.569152842462063,6.771930847615003
202,C_difference,10,intersection,10,5.632553419172764,5.791387616246938
202,C_difference,10,intersection,11,6.664159685373306,5.484257872551679
202,C_difference,10,intersection,12,5.641583340466022,6.017883073836566
202,C_difference,10,intersection,13,5.567140165567397,5.032373331040144
202,C_difference,10,intersection,14,5.6829533103108405,4.646598673015833
202,C_difference,10,intersection,15,6.632139146775007,6.099645475298166
202,C_difference,10,intersection,16,5.648665470033884,5.035289839059114
202,C_difference,10,intersection,17,6.396661291718482,4.728160173147917
202,C_difference,11,merge,0,10.2838121509552,7.617805186808109
202,C_difference,11,merge,1,8.594137742966414,6.4905631005764
202,C_difference,11,merge,2,8.509929578602314,6.097492335438727
202,C_difference,11,merge,3,8.529409946352244,8.97675896257162
202,C_difference,11,merge,4,6.381627389192582,4.649516916424036
202,C_difference,11,merge,5,6.327680725306273,4.186503714472055
202,C_difference,11,merge,6,8.499205538034438,7.35470412403345
202,C_difference,11,merge,7,6.357477437257766,8.93887589558959
202,C_difference,11,merge,8,6.3068654918670655,3.17682779610157
202,C_difference,11,merge,9,8.111340441405773,7.365043036490679
202,C_difference,11,merge,10,7.296614233851433,6.365997218489646
202,C_difference,11,merge,11,8.39165957763791,6.251465294361115
202,C_difference,11,merge,12,7.282627717405558,8.848562778532504
202,C_difference,11,merge,13,7.362651728391647,6.92280248567462
202,C_difference,11,merge,14,7.462099657654762,4.465042578727006
202,C_difference,11,merge,15,8.474889470040797,7.300671831667424
202,C_difference,11,merge,16,7.55021175891161,11.61303978547454
202,C_difference,11,merge,17,8.218415894806384,3.72953047350049
202,C_difference,12,intersection,0,8.3846265886724,7.69602808713913
202,C_difference,12,intersection,1,6.6104305537045,4.6870389172434805
202,C_difference,12,intersection,2,6.542736495882273,4.310481713712215
202,C_difference,12,intersection,3,6.612738806903362,6.684493886232375
202,C_difference,12,intersection,4,4.566797788888216,3.675530595779419
202,C_difference,12,intersection,5,4.523309652060271,3.2989811536669733
202,C_difference,12,intersection,6,6.540217940807343,6.230755891799927
202,C_difference,12,intersection,7,4.518531470447779,3.2217925907671447
202,C_difference,12,intersection,8,4.48497732937336,2.845243100076913
202,C_difference,12,intersection,9,6.396774303019046,7.461358513832092
202,C_difference,12,intersection,10,5.494498270601034,4.570208194553852
202,C_difference,12,intersection,11,6.515938614904881,4.664482758343219
202,C_difference,12,intersection,12,5.48735715225339,6.566655089855193
202,C_difference,12,intersection,13,5.457353662103413,3.931378732919693
202,C_difference,12,intersection,14,5.574784668385982,3.7698128631711008
202,C_difference,12,intersection,15,6.501991099864245,6.588142369389534
202,C_difference,12,intersection,16,5.571345715075731,3.69701793089509
202,C_difference,12,intersection,17,6.306964205950498,3.791300139576197
202,C_difference,13,merge,0,10.263538806438447,8.368071407228708
202,C_difference,13,merge,1,8.586400309801101,5.212296314388514
202,C_difference,13,merge,2,8.46135963872075,5.386285022944212
202,C_difference,13,merge,3,8.526202410310507,8.157828624397515
202,C_difference,13,merge,4,6.376599457263946,4.402053368240595
202,C_difference,13,merge,5,6.288854678869248,2.744859268218278
202,C_difference,13,merge,6,8.465155140310525,7.392195200771093
202,C_difference,13,merge,7,6.328503279983996,9.149111776649953
202,C_difference,13,merge,8,6.245829793214798,2.962320761531592
202,C_difference,13,merge,9,8.0679686935246,8.134829232245684
202,C_difference,13,merge,10,7.278947465121745,5.095093274265527
202,C_difference,13,merge,11,8.366158979684114,5.529721668809652
202,C_difference,13,merge,12,7.249820714443922,8.041789435893298
202,C_difference,13,merge,13,7.357168170809745,7.651193958371879
202,C_difference,13,merge,14,7.454902844727039,3.0054988278448582
202,C_difference,13,merge,15,8.422829339802265,7.542257820814848
202,C_difference,13,merge,16,7.5273496080935,11.815213741362095
202,C_difference,13,merge,17,8.180991430580615,3.509556334465742
202,C_difference,14,intersection,0,8.371864083856345,12.675797506570817
202,C_difference,14,intersection,1,6.60007514551282,5.126775380074978
202,C_difference,14,intersection,2,6.537972781509161,5.641310444772243
202,C_difference,14,intersection,3,6.633667853623629,3.622675401568413
202,C_difference,14,intersection,4,4.585880209356546,3.6526090718805793
202,C_difference,14,intersection,5,4.544656862914563,3.1551684199273584
202,C_difference,14,intersection,6,6.5203305748105045,2.728426375240088
202,C_difference,14,intersection,7,4.511136504858732,2.424727974236012
202,C_difference,14,intersection,8,4.4803507429361344,1.959284471273422
202,C_difference,14,intersection,9,6.386508516222238,12.44025151371956
202,C_difference,14,intersection,10,5.492960530072452,5.008606471717358
202,C_difference,14,intersection,11,6.516347103863955,5.990639174878597
202,C_difference,14,intersection,12,5.4998798553645605,3.5052981919050223
202,C_difference,14,intersection,13,5.466609359681607,4.312274882346392
202,C_difference,14,intersection,14,5.59817929789424,3.622666060775518
202,C_difference,14,intersection,15,6.47925174832344,3.0742572914063926
202,C_difference,14,intersection,16,5.563781509548425,2.888981579840183
202,C_difference,14,intersection,17,6.300832551419735,2.8977497696876524
202,C_difference,15,merge,0,10.626362757831814,21.34205145567656
202,C_difference,15,merge,1,8.924401229321957,9.415979005694387
202,C_difference,15,merge,2,8.78356488481164,8.828352583944799
202,C_difference,15,merge,3,8.913025382608174,10.620240927934644
202,C_difference,15,merge,4,6.646345667392016,19.09416889220476
202,C_difference,15,merge,5,6.54708203792572,9.306542295962572
202,C_difference,15,merge,6,8.789208807200193,10.235844351947309
202,C_difference,15,merge,7,6.558317886441945,12.109772199839352
202,C_difference,15,merge,8,6.463565712124109,18.322145902216437
202,C_difference,15,merge,9,8.445578091442584,21.108557547330854
202,C_difference,15,merge,10,7.622761319726705,9.298519745469092
202,C_difference,15,merge,11,8.70098479822278,8.972489677965642
202,C_difference,15,merge,12,7.613448300510644,10.504206324517726
202,C_difference,15,merge,13,7.624321608990431,16.75067715317011
202,C_difference,15,merge,14,7.719102161079645,9.568138733357191
202,C_difference,15,merge,15,8.706893894672394,10.38476663976908
202,C_difference,15,merge,16,7.73176610454917,12.974729112535714
202,C_difference,15,merge,17,8.370039770752191,18.84869926810265
202,independent,0,intersection,0,6.889543193578719,5.40367926120758
202,independent,0,intersection,1,6.85768220603466,4.082182053029537
202,independent,0,intersection,2,6.844198227673769,3.302841632664204
202,independent,0,intersection,3,6.857127367854118,4.178498279452324
202,independent,0,intersection,4,6.825266451239585,2.8570011891424656
202,independent,0,intersection,5,6.811782505363224,2.277660755962133
202,independent,0,intersection,6,6.843384211957455,3.865405924618244
202,independent,0,intersection,7,6.811523142457008,2.7439087849855417
202,independent,0,intersection,8,6.7980389949679365,2.164568369090557
202,independent,0,intersection,9,6.87073335558176,5.171566106677055
202,independent,0,intersection,10,6.848270692080259,3.96498188406229
202,independent,0,intersection,11,6.855518681257964,3.6479344835877416
202,independent,0,intersection,12,6.847728919684887,4.063585322499275
202,independent,0,intersection,13,6.835160348713398,3.1122452284395687
202,independent,0,intersection,14,6.8325143693387504,2.7399537812173365
202,independent,0,intersection,15,6.855041919052601,3.615621940195561
202,independent,0,intersection,16,6.832579263299704,2.6090377521514894
202,independent,0,intersection,17,6.839827111661434,2.491990420520305
202,independent,1,merge,0,8.273375059515237,17.5266430658102
202,independent,1,merge,1,8.239686957597732,7.764676684141159
202,independent,1,merge,2,8.225379608124495,7.0281030294299125
202,independent,1,merge,3,8.241693688184023,10.517271133363248
202,independent,1,merge,4,8.208005849868059,15.084119926393033
202,independent,1,merge,5,8.193698312938213,6.0179465647041805
202,independent,1,merge,6,8.228550826311112,9.936150544583796
202,independent,1,merge,7,8.194863155037163,10.502999374419453
202,independent,1,merge,8,8.180555304288864,15.036826131492855
202,independent,1,merge,9,8.254513272196053,17.28726105898619
202,independent,1,merge,10,8.230358343571424,7.647608880996705
202,independent,1,merge,11,8.237832026183606,7.1867372173070905
202,independent,1,merge,12,8.232160604298114,10.394159202575684
202,independent,1,merge,13,8.218646887391806,11.3602927801013
202,independent,1,merge,14,8.215479316860437,6.893899259716274
202,independent,1,merge,15,8.239523437917232,10.073801727294924
202,independent,1,merge,16,8.215368599742652,11.36376250937581
202,independent,1,merge,17,8.2228418725729,15.57354197949171
202,independent,2,intersection,0,6.9414517052471645,6.964779970943928
202,independent,2,intersection,1,6.909066907018423,5.648947336375714
202,independent,2,intersection,2,6.895976671427487,5.268729718625545
202,independent,2,intersection,3,6.908422005921603,5.767095889747143
202,independent,2,intersection,4,6.876037291884422,4.59572134256363
202,independent,2,intersection,5,6.8629468680918215,4.215503664314747
202,independent,2,intersection,6,6.8949497795104975,5.19922522932291
202,independent,2,intersection,7,6.8625651779770855,4.0278505808115
202,independent,2,intersection,8,6.849474523812532,3.647632963359356
202,independent,2,intersection,9,6.922584763169288,6.722994357943536
202,independent,2,intersection,10,6.89961741387844,5.528330689966678
202,independent,2,intersection,11,6.907297575771808,5.619907987415791
202,independent,2,intersection,12,6.899004455059767,5.644694434702396
202,independent,2,intersection,13,6.886281417310237,4.665997717082501
202,independent,2,intersection,14,6.883717427253723,4.68729865193367
202,independent,2,intersection,15,6.906713204830885,5.55133280813694
202,independent,2,intersection,16,6.883745843023061,4.502359759509563
202,independent,2,intersection,17,6.891425808668136,4.593936931788922
202,independent,3,merge,0,8.247276129126549,9.460543373078108
202,independent,3,merge,1,8.214493898153306,8.076824859380721
202,independent,3,merge,2,8.199805504083633,7.589520319402218
202,independent,3,merge,3,8.214916329383849,11.749505444765092
202,independent,3,merge,4,8.182133849412203,7.165786979645491
202,independent,3,merge,5,8.167445734888314,6.414983852952719
202,independent,3,merge,6,8.20228706598282,9.765159908235074
202,independent,3,merge,7,8.169504779577256,13.181441620886323
202,independent,3,merge,8,8.154816529303789,6.230638389140367
202,independent,3,merge,9,8.22841290935874,9.220316019654277
202,independent,3,merge,10,8.205137339681388,7.95290136307478
202,independent,3,merge,11,8.212053098082542,7.725901375561952
202,independent,3,merge,12,8.205409446060658,11.633201623260971
202,independent,3,merge,13,8.192560936957596,10.417691192924975
202,independent,3,merge,14,8.189049973636866,6.676730789095164
202,independent,3,merge,15,8.213333863019944,9.923426889479162
202,independent,3,merge,16,8.1900582139194,11.056012399196623
202,independent,3,merge,17,8.19697419092059,6.766956169754266
202,independent,4,intersection,0,6.848708491623402,4.202493136525154
202,independent,4,intersection,1,6.816676285862921,3.0050934958457947
202,independent,4,intersection,2,6.803743100464343,3.0167469030618665
202,independent,4,intersection,3,6.816224858313799,2.931670106500387
202,independent,4,intersection,4,6.784192709475755,3.1342706467211245
202,independent,4,intersection,5,6.771259628683329,2.6841714841127398
202,independent,4,intersection,6,6.802724566161632,2.185413604527712
202,independent,4,intersection,7,6.77069221392274,2.112666252255439
202,independent,4,intersection,8,6.7577594870328905,3.5423305293917653
202,independent,4,intersection,9,6.829930158108472,4.163066649436951
202,independent,4,intersection,10,6.807273304164409,2.885495829582214
202,independent,4,intersection,11,6.814903306216001,2.965182166397572
202,independent,4,intersection,12,6.8068495869636525,2.811841421574354
202,independent,4,intersection,13,6.794268556386233,3.5980552156269545
202,independent,4,intersection,14,6.791822722852229,2.752204330861568
202,independent,4,intersection,15,6.814327590018511,2.5316523469984533
202,independent,4,intersection,16,6.791670715808868,2.8198652672767635
202,independent,4,intersection,17,6.799300791621207,2.819275255799293
202,independent,5,merge,0,8.243117550462484,11.706590532660485
202,independent,5,merge,1,8.210146933495999,9.177582334280014
202,independent,5,merge,2,8.195222723037004,8.597210662811996
202,independent,5,merge,3,8.210638401955366,14.534276909679177
202,independent,5,merge,4,8.177667801976204,9.9546125087142
202,independent,5,merge,5,8.16274361640215,7.574240881353616
202,independent,5,merge,6,8.198147002607584,11.339886188656092
202,independent,5,merge,7,8.165176461189985,18.56022201269865
202,independent,5,merge,8,8.150252214372157,8.979850216954947
202,independent,5,merge,9,8.224243334680795,11.459850373119114
202,independent,5,merge,10,8.200785340368748,8.995180346667766
202,independent,5,merge,11,8.207624697685242,8.676893352121116
202,independent,5,merge,12,8.20112574160099,14.419282623231412
202,independent,5,merge,13,8.188186737596988,11.995694368332623
202,independent,5,merge,14,8.184507216662169,7.836325476169585
202,independent,5,merge,15,8.209174980223178,11.558053367733956
202,independent,5,merge,16,8.185717028975487,18.89338336989284
202,independent,5,merge,17,8.192556301504375,9.57509630084038
202,independent,6,intersection,0,6.8818759919703005,8.77326269030571
202,independent,6,intersection,1,6.849781578332186,5.68357398852706
202,independent,6,intersection,2,6.836787951737641,7.365464288443327
202,independent,6,intersection,3,6.848926707804202,4.27373497709632
202,independent,6,intersection,4,6.816832341700792,3.9746253646910192
202,independent,6,intersection,5,6.80383911177516,3.579112360924482
202,independent,6,intersection,6,6.83555202960968,3.920879315584898
202,independent,6,intersection,7,6.803458068370819,3.654747807234525
202,independent,6,intersection,8,6.790464457571507,3.0820774658024312
202,independent,6,intersection,9,6.863057520687581,8.536228570342065
202,independent,6,intersection,10,6.8403476853668685,5.565752346366644
202,independent,6,intersection,11,6.847968142330646,7.915982845872641
202,independent,6,intersection,12,6.839542121887207,4.1545225279033176
202,independent,6,intersection,13,6.826987690478562,4.639134363681078
202,independent,6,intersection,14,6.824452836960554,4.247452440112829
202,independent,6,intersection,15,6.847275253534317,4.277270852178335
202,independent,6,intersection,16,6.824565805345774,4.130351782292127
202,independent,6,intersection,17,6.832186217457056,4.22602155700326
202,independent,7,merge,0,8.253332489132882,7.24296961441636
202,independent,7,merge,1,8.219908769577742,5.212464449554681
202,independent,7,merge,2,8.206018691807985,4.545427698045969
202,independent,7,merge,3,8.22122780457139,5.225212950855493
202,independent,7,merge,4,8.187804101109505,5.594707935899496
202,independent,7,merge,5,8.173913935422897,5.727671198397875
202,independent,7,merge,6,8.209144475013018,4.339899025410414
202,independent,7,merge,7,8.175720661729574,2.3093937972187994
202,independent,7,merge,8,8.16183045759797,4.430784521251917
202,independent,7,merge,9,8.23456593260169,6.987528176903724
202,independent,7,merge,10,8.210619874298573,5.082299024313688
202,independent,7,merge,11,8.21823044076562,4.689960493892432
202,independent,7,merge,12,8.211750048846007,5.099936889559031
202,independent,7,merge,13,8.19867762118578,4.05779290497303
202,independent,7,merge,14,8.195414397120475,8.802369409650565
202,independent,7,merge,15,8.219879258871078,4.495827057808638
202,independent,7,merge,16,8.19593333557248,2.5905980125069616
202,independent,7,merge,17,8.203543609380723,4.998259509950876
202,independent,8,intersection,0,6.868707410693168,6.255842241942883
202,independent,8,intersection,1,6.8366188347339625,6.856114413887262
202,independent,8,intersection,2,6.82372325092554,7.849650386124849
202,independent,8,intersection,3,6.835691914558411,4.140318610221148
202,independent,8,intersection,4,6.803603626340627,3.110257702469825
202,independent,8,intersection,5,6.790707823038101,2.422224518060684
202,independent,8,intersection,6,6.822359825819731,3.7950452055037016
202,independent,8,intersection,7,6.790271666496993,2.50792825192213
202,independent,8,intersection,8,6.777375683486461,2.167208398878574
202,independent,8,intersection,9,6.8498874309659,6.006679644286632
202,independent,8,intersection,10,6.827177411913872,6.728385492116212
202,independent,8,intersection,11,6.834850906133651,7.991535850614309
202,independent,8,intersection,12,6.8263133743405335,4.018884762078524
202,independent,8,intersection,13,6.813778989762067,3.571128994226456
202,independent,8,intersection,14,6.811277008503676,2.691838826537132
202,independent,8,intersection,15,6.8340960851311685,4.15074815645814
202,independent,8,intersection,16,6.811386196166278,2.9863442960381503
202,independent,8,intersection,17,6.819059720784426,3.979602793753147
202,independent,9,merge,0,8.281083410084248,6.645314110219478
202,independent,9,merge,1,8.247756822705268,7.869804574251175
202,independent,9,merge,2,8.233446049541236,7.195165332853795
202,independent,9,merge,3,8.249290535449981,5.708036426454783
202,independent,9,merge,4,8.21596413552761,3.332526750415564
202,independent,9,merge,5,8.201653319299222,8.057887446880342
202,independent,9,merge,6,8.236378901153802,5.45064827606082
202,independent,9,merge,7,8.203052556663751,3.2751387283205986
202,independent,9,merge,8,8.188741747140885,3.0004993215203286
202,independent,9,merge,9,8.26227025926113,6.411866526901722
202,independent,9,merge,10,8.238434252142905,7.752735149860382
202,independent,9,merge,11,8.245767168700695,7.348598859608173
202,independent,9,merge,12,8.2397998906672,5.591658178418874
202,independent,9,merge,13,8.226526007205248,3.589328377693892
202,independent,9,merge,14,8.223297040909529,4.728390340805054
202,independent,9,merge,15,8.247338278591632,5.596963949054479
202,independent,9,merge,16,8.223502432405947,3.5378324821591374
202,independent,9,merge,17,8.230835263133049,3.533696027696133
202,independent,10,intersection,0,6.868510125428438,7.024310186058283
202,independent,10,intersection,1,6.835916432142257,5.917164995521306
202,independent,10,intersection,2,6.822952476590872,5.132088463455439
202,independent,10,intersection,3,6.83560379460454,6.145962555855512
202,independent,10,intersection,4,6.803010185211897,4.953728255480528
202,independent,10,intersection,5,6.790046145617962,4.168651907891034
202,independent,10,intersection,6,6.822074686735869,5.952581635564565
202,independent,10,intersection,7,6.789481384456158,4.76014657124877
202,independent,10,intersection,8,6.776517139077186,3.9750702296197415
202,independent,10,intersection,9,6.849634360671043,6.771930847615003
202,independent,10,intersection,10,6.826469094455241,5.791387616246938
202,independent,10,intersection,11,6.8343032453954216,5.484257872551679
202,independent,10,intersection,12,6.826175424754619,6.017883073836566
202,independent,10,intersection,13,6.813327236771584,5.032373331040144
202,independent,10,intersection,14,6.810844191312791,4.646598673015833
202,independent,10,intersection,15,6.8338024942576885,6.099645475298166
202,independent,10,intersection,16,6.810637083798647,5.035289839059114
202,independent,10,intersection,17,6.818471366912127,4.728160173147917
202,independent,11,merge,0,8.277883609384299,7.617805186808109
202,independent,11,merge,1,8.244328666031361,6.4905631005764
202,independent,11,merge,2,8.23005248874426,6.097492335438727
202,independent,11,merge,3,8.245819981247188,8.97675896257162
202,independent,11,merge,4,8.212265188992024,4.649516916424036
202,independent,11,merge,5,8.197988941669463,4.186503714472055
202,independent,11,merge,6,8.233550059199334,7.35470412403345
202,independent,11,merge,7,8.199995302110912,8.93887589558959
202,independent,11,merge,8,8.185718958973887,3.17682779610157
202,independent,11,merge,9,8.259063154309988,7.365043036490679
202,independent,11,merge,10,8.235032160133123,6.365997218489646
202,independent,11,merge,11,8.242472406029702,6.251465294361115
202,independent,11,merge,12,8.23629614725709,8.848562778532504
202,independent,11,merge,13,8.223110428005457,6.92280248567462
202,independent,11,merge,14,8.21970558643341,4.465042578727006
202,independent,11,merge,15,8.244304419904948,7.300671831667424
202,independent,11,merge,16,8.220273496210575,11.61303978547454
202,independent,11,merge,17,8.227713726460934,3.72953047350049
202,independent,12,intersection,0,6.8791950079798685,7.69602808713913
202,independent,12,intersection,1,6.847003699988126,4.6870389172434805
202,independent,12,intersection,2,6.83388630732894,4.310481713712215
202,independent,12,intersection,3,6.846325104683637,6.684493886232375
202,independent,12,intersection,4,6.814133519530295,3.675530595779419
202,independent,12,intersection,5,6.801016476303339,3.2989811536669733
202,independent,12,intersection,6,6.832931679189206,6.230755891799927
202,independent,12,intersection,7,6.800740299820899,3.2217925907671447
202,independent,12,intersection,8,6.7876230999827385,2.845243100076913
202,independent,12,intersection,9,6.860368380099535,7.461358513832092
202,independent,12,intersection,10,6.837576641589402,4.570208194553852
202,independent,12,intersection,11,6.845165335834027,4.664482758343219
202,independent,12,intersection,12,6.83692533582449,6.566655089855193
202,independent,12,intersection,13,6.824308602064847,3.931378732919693
202,independent,12,intersection,14,6.821722424775361,3.7698128631711008
202,independent,12,intersection,15,6.844617083072663,6.588142369389534
202,independent,12,intersection,16,6.821825366616248,3.69701793089509
202,independent,12,intersection,17,6.829414061307907,3.791300139576197
202,independent,13,merge,0,8.25521874949336,8.368071407228708
202,independent,13,merge,1,8.222373392134905,5.212296314388514
202,independent,13,merge,2,8.207452342063188,5.386285022944212
202,independent,13,merge,3,8.223434895575046,8.157828624397515
202,independent,13,merge,4,8.190589422285557,4.402053368240595
202,independent,13,merge,5,8.1756683203578,2.744859268218278
202,independent,13,merge,6,8.210902385413647,7.392195200771093
202,independent,13,merge,7,8.178056986927986,9.149111776649953
202,independent,13,merge,8,8.16313592195511,2.962320761531592
202,independent,13,merge,9,8.236430921256542,8.134829232245684
202,independent,13,merge,10,8.213086706250907,5.095093274265527
202,independent,13,merge,11,8.219880759716034,5.529721668809652
202,independent,13,merge,12,8.21393365830183,8.041789435893298
202,independent,13,merge,13,8.201010140329599,7.651193958371879
202,independent,13,merge,14,8.197383488118648,3.0054988278448582
202,independent,13,merge,15,8.221682243347168,7.542257820814848
202,independent,13,merge,16,8.198338104784488,11.815213741362095
202,independent,13,merge,17,8.205131890773774,3.509556334465742
202,independent,14,intersection,0,6.866188862025737,12.675797506570817
202,independent,14,intersection,1,6.834140069335699,5.126775380074978
202,independent,14,intersection,2,6.821075029373168,5.641310444772243
202,independent,14,intersection,3,6.8337091745436185,3.622675401568413
202,independent,14,intersection,4,6.801660599559545,3.6526090718805793
202,independent,14,intersection,5,6.7885951595008365,3.1551684199273584
202,independent,14,intersection,6,6.82001249730587,2.728426375240088
202,independent,14,intersection,7,6.787963587194681,2.424727974236012
202,independent,14,intersection,8,6.77489844545722,1.959284471273422
202,independent,14,intersection,9,6.847386993318795,12.44025151371956
202,independent,14,intersection,10,6.824723029881715,5.008606471717358
202,independent,14,intersection,11,6.832284679114817,5.990639174878597
202,independent,14,intersection,12,6.824324470609427,3.5052981919050223
202,independent,14,intersection,13,6.811680727005004,4.312274882346392
202,independent,14,intersection,14,6.809222004562615,3.622666060775518
202,independent,14,intersection,15,6.831688455045223,3.0742572914063926
202,independent,14,intersection,16,6.809024414867162,2.888981579840183
202,independent,14,intersection,17,6.816586221605539,2.8977497696876524
202,independent,15,merge,0,8.276422472596169,21.34205145567656
202,independent,15,merge,1,8.243444882631302,9.415979005694387
202,independent,15,merge,2,8.228567023426296,8.828352583944799
202,independent,15,merge,3,8.244457005858422,10.620240927934644
202,independent,15,merge,4,8.211479444503786,19.09416889220476
202,independent,15,merge,5,8.196601884961128,9.306542295962572
202,independent,15,merge,6,8.23151310890913,10.235844351947309
202,independent,15,merge,7,8.198535563051701,12.109772199839352
202,independent,15,merge,8,8.18365770533681,18.322145902216437
202,independent,15,merge,9,8.257569672167302,21.108557547330854
202,independent,15,merge,10,8.234103213250636,9.298519745469092
202,independent,15,merge,11,8.240972169637681,8.972489677965642
202,independent,15,merge,12,8.234946123063564,10.504206324517726
202,independent,15,merge,13,8.22185756072402,16.75067715317011
202,independent,15,merge,14,8.218348583579063,9.568138733357191
202,independent,15,merge,15,8.242535317838191,10.38476663976908
202,independent,15,merge,16,8.219068639427423,12.974729112535714
202,independent,15,merge,17,8.225937651246786,18.84869926810265
202,privileged,0,intersection,0,8.525002871453761,5.40367926120758
202,privileged,0,intersection,1,6.280292365849018,4.082182053029537
202,privileged,0,intersection,2,6.13418339729309,3.302841632664204
202,privileged,0,intersection,3,6.281821448206902,4.178498279452324
202,privileged,0,intersection,4,3.898427185490727,2.8570011891424656
202,privileged,0,intersection,5,3.792945499718189,2.277660755962133
202,privileged,0,intersection,6,6.139121061116457,3.865405924618244
202,privileged,0,intersection,7,3.7953057301044457,2.7439087849855417
202,privileged,0,intersection,8,3.695069760680199,2.164568369090557
202,privileged,0,intersection,9,6.297976807355881,5.171566106677055
202,privileged,0,intersection,10,5.127848975211382,3.96498188406229
202,privileged,0,intersection,11,6.396591451466082,3.6479344835877416
202,privileged,0,intersection,12,5.129012316763401,4.063585322499275
202,privileged,0,intersection,13,4.9799144603312016,3.1122452284395687
202,privileged,0,intersection,14,5.171082982122899,2.7399537812173365
202,privileged,0,intersection,15,6.3994186770916,3.615621940195561
202,privileged,0,intersection,16,5.173163567781449,2.6090377521514894
202,privileged,0,intersection,17,6.192172296792268,2.491990420520305
202,privileged,1,merge,0,10.766655103415252,17.5266430658102
202,privileged,1,merge,1,8.307838159799577,7.764676684141159
202,privileged,1,merge,2,8.159781271517279,7.0281030294299125
202,privileged,1,merge,3,8.317227019518613,10.517271133363248
202,privileged,1,merge,4,5.509450927823782,15.084119926393033
202,privileged,1,merge,5,5.4055474027991295,6.0179465647041805
202,privileged,1,merge,6,8.140572853684425,9.936150544583796
202,privileged,1,merge,7,5.388734618201852,10.502999374419453
202,privileged,1,merge,8,5.291667827367783,15.036826131492855
202,privileged,1,merge,9,8.28355135038495,17.28726105898619
202,privileged,1,merge,10,6.9670979271829125,7.647608880996705
202,privileged,1,merge,11,8.430829582512379,7.1867372173070905
202,privileged,1,merge,12,6.972774853035808,10.394159202575684
202,privileged,1,merge,13,6.732571052610875,11.3602927801013
202,privileged,1,merge,14,6.9579821749031545,6.893899259716274
202,privileged,1,merge,15,8.419118500798941,10.073801727294924
202,privileged,1,merge,16,6.938689695596695,11.36376250937581
202,privileged,1,merge,17,7.966570216864347,15.57354197949171
202,privileged,2,intersection,0,9.079082420170309,6.964779970943928
202,privileged,2,intersection,1,6.734114240556955,5.648947336375714
202,privileged,2,intersection,2,6.611026356220246,5.268729718625545
202,privileged,2,intersection,3,6.735463017374276,5.767095889747143
202,privileged,2,intersection,4,4.19537553139031,4.59572134256363
202,privileged,2,intersection,5,4.096673026531934,4.215503664314747
202,privileged,2,intersection,6,6.616144396811723,5.19922522932291
202,privileged,2,intersection,7,4.099212853610515,4.0278505808115
202,privileged,2,intersection,8,4.005135866403579,3.647632963359356
202,privileged,2,intersection,9,6.774549562782049,6.722994357943536
202,privileged,2,intersection,10,5.531610344648361,5.528330689966678
202,privileged,2,intersection,11,6.879619055092334,5.619907987415791
202,privileged,2,intersection,12,5.533112502992153,5.644694434702396
202,privileged,2,intersection,13,5.344536455869674,4.665997717082501
202,privileged,2,intersection,14,5.529800898432732,4.68729865193367
202,privileged,2,intersection,15,6.883109112083912,5.55133280813694
202,privileged,2,intersection,16,5.53230409219861,4.502359759509563
202,privileged,2,intersection,17,6.5919734852015965,4.593936931788922
202,privileged,3,merge,0,11.23569185078144,9.460543373078108
202,privileged,3,merge,1,8.70906256094575,8.076824859380721
202,privileged,3,merge,2,8.53868860900402,7.589520319402218
202,privileged,3,merge,3,8.709259430170059,11.749505444765092
202,privileged,3,merge,4,5.761532452404499,7.165786979645491
202,privileged,3,merge,5,5.638947939425707,6.414983852952719
202,privileged,3,merge,6,8.56066957399249,9.765159908235074
202,privileged,3,merge,7,5.6519168890267615,13.181441620886323
202,privileged,3,merge,8,5.535834858119488,6.230638389140367
202,privileged,3,merge,9,8.679947840869428,9.220316019654277
202,privileged,3,merge,10,7.311953277587891,7.95290136307478
202,privileged,3,merge,11,8.82261883199215,7.725901375561952
202,privileged,3,merge,12,7.313676531687379,11.633201623260971
202,privileged,3,merge,13,7.046314129903912,10.417691192924975
202,privileged,3,merge,14,7.247128206193447,6.676730789095164
202,privileged,3,merge,15,8.835102955400943,9.923426889479162
202,privileged,3,merge,16,7.259305277019739,11.056012399196623
202,privileged,3,merge,17,8.282387385368347,6.766956169754266
202,privileged,4,intersection,0,8.114715892970562,4.202493136525154
202,privileged,4,intersection,1,5.946043834537267,3.0050934958457947
202,privileged,4,intersection,2,5.80720783650875,3.0167469030618665
202,privileged,4,intersection,3,5.948299065977335,2.931670106500387
202,privileged,4,intersection,4,3.670304600372909,3.1342706467211245
202,privileged,4,intersection,5,3.570977632701397,2.6841714841127398
202,privileged,4,intersection,6,5.805877253562213,2.185413604527712
202,privileged,4,intersection,7,3.569069007784128,2.112666252255439
202,privileged,4,intersection,8,3.474806678146124,3.5423305293917653
202,privileged,4,intersection,9,5.94863614872098,4.163066649436951
202,privileged,4,intersection,10,4.828679422289133,2.885495829582214
202,privileged,4,intersection,11,6.061069302260876,2.965182166397572
202,privileged,4,intersection,12,4.830485927164554,2.811841421574354
202,privileged,4,intersection,13,4.718439285606146,3.5980552156269545
202,privileged,4,intersection,14,4.908757111430168,2.752204330861568
202,privileged,4,intersection,15,6.060654093474151,2.5316523469984533
202,privileged,4,intersection,16,4.906362172812223,2.8198652672767635
202,privileged,4,intersection,17,5.912144819349051,2.819275255799293
202,privileged,5,merge,0,11.01219307348132,11.706590532660485
202,privileged,5,merge,1,8.52849263727665,9.177582334280014
202,privileged,5,merge,2,8.35767478838563,8.597210662811996
202,privileged,5,merge,3,8.524633049219846,14.534276909679177
202,privileged,5,merge,4,5.661133761405945,9.9546125087142
202,privileged,5,merge,5,5.540324378013611,7.574240881353616
202,privileged,5,merge,6,8.382298333048821,11.339886188656092
202,privileged,5,merge,7,5.557159273251891,18.56022201269865
202,privileged,5,merge,8,5.442934226989745,8.979850216954947
202,privileged,5,merge,9,8.503097328990698,11.459850373119114
202,privileged,5,merge,10,7.1661118119210006,8.995180346667766
202,privileged,5,merge,11,8.638736836463213,8.676893352121116
202,privileged,5,merge,12,7.165846514105796,14.419282623231412
202,privileged,5,merge,13,6.91040310025215,11.995694368332623
202,privileged,5,merge,14,7.109899722784757,7.836325476169585
202,privileged,5,merge,15,8.652705686837434,11.558053367733956
202,privileged,5,merge,16,7.125980686098337,18.89338336989284
202,privileged,5,merge,17,8.142512517869473,9.57509630084038
202,privileged,6,intersection,0,8.384205733686686,8.77326269030571
202,privileged,6,intersection,1,6.158102094978093,5.68357398852706
202,privileged,6,intersection,2,6.022545231580735,7.365464288443327
202,privileged,6,intersection,3,6.158977284282446,4.27373497709632
202,privileged,6,intersection,4,3.797381502091884,3.9746253646910192
202,privileged,6,intersection,5,3.697355267852544,3.579112360924482
202,privileged,6,intersection,6,6.03228261142969,3.920879315584898
202,privileged,6,intersection,7,3.7030364359915255,3.654747807234525
202,privileged,6,intersection,8,3.608006822168827,3.0820774658024312
202,privileged,6,intersection,9,6.174275454431773,8.536228570342065
202,privileged,6,intersection,10,5.013017049133777,5.565752346366644
202,privileged,6,intersection,11,6.281764689832925,7.915982845872641
202,privileged,6,intersection,12,5.014206177592277,4.1545225279033176
202,privileged,6,intersection,13,4.881714045852423,4.639134363681078
202,privileged,6,intersection,14,5.065120986253023,4.247452440112829
202,privileged,6,intersection,15,6.28718170940876,4.277270852178335
202,privileged,6,intersection,16,5.070380279272795,4.130351782292127
202,privileged,6,intersection,17,6.093117129504681,4.22602155700326
202,privileged,7,merge,0,9.80980397865176,7.24296961441636
202,privileged,7,merge,1,7.527790842205286,5.212464449554681
202,privileged,7,merge,2,7.377849885374308,4.545427698045969
202,privileged,7,merge,3,7.5258050955832,5.225212950855493
202,privileged,7,merge,4,5.022972625344992,5.594707935899496
202,privileged,7,merge,5,4.926581574305892,5.727671198397875
202,privileged,7,merge,6,7.379250583201647,4.339899025410414
202,privileged,7,merge,7,4.92836732968688,2.3093937972187994
202,privileged,7,merge,8,4.839416048899293,4.430784521251917
202,privileged,7,merge,9,7.481328003257513,6.987528176903724
202,privileged,7,merge,10,6.286687856614591,5.082299024313688
202,privileged,7,merge,11,7.636288574486971,4.689960493892432
202,privileged,7,merge,12,6.286080809310078,5.099936889559031
202,privileged,7,merge,13,6.150097880810499,4.05779290497303
202,privileged,7,merge,14,6.366339322775603,8.802369409650565
202,privileged,7,merge,15,7.636804033964872,4.495827057808638
202,privileged,7,merge,16,6.367432888001204,2.5905980125069616
202,privileged,7,merge,17,7.356435538530349,4.998259509950876
202,privileged,8,intersection,0,8.315589399039744,6.255842241942883
202,privileged,8,intersection,1,6.102128120511769,6.856114413887262
202,privileged,8,intersection,2,5.967743905633688,7.849650386124849
202,privileged,8,intersection,3,6.100732880532741,4.140318610221148
202,privileged,8,intersection,4,3.761828644052148,3.110257702469825
202,privileged,8,intersection,5,3.6623636332154272,2.422224518060684
202,privileged,8,intersection,6,5.976573410034179,3.7950452055037016
202,privileged,8,intersection,7,3.668785060048103,2.50792825192213
202,privileged,8,intersection,8,3.574373794645071,2.167208398878574
202,privileged,8,intersection,9,6.127586602419616,6.006679644286632
202,privileged,8,intersection,10,4.973764546364546,6.728385492116212
202,privileged,8,intersection,11,6.223223027437925,7.991535850614309
202,privileged,8,intersection,12,4.973635721355675,4.018884762078524
202,privileged,8,intersection,13,4.8293460798263546,3.571128994226456
202,privileged,8,intersection,14,5.009235325157642,2.691838826537132
202,privileged,8,intersection,15,6.228086906671524,4.15074815645814
202,privileged,8,intersection,16,5.015356850326061,2.9863442960381503
202,privileged,8,intersection,17,6.0352232676744455,3.979602793753147
202,privileged,9,merge,0,10.00059731170535,6.645314110219478
202,privileged,9,merge,1,7.680752022713423,7.869804574251175
202,privileged,9,merge,2,7.520467793196439,7.195165332853795
202,privileged,9,merge,3,7.683153409212828,5.708036426454783
202,privileged,9,merge,4,5.108834483325481,3.332526750415564
202,privileged,9,merge,5,5.005460344776511,8.057887446880342
202,privileged,9,merge,6,7.513271008431912,5.45064827606082
202,privileged,9,merge,7,4.999670466333628,3.2751387283205986
202,privileged,9,merge,8,4.903616748452186,3.0004993215203286
202,privileged,9,merge,9,7.627699033170939,6.411866526901722
202,privileged,9,merge,10,6.411754833161831,7.752735149860382
202,privileged,9,merge,11,7.786883727163077,7.348598859608173
202,privileged,9,merge,12,6.413688553944231,5.591658178418874
202,privileged,9,merge,13,6.255910632610321,3.589328377693892
202,privileged,9,merge,14,6.482328850030899,4.728390340805054
202,privileged,9,merge,15,7.782597438991069,5.596963949054479
202,privileged,9,merge,16,6.475630405694246,3.5378324821591374
202,privileged,9,merge,17,7.471134801805019,3.533696027696133
202,privileged,10,intersection,0,8.847792859226466,7.024310186058283
202,privileged,10,intersection,1,6.5211798189580445,5.917164995521306
202,privileged,10,intersection,2,6.402809684425592,5.132088463455439
202,privileged,10,intersection,3,6.525478889495135,6.145962555855512
202,privileged,10,intersection,4,4.030242249146104,4.953728255480528
202,privileged,10,intersection,5,3.936157447844744,4.168651907891034
202,privileged,10,intersection,6,6.400580956488848,5.952581635564565
202,privileged,10,intersection,7,3.932541588693857,4.76014657124877
202,privileged,10,intersection,8,3.843322235941887,3.9750702296197415
202,privileged,10,intersection,9,6.580171142369508,6.771930847615003
202,privileged,10,intersection,10,5.347043272405863,5.791387616246938
202,privileged,10,intersection,11,6.664211748838424,5.484257872551679
202,privileged,10,intersection,12,5.349849356561899,6.017883073836566
202,privileged,10,intersection,13,5.1532451933622365,5.032373331040144
202,privileged,10,intersection,14,5.337206697613,4.646598673015833
202,privileged,10,intersection,15,6.663789174258708,6.099645475298166
202,privileged,10,intersection,16,5.333546846657992,5.035289839059114
202,privileged,10,intersection,17,6.392873041331767,4.728160173147917
202,privileged,11,merge,0,10.210674680769444,7.617805186808109
202,privileged,11,merge,1,7.845046065598726,6.4905631005764
202,privileged,11,merge,2,7.694784501492977,6.097492335438727
202,privileged,11,merge,3,7.849516768306494,8.97675896257162
202,privileged,11,merge,4,5.213571723550558,4.649516916424036
202,privileged,11,merge,5,5.113359939530492,4.186503714472055
202,privileged,11,merge,6,7.697963023930789,7.35470412403345
202,privileged,11,merge,7,5.112689622938632,8.93887589558959
202,privileged,11,merge,8,5.019688410311938,3.17682779610157
202,privileged,11,merge,9,7.812847118675709,7.365043036490679
202,privileged,11,merge,10,6.561503733173013,6.365997218489646
202,privileged,11,merge,11,7.960869525372981,6.251465294361115
202,privileged,11,merge,12,6.564610474184156,8.848562778532504
202,privileged,11,merge,13,6.385449846088887,6.92280248567462
202,privileged,11,merge,14,6.601947549730538,4.465042578727006
202,privileged,11,merge,15,7.961819529831409,7.300671831667424
202,privileged,11,merge,16,6.599376192241907,11.61303978547454
202,privileged,11,merge,17,7.608844463974237,3.72953047350049
202,privileged,12,intersection,0,8.294977782219648,7.69602808713913
202,privileged,12,intersection,1,6.082004537582397,4.6870389172434805
202,privileged,12,intersection,2,5.9471060149371615,4.310481713712215
202,privileged,12,intersection,3,6.082910750508307,6.684493886232375
202,privileged,12,intersection,4,3.756682850942016,3.675530595779419
202,privileged,12,intersection,5,3.658573171943426,3.2989811536669733
202,privileged,12,intersection,6,5.954833431541919,6.230755891799927
202,privileged,12,intersection,7,3.662985947430133,3.2217925907671447
202,privileged,12,intersection,8,3.5701307755708696,2.845243100076913
202,privileged,12,intersection,9,6.106984724551438,7.461358513832092
202,privileged,12,intersection,10,4.954952925890684,4.570208194553852
202,privileged,12,intersection,11,6.20404855042696,4.664482758343219
202,privileged,12,intersection,12,4.956059220880269,6.566655089855193
202,privileged,12,intersection,13,4.822535726726056,3.931378732919693
202,privileged,12,intersection,14,5.006341350674629,3.7698128631711008
202,privileged,12,intersection,15,6.208532660156488,6.588142369389534
202,privileged,12,intersection,16,5.010581435263156,3.69701793089509
202,privileged,12,intersection,17,6.030824751853944,3.791300139576197
202,privileged,13,merge,0,10.197233293503524,8.368071407228708
202,privileged,13,merge,1,7.855217508673667,5.212296314388514
202,privileged,13,merge,2,7.679531367272139,5.386285022944212
202,privileged,13,merge,3,7.854929959475994,8.157828624397515
202,privileged,13,merge,4,5.225530342534184,4.402053368240595
202,privileged,13,merge,5,5.111262110546232,2.744859268218278
202,privileged,13,merge,6,7.691865824908017,7.392195200771093
202,privileged,13,merge,7,5.118755730986596,9.149111776649953
202,privileged,13,merge,8,5.0116821278631685,2.962320761531592
202,privileged,13,merge,9,7.79709602445364,8.134829232245684
202,privileged,13,merge,10,6.563742415532469,5.095093274265527
202,privileged,13,merge,11,7.951600136756896,5.529721668809652
202,privileged,13,merge,12,6.5639253746718165,8.041789435893298
202,privileged,13,merge,13,6.393859081640839,7.651193958371879
202,privileged,13,merge,14,6.611258476823569,3.0054988278448582
202,privileged,13,merge,15,7.957647016048432,7.542257820814848
202,privileged,13,merge,16,6.617359192222358,11.815213741362095
202,privileged,13,merge,17,7.602453998923301,3.509556334465742
202,privileged,14,intersection,0,8.160439329147339,12.675797506570817
202,privileged,14,intersection,1,5.975899804383517,5.126775380074978
202,privileged,14,intersection,2,5.83655727148056,5.641310444772243
202,privileged,14,intersection,3,5.979639812409878,3.622675401568413
202,privileged,14,intersection,4,3.687003182396293,3.6526090718805793
202,privileged,14,intersection,5,3.5875606933236126,3.1551684199273584
202,privileged,14,intersection,6,5.836363520026207,2.728426375240088
202,privileged,14,intersection,7,3.585515448600053,2.424727974236012
202,privileged,14,intersection,8,3.491285283863544,1.959284471273422
202,privileged,14,intersection,9,5.990323403924704,12.44025151371956
202,privileged,14,intersection,10,4.859992662370205,5.008606471717358
202,privileged,14,intersection,11,6.092500472068786,5.990639174878597
202,privileged,14,intersection,12,4.8632882569730285,3.5052981919050223
202,privileged,14,intersection,13,4.734132093936205,4.312274882346392
202,privileged,14,intersection,14,4.925812289714814,3.622666060775518
202,privileged,14,intersection,15,6.093591160029172,3.0742572914063926
202,privileged,14,intersection,16,4.923502209335566,2.888981579840183
202,privileged,14,intersection,17,5.934797513335943,2.8977497696876524
202,privileged,15,merge,0,10.645058450996876,21.34205145567656
202,privileged,15,merge,1,8.222994490861893,9.415979005694387
202,privileged,15,merge,2,8.04957466185093,8.828352583944799
202,privileged,15,merge,3,8.225007397681475,10.620240927934644
202,privileged,15,merge,4,5.449039307981729,19.09416889220476
202,privileged,15,merge,5,5.331607179269193,9.306542295962572
202,privileged,15,merge,6,8.057996790856123,10.235844351947309
202,privileged,15,merge,7,5.335489070340991,12.109772199839352
202,privileged,15,merge,8,5.224980707168578,18.322145902216437
202,privileged,15,merge,9,8.177988067418337,21.108557547330854
202,privileged,15,merge,10,6.8852931529283525,9.298519745469092
202,privileged,15,merge,11,8.323873354792594,8.972489677965642
202,privileged,15,merge,12,6.887027561664582,10.504206324517726
202,privileged,15,merge,13,6.66702626310289,16.75067715317011
202,privileged,15,merge,14,6.881077718883754,9.568138733357191
202,privileged,15,merge,15,8.327884294837713,10.38476663976908
202,privileged,15,merge,16,6.883514484167099,12.974729112535714
202,privileged,15,merge,17,7.884279773086309,18.84869926810265
202,D_pairwise,0,intersection,0,10.623626549094917,5.40367926120758
202,D_pairwise,0,intersection,1,8.802368726730347,4.082182053029537
202,D_pairwise,0,intersection,2,8.562576159089804,3.302841632664204
202,D_pairwise,0,intersection,3,8.80304759144783,4.178498279452324
202,D_pairwise,0,intersection,4,6.952579222172499,2.8570011891424656
202,D_pairwise,0,intersection,5,6.750564974248409,2.277660755962133
202,D_pairwise,0,intersection,6,8.567820078134536,3.865405924618244
202,D_pairwise,0,intersection,7,6.753466491550208,2.7439087849855417
202,D_pairwise,0,intersection,8,6.546921306848526,2.164568369090557
202,D_pairwise,0,intersection,9,8.931624309271575,5.171566106677055
202,D_pairwise,0,intersection,10,7.936704044789075,3.96498188406229
202,D_pairwise,0,intersection,11,8.753325944244862,3.6479344835877416
202,D_pairwise,0,intersection,12,7.936849239170551,4.063585322499275
202,D_pairwise,0,intersection,13,7.753947032094002,3.1122452284395687
202,D_pairwise,0,intersection,14,7.763447743803263,2.7399537812173365
202,D_pairwise,0,intersection,15,8.755300493687391,3.615621940195561
202,D_pairwise,0,intersection,16,7.76435159176588,2.6090377521514894
202,D_pairwise,0,intersection,17,8.565812254548073,2.491990420520305
202,D_pairwise,1,merge,0,10.92732782199979,17.5266430658102
202,D_pairwise,1,merge,1,9.071109952181576,7.764676684141159
202,D_pairwise,1,merge,2,8.84117656737566,7.0281030294299125
202,D_pairwise,1,merge,3,9.11734587982297,10.517271133363248
202,D_pairwise,1,merge,4,7.181397381722928,15.084119926393033
202,D_pairwise,1,merge,5,6.99055369734764,6.0179465647041805
202,D_pairwise,1,merge,6,8.835159881412983,9.936150544583796
202,D_pairwise,1,merge,7,6.947327102720737,10.502999374419453
202,D_pairwise,1,merge,8,6.756906071007252,15.036826131492855
202,D_pairwise,1,merge,9,9.20010670080781,17.28726105898619
202,D_pairwise,1,merge,10,8.178604906648397,7.647608880996705
202,D_pairwise,1,merge,11,9.010045519471168,7.1867372173070905
202,D_pairwise,1,merge,12,8.220725260227919,10.394159202575684
202,D_pairwise,1,merge,13,7.9924503007531165,11.3602927801013
202,D_pairwise,1,merge,14,8.01685791477561,6.893899259716274
202,D_pairwise,1,merge,15,9.00880971610546,10.073801727294924
202,D_pairwise,1,merge,16,7.973945034146309,11.36376250937581
202,D_pairwise,1,merge,17,8.791566564887763,15.57354197949171
202,D_pairwise,2,intersection,0,10.654067358076574,6.964779970943928
202,D_pairwise,2,intersection,1,8.793872406631708,5.648947336375714
202,D_pairwise,2,intersection,2,8.59201708495617,5.268729718625545
202,D_pairwise,2,intersection,3,8.796961965560913,5.767095889747143
202,D_pairwise,2,intersection,4,6.915634200721978,4.59572134256363
202,D_pairwise,2,intersection,5,6.74279492214322,4.215503664314747
202,D_pairwise,2,intersection,6,8.598057127743958,5.19922522932291
202,D_pairwise,2,intersection,7,6.74372768253088,4.0278505808115
202,D_pairwise,2,intersection,8,6.568491355329752,3.647632963359356
202,D_pairwise,2,intersection,9,8.954637175947429,6.722994357943536
202,D_pairwise,2,intersection,10,7.926842466145754,5.528330689966678
202,D_pairwise,2,intersection,11,8.77991054996848,5.619907987415791
202,D_pairwise,2,intersection,12,7.928358685821296,5.644694434702396
202,D_pairwise,2,intersection,13,7.731421298533678,4.665997717082501
202,D_pairwise,2,intersection,14,7.753289341628552,4.68729865193367
202,D_pairwise,2,intersection,15,8.780611793100833,5.55133280813694
202,D_pairwise,2,intersection,16,7.751784808784723,4.502359759509563
202,D_pairwise,2,intersection,17,8.586949105411769,4.593936931788922
202,D_pairwise,3,merge,0,11.048283542543649,9.460543373078108
202,D_pairwise,3,merge,1,9.20990267634392,8.076824859380721
202,D_pairwise,3,merge,2,8.937260680049658,7.589520319402218
202,D_pairwise,3,merge,3,9.174021861851216,11.749505444765092
202,D_pairwise,3,merge,4,7.2486278828978525,7.165786979645491
202,D_pairwise,3,merge,5,7.020374101400375,6.414983852952719
202,D_pairwise,3,merge,6,8.93477972432971,9.765159908235074
202,D_pairwise,3,merge,7,7.047878650575876,13.181441620886323
202,D_pairwise,3,merge,8,6.82046628087759,6.230638389140367
202,D_pairwise,3,merge,9,9.305268867462871,9.220316019654277
202,D_pairwise,3,merge,10,8.301854510009289,7.95290136307478
202,D_pairwise,3,merge,11,9.110634713172914,7.725901375561952
202,D_pairwise,3,merge,12,8.271513227671385,11.633201623260971
202,D_pairwise,3,merge,13,8.068012577742337,10.417691192924975
202,D_pairwise,3,merge,14,8.059173119664193,6.676730789095164
202,D_pairwise,3,merge,15,9.110038479715584,9.923426889479162
202,D_pairwise,3,merge,16,8.088950722813607,11.056012399196623
202,D_pairwise,3,merge,17,8.877734426409006,6.766956169754266
202,D_pairwise,4,intersection,0,10.626535219252112,4.202493136525154
202,D_pairwise,4,intersection,1,8.774171967208385,3.0050934958457947
202,D_pairwise,4,intersection,2,8.55542268589139,3.0167469030618665
202,D_pairwise,4,intersection,3,8.79612384751439,2.931670106500387
202,D_pairwise,4,intersection,4,6.915014701187611,3.1342706467211245
202,D_pairwise,4,intersection,5,6.730269065052271,2.6841714841127398
202,D_pairwise,4,intersection,6,8.565870061963796,2.185413604527712
202,D_pairwise,4,intersection,7,6.718749836236238,2.112666252255439
202,D_pairwise,4,intersection,8,6.532362014651299,3.5423305293917653
202,D_pairwise,4,intersection,9,8.926208518892528,4.163066649436951
202,D_pairwise,4,intersection,10,7.906485507637262,2.885495829582214
202,D_pairwise,4,intersection,11,8.748630357533694,2.965182166397572
202,D_pairwise,4,intersection,12,7.920627731829882,2.811841421574354
202,D_pairwise,4,intersection,13,7.730314607173204,3.5980552156269545
202,D_pairwise,4,intersection,14,7.748599665164948,2.752204330861568
202,D_pairwise,4,intersection,15,8.74818346515298,2.5316523469984533
202,D_pairwise,4,intersection,16,7.733284264355897,2.8198652672767635
202,D_pairwise,4,intersection,17,8.560280646532773,2.819275255799293
202,D_pairwise,5,merge,0,11.090538809001444,11.706590532660485
202,D_pairwise,5,merge,1,9.247667500376702,9.177582334280014
202,D_pairwise,5,merge,2,8.975131133496763,8.597210662811996
202,D_pairwise,5,merge,3,9.203254080116748,14.534276909679177
202,D_pairwise,5,merge,4,7.276461818367243,9.9546125087142
202,D_pairwise,5,merge,5,7.047602303028106,7.574240881353616
202,D_pairwise,5,merge,6,8.978668940663336,11.339886188656092
202,D_pairwise,5,merge,7,7.086777628809213,18.56022201269865
202,D_pairwise,5,merge,8,6.858680833429098,8.979850216954947
202,D_pairwise,5,merge,9,9.3427331417799,11.459850373119114
202,D_pairwise,5,merge,10,8.338173859268426,8.995180346667766
202,D_pairwise,5,merge,11,9.151079567223787,8.676893352121116
202,D_pairwise,5,merge,12,8.299548170268537,14.419282623231412
202,D_pairwise,5,merge,13,8.101768914759159,11.995694368332623
202,D_pairwise,5,merge,14,8.08823503524065,7.836325476169585
202,D_pairwise,5,merge,15,9.151953115165234,11.558053367733956
202,D_pairwise,5,merge,16,8.127752095013857,18.89338336989284
202,D_pairwise,5,merge,17,8.91905302479863,9.57509630084038
202,D_pairwise,6,intersection,0,10.596425924897192,8.77326269030571
202,D_pairwise,6,intersection,1,8.750887430608271,5.68357398852706
202,D_pairwise,6,intersection,2,8.54507399469614,7.365464288443327
202,D_pairwise,6,intersection,3,8.747622928917409,4.27373497709632
202,D_pairwise,6,intersection,4,6.883305687606335,3.9746253646910192
202,D_pairwise,6,intersection,5,6.707781244814395,3.579112360924482
202,D_pairwise,6,intersection,6,8.550651503354311,3.920879315584898
202,D_pairwise,6,intersection,7,6.7128910577297205,3.654747807234525
202,D_pairwise,6,intersection,8,6.534716207683086,3.0820774658024312
202,D_pairwise,6,intersection,9,8.905711657106876,8.536228570342065
202,D_pairwise,6,intersection,10,7.88943973466754,5.565752346366644
202,D_pairwise,6,intersection,11,8.735569744855166,7.915982845872641
202,D_pairwise,6,intersection,12,7.882967063933611,4.1545225279033176
202,D_pairwise,6,intersection,13,7.694187647402288,4.639134363681078
202,D_pairwise,6,intersection,14,7.713997426182031,4.247452440112829
202,D_pairwise,6,intersection,15,8.732861386537552,4.277270852178335
202,D_pairwise,6,intersection,16,7.717255279421806,4.130351782292127
202,D_pairwise,6,intersection,17,8.54523665457964,4.22602155700326
202,D_pairwise,7,merge,0,10.983905645012856,7.24296961441636
202,D_pairwise,7,merge,1,9.10687490493059,5.212464449554681
202,D_pairwise,7,merge,2,8.882710561156273,4.545427698045969
202,D_pairwise,7,merge,3,9.117547374218702,5.225212950855493
202,D_pairwise,7,merge,4,7.167401710152626,5.594707935899496
202,D_pairwise,7,merge,5,6.980154316425324,5.727671198397875
202,D_pairwise,7,merge,6,8.885755923241376,4.339899025410414
202,D_pairwise,7,merge,7,6.971556163728238,2.3093937972187994
202,D_pairwise,7,merge,8,6.785642152428627,4.430784521251917
202,D_pairwise,7,merge,9,9.251918398886918,6.987528176903724
202,D_pairwise,7,merge,10,8.212932170331477,5.082299024313688
202,D_pairwise,7,merge,11,9.053596580773592,4.689960493892432
202,D_pairwise,7,merge,12,8.2170002707839,5.099936889559031
202,D_pairwise,7,merge,13,7.994793477058412,4.05779290497303
202,D_pairwise,7,merge,14,8.005851028710604,8.802369409650565
202,D_pairwise,7,merge,15,9.048757740557194,4.495827057808638
202,D_pairwise,7,merge,16,7.996612563282252,2.5905980125069616
202,D_pairwise,7,merge,17,8.819499360471962,4.998259509950876
202,D_pairwise,8,intersection,0,10.567878134846689,6.255842241942883
202,D_pairwise,8,intersection,1,8.725954222083093,6.856114413887262
202,D_pairwise,8,intersection,2,8.522491566985845,7.849650386124849
202,D_pairwise,8,intersection,3,8.719794279038906,4.140318610221148
202,D_pairwise,8,intersection,4,6.860548692196607,3.110257702469825
202,D_pairwise,8,intersection,5,6.687679228782653,2.422224518060684
202,D_pairwise,8,intersection,6,8.526130966097115,3.7950452055037016
202,D_pairwise,8,intersection,7,6.692766126692295,2.50792825192213
202,D_pairwise,8,intersection,8,6.517868116348982,2.167208398878574
202,D_pairwise,8,intersection,9,8.884161105453968,6.006679644286632
202,D_pairwise,8,intersection,10,7.867998510748148,6.728385492116212
202,D_pairwise,8,intersection,11,8.709603847116231,7.991535850614309
202,D_pairwise,8,intersection,12,7.859153464883565,4.018884762078524
202,D_pairwise,8,intersection,13,7.66812785372138,3.571128994226456
202,D_pairwise,8,intersection,14,7.687549292445183,2.691838826537132
202,D_pairwise,8,intersection,15,8.704830871224404,4.15074815645814
202,D_pairwise,8,intersection,16,7.691130822151899,2.9863442960381503
202,D_pairwise,8,intersection,17,8.516552586704492,3.979602793753147
202,D_pairwise,9,merge,0,10.956629243791102,6.645314110219478
202,D_pairwise,9,merge,1,9.099792641550302,7.869804574251175
202,D_pairwise,9,merge,2,8.858016884177923,7.195165332853795
202,D_pairwise,9,merge,3,9.137373071610927,5.708036426454783
202,D_pairwise,9,merge,4,7.200638415515423,3.332526750415564
202,D_pairwise,9,merge,5,7.000452976226805,8.057887446880342
202,D_pairwise,9,merge,6,8.873450679332018,5.45064827606082
202,D_pairwise,9,merge,7,6.9806189987063405,3.2751387283205986
202,D_pairwise,9,merge,8,6.780090091079474,3.0004993215203286
202,D_pairwise,9,merge,9,9.224082859903572,6.411866526901722
202,D_pairwise,9,merge,10,8.206550379991532,7.752735149860382
202,D_pairwise,9,merge,11,9.036270977854729,7.348598859608173
202,D_pairwise,9,merge,12,8.234615221172572,5.591658178418874
202,D_pairwise,9,merge,13,8.020521439164877,3.589328377693892
202,D_pairwise,9,merge,14,8.033046400099991,4.728390340805054
202,D_pairwise,9,merge,15,9.03858019337058,5.596963949054479
202,D_pairwise,9,merge,16,8.00738058388233,3.5378324821591374
202,D_pairwise,9,merge,17,8.82068888619542,3.533696027696133
202,D_pairwise,10,intersection,0,10.594782039225102,7.024310186058283
202,D_pairwise,10,intersection,1,8.7393305888772,5.917164995521306
202,D_pairwise,10,intersection,2,8.559407485872509,5.132088463455439
202,D_pairwise,10,intersection,3,8.759158795177937,6.145962555855512
202,D_pairwise,10,intersection,4,6.885572796463966,4.953728255480528
202,D_pairwise,10,intersection,5,6.730109108090401,4.168651907891034
202,D_pairwise,10,intersection,6,8.56337664037943,5.952581635564565
202,D_pairwise,10,intersection,7,6.714828178882598,4.76014657124877
202,D_pairwise,10,intersection,8,6.555547117888927,3.9750702296197415
202,D_pairwise,10,intersection,9,8.903928638249637,6.771930847615003
202,D_pairwise,10,intersection,10,7.878623237907886,5.791387616246938
202,D_pairwise,10,intersection,11,8.746048536598682,5.484257872551679
202,D_pairwise,10,intersection,12,7.893948788642882,6.017883073836566
202,D_pairwise,10,intersection,13,7.700985772609711,5.032373331040144
202,D_pairwise,10,intersection,14,7.733244340866805,4.646598673015833
202,D_pairwise,10,intersection,15,8.744327706843615,6.099645475298166
202,D_pairwise,10,intersection,16,7.715297909677028,5.035289839059114
202,D_pairwise,10,intersection,17,8.559935722649097,4.728160173147917
202,D_pairwise,11,merge,0,10.9184669521451,7.617805186808109
202,D_pairwise,11,merge,1,9.071165926754476,6.4905631005764
202,D_pairwise,11,merge,2,8.844716981500387,6.097492335438727
202,D_pairwise,11,merge,3,9.07279763698578,8.97675896257162
202,D_pairwise,11,merge,4,7.1577481888234615,4.649516916424036
202,D_pairwise,11,merge,5,6.967760487645865,4.186503714472055
202,D_pairwise,11,merge,6,8.83894686177373,7.35470412403345
202,D_pairwise,11,merge,7,6.962343682199717,8.93887589558959
202,D_pairwise,11,merge,8,6.7725867627561085,3.17682779610157
202,D_pairwise,11,merge,9,9.197624327391386,7.365043036490679
202,D_pairwise,11,merge,10,8.182559913843871,6.365997218489646
202,D_pairwise,11,merge,11,9.01319703385234,6.251465294361115
202,D_pairwise,11,merge,12,8.184677997231482,8.848562778532504
202,D_pairwise,11,merge,13,7.973310823142528,6.92280248567462
202,D_pairwise,11,merge,14,7.985090843886137,4.465042578727006
202,D_pairwise,11,merge,15,9.012262248545884,7.300671831667424
202,D_pairwise,11,merge,16,7.982266820371151,11.61303978547454
202,D_pairwise,11,merge,17,8.796327467858791,3.72953047350049
202,D_pairwise,12,intersection,0,10.568533948063852,7.69602808713913
202,D_pairwise,12,intersection,1,8.723456120938064,4.6870389172434805
202,D_pairwise,12,intersection,2,8.519864868670702,4.310481713712215
202,D_pairwise,12,intersection,3,8.730917629897593,6.684493886232375
202,D_pairwise,12,intersection,4,6.867608522623777,3.675530595779419
202,D_pairwise,12,intersection,5,6.693432185649872,3.2989811536669733
202,D_pairwise,12,intersection,6,8.530710066854953,6.230755891799927
202,D_pairwise,12,intersection,7,6.695269495099782,3.2217925907671447
202,D_pairwise,12,intersection,8,6.5176606370508665,2.845243100076913
202,D_pairwise,12,intersection,9,8.879023291021587,7.461358513832092
202,D_pairwise,12,intersection,10,7.864311657100916,4.570208194553852
202,D_pairwise,12,intersection,11,8.710351485311985,4.664482758343219
202,D_pairwise,12,intersection,12,7.865074940174817,6.566655089855193
202,D_pairwise,12,intersection,13,7.677240170985461,3.931378732919693
202,D_pairwise,12,intersection,14,7.698179753273727,3.7698128631711008
202,D_pairwise,12,intersection,15,8.710478798896075,6.588142369389534
202,D_pairwise,12,intersection,16,7.697398050874471,3.69701793089509
202,D_pairwise,12,intersection,17,8.52497407913208,3.791300139576197
202,D_pairwise,13,merge,0,10.970976079106332,8.368071407228708
202,D_pairwise,13,merge,1,9.149378081411122,5.212296314388514
202,D_pairwise,13,merge,2,8.876265600025654,5.386285022944212
202,D_pairwise,13,merge,3,9.129680977612734,8.157828624397515
202,D_pairwise,13,merge,4,7.226147709935903,4.402053368240595
202,D_pairwise,13,merge,5,6.999250410497189,2.744859268218278
202,D_pairwise,13,merge,6,8.874772847294807,7.392195200771093
202,D_pairwise,13,merge,7,7.01504132822156,9.149111776649953
202,D_pairwise,13,merge,8,6.787180176228285,2.962320761531592
202,D_pairwise,13,merge,9,9.244883794933555,8.134829232245684
202,D_pairwise,13,merge,10,8.253908032625914,5.095093274265527
202,D_pairwise,13,merge,11,9.050236815959217,5.529721668809652
202,D_pairwise,13,merge,12,8.23654488041997,8.041789435893298
202,D_pairwise,13,merge,13,8.032767972499132,7.651193958371879
202,D_pairwise,13,merge,14,8.027861842513083,3.0054988278448582
202,D_pairwise,13,merge,15,9.050103430598975,7.542257820814848
202,D_pairwise,13,merge,16,8.045725525915623,11.815213741362095
202,D_pairwise,13,merge,17,8.825569434911012,3.509556334465742
202,D_pairwise,14,intersection,0,10.610114273428916,12.675797506570817
202,D_pairwise,14,intersection,1,8.767337878197432,5.126775380074978
202,D_pairwise,14,intersection,2,8.563182137906551,5.641310444772243
202,D_pairwise,14,intersection,3,8.788899743855,3.622675401568413
202,D_pairwise,14,intersection,4,6.922701717466116,3.6526090718805793
202,D_pairwise,14,intersection,5,6.748495274037122,3.1551684199273584
202,D_pairwise,14,intersection,6,8.57112915173173,2.728426375240088
202,D_pairwise,14,intersection,7,6.73428765937686,2.424727974236012
202,D_pairwise,14,intersection,8,6.554885803759097,1.959284471273422
202,D_pairwise,14,intersection,9,8.916006100624799,12.44025151371956
202,D_pairwise,14,intersection,10,7.905258222371339,5.008606471717358
202,D_pairwise,14,intersection,11,8.755115595757962,5.990639174878597
202,D_pairwise,14,intersection,12,7.919056362658738,3.5052981919050223
202,D_pairwise,14,intersection,13,7.731673575341702,4.312274882346392
202,D_pairwise,14,intersection,14,7.758335951715709,3.622666060775518
202,D_pairwise,14,intersection,15,8.752810810208322,3.0742572914063926
202,D_pairwise,14,intersection,16,7.740877065211534,2.888981579840183
202,D_pairwise,14,intersection,17,8.56908866778016,2.8977497696876524
202,D_pairwise,15,merge,0,10.95609719157219,21.34205145567656
202,D_pairwise,15,merge,1,9.133492554575204,9.415979005694387
202,D_pairwise,15,merge,2,8.860302147120237,8.828352583944799
202,D_pairwise,15,merge,3,9.12290315568447,10.620240927934644
202,D_pairwise,15,merge,4,7.214141764193773,19.09416889220476
202,D_pairwise,15,merge,5,6.988084066808224,9.306542295962572
202,D_pairwise,15,merge,6,8.860327037572862,10.235844351947309
202,D_pairwise,15,merge,7,6.9970232884585855,12.109772199839352
202,D_pairwise,15,merge,8,6.770758730918169,18.322145902216437
202,D_pairwise,15,merge,9,9.223297431766987,21.108557547330854
202,D_pairwise,15,merge,10,8.23410245642066,9.298519745469092
202,D_pairwise,15,merge,11,9.03424735829234,8.972489677965642
202,D_pairwise,15,merge,12,8.224863040447236,10.504206324517726
202,D_pairwise,15,merge,13,8.023633149266242,16.75067715317011
202,D_pairwise,15,merge,14,8.021163289248943,9.568138733357191
202,D_pairwise,15,merge,15,9.034336067587136,10.38476663976908
202,D_pairwise,15,merge,16,8.030748489350081,12.974729112535714
202,D_pairwise,15,merge,17,8.816495648324489,18.84869926810265
303,A_original,0,intersection,0,11.7786014392972,5.40367926120758
303,A_original,0,intersection,1,11.762407740354536,4.082182053029537
303,A_original,0,intersection,2,11.744676929712297,3.302841632664204
303,A_original,0,intersection,3,11.765557438433172,4.178498279452324
303,A_original,0,intersection,4,11.749312049448491,2.8570011891424656
303,A_original,0,intersection,5,11.731539522409438,2.277660755962133
303,A_original,0,intersection,6,11.74864079862833,3.865405924618244
303,A_original,0,intersection,7,11.732337445020676,2.7439087849855417
303,A_original,0,intersection,8,11.71452481687069,2.164568369090557
303,A_original,0,intersection,9,11.753523183763027,5.171566106677055
303,A_original,0,intersection,10,11.751369152665138,3.96498188406229
303,A_original,0,intersection,11,11.74822327196598,3.6479344835877416
303,A_original,0,intersection,12,11.751486522853376,4.063585322499275
303,A_original,0,intersection,13,11.749226854741572,3.1122452284395687
303,A_original,0,intersection,14,11.746149101257323,2.7399537812173365
303,A_original,0,intersection,15,11.74615019381046,3.615621940195561
303,A_original,0,intersection,16,11.743960460424423,2.6090377521514894
303,A_original,0,intersection,17,11.740797114372253,2.491990420520305
303,A_original,1,merge,0,10.77458364918828,17.5266430658102
303,A_original,1,merge,1,10.75924526169896,7.764676684141159
303,A_original,1,merge,2,10.74228457599878,7.0281030294299125
303,A_original,1,merge,3,10.758951130956412,10.517271133363248
303,A_original,1,merge,4,10.74357272967696,15.084119926393033
303,A_original,1,merge,5,10.726606824994088,6.0179465647041805
303,A_original,1,merge,6,10.742115540355446,9.936150544583796
303,A_original,1,merge,7,10.726728774607182,10.502999374419453
303,A_original,1,merge,8,10.70982835173607,15.036826131492855
303,A_original,1,merge,9,10.745703400969504,17.28726105898619
303,A_original,1,merge,10,10.744626228511333,7.647608880996705
303,A_original,1,merge,11,10.742518194764852,7.1867372173070905
303,A_original,1,merge,12,10.744614073336123,10.394159202575684
303,A_original,1,merge,13,10.742371326535938,11.3602927801013
303,A_original,1,merge,14,10.74149339273572,6.893899259716274
303,A_original,1,merge,15,10.742833762913945,10.073801727294924
303,A_original,1,merge,16,10.741821961849928,11.36376250937581
303,A_original,1,merge,17,10.739804564267397,15.57354197949171
303,A_original,2,intersection,0,11.86421329110861,6.964779970943928
303,A_original,2,intersection,1,11.85015443444252,5.648947336375714
303,A_original,2,intersection,2,11.833137587308885,5.268729718625545
303,A_original,2,intersection,3,11.853076026141643,5.767095889747143
303,A_original,2,intersection,4,11.83894194483757,4.59572134256363
303,A_original,2,intersection,5,11.821845183968543,4.215503664314747
303,A_original,2,intersection,6,11.837701972424982,5.19922522932291
303,A_original,2,intersection,7,11.823473351895808,4.0278505808115
303,A_original,2,intersection,8,11.806283857822418,3.647632963359356
303,A_original,2,intersection,9,11.84161348760128,6.722994357943536
303,A_original,2,intersection,10,11.83990858823061,5.528330689966678
303,A_original,2,intersection,11,11.835744416713714,5.619907987415791
303,A_original,2,intersection,12,11.840701365172864,5.644694434702396
303,A_original,2,intersection,13,11.838237893879413,4.665997717082501
303,A_original,2,intersection,14,11.834729126691816,4.68729865193367
303,A_original,2,intersection,15,11.835923117399211,5.55133280813694
303,A_original,2,intersection,16,11.83411144375801,4.502359759509563
303,A_original,2,intersection,17,11.829864352345467,4.593936931788922
303,A_original,3,merge,0,10.72697660818696,9.460543373078108
303,A_original,3,merge,1,10.711311709880828,8.076824859380721
303,A_original,3,merge,2,10.694465271681546,7.589520319402218
303,A_original,3,merge,3,10.71131873741746,11.749505444765092
303,A_original,3,merge,4,10.69561446622014,7.165786979645491
303,A_original,3,merge,5,10.67876789793372,6.414983852952719
303,A_original,3,merge,6,10.69442752495408,9.765159908235074
303,A_original,3,merge,7,10.67872310206294,13.181441620886323
303,A_original,3,merge,8,10.66195167079568,6.230638389140367
303,A_original,3,merge,9,10.697921586185691,9.220316019654277
303,A_original,3,merge,10,10.69677575826645,7.95290136307478
303,A_original,3,merge,11,10.694974249750375,7.725901375561952
303,A_original,3,merge,12,10.696725204139948,11.633201623260971
303,A_original,3,merge,13,10.69460633352399,10.417691192924975
303,A_original,3,merge,14,10.693849120140076,6.676730789095164
303,A_original,3,merge,15,10.69483910754323,9.923426889479162
303,A_original,3,merge,16,10.693764117807149,11.056012399196623
303,A_original,3,merge,17,10.692066846191882,6.766956169754266
303,A_original,4,intersection,0,11.617798736691476,4.202493136525154
303,A_original,4,intersection,1,11.60186567157507,3.0050934958457947
303,A_original,4,intersection,2,11.584025461673738,3.0167469030618665
303,A_original,4,intersection,3,11.604073944687844,2.931670106500387
303,A_original,4,intersection,4,11.588086149692534,3.1342706467211245
303,A_original,4,intersection,5,11.570195200443267,2.6841714841127398
303,A_original,4,intersection,6,11.586470513045787,2.185413604527712
303,A_original,4,intersection,7,11.570417916178704,2.112666252255439
303,A_original,4,intersection,8,11.552475653290749,3.5423305293917653
303,A_original,4,intersection,9,11.592928275465963,4.163066649436951
303,A_original,4,intersection,10,11.590601406991484,2.885495829582214
303,A_original,4,intersection,11,11.586923215389254,2.965182166397572
303,A_original,4,intersection,12,11.590438175201417,2.811841421574354
303,A_original,4,intersection,13,11.587581048905848,3.5980552156269545
303,A_original,4,intersection,14,11.584385977387427,2.752204330861568
303,A_original,4,intersection,15,11.584727413058282,2.5316523469984533
303,A_original,4,intersection,16,11.582358840107918,2.8198652672767635
303,A_original,4,intersection,17,11.578655746877192,2.819275255799293
303,A_original,5,merge,0,10.67864576086402,11.706590532660485
303,A_original,5,merge,1,10.663067587018013,9.177582334280014
303,A_original,5,merge,2,10.646267979592084,8.597210662811996
303,A_original,5,merge,3,10.663048768043518,14.534276909679177
303,A_original,5,merge,4,10.647443702220915,9.9546125087142
303,A_original,5,merge,5,10.630653162151576,7.574240881353616
303,A_original,5,merge,6,10.646223486214875,11.339886188656092
303,A_original,5,merge,7,10.630626284778115,18.56022201269865
303,A_original,5,merge,8,10.613913880884647,8.979850216954947
303,A_original,5,merge,9,10.64979987770319,11.459850373119114
303,A_original,5,merge,10,10.64861027494073,8.995180346667766
303,A_original,5,merge,11,10.64670893698931,8.676893352121116
303,A_original,5,merge,12,10.64858552545309,14.419282623231412
303,A_original,5,merge,13,10.646419203877448,11.995694368332623
303,A_original,5,merge,14,10.645584427416324,7.836325476169585
303,A_original,5,merge,15,10.64663923367858,11.558053367733956
303,A_original,5,merge,16,10.645539231300354,18.89338336989284
303,A_original,5,merge,17,10.643749810159209,9.57509630084038
303,A_original,6,intersection,0,11.828905935287477,8.77326269030571
303,A_original,6,intersection,1,11.8133820733428,5.68357398852706
303,A_original,6,intersection,2,11.79563978612423,7.365464288443327
303,A_original,6,intersection,3,11.81724755257368,4.27373497709632
303,A_original,6,intersection,4,11.801661159992218,3.9746253646910192
303,A_original,6,intersection,5,11.783854684829713,3.579112360924482
303,A_original,6,intersection,6,11.80132269769907,3.920879315584898
303,A_original,6,intersection,7,11.785654532015323,3.654747807234525
303,A_original,6,intersection,8,11.767774831056595,3.0820774658024312
303,A_original,6,intersection,9,11.805020388662816,8.536228570342065
303,A_original,6,intersection,10,11.802951864302155,5.565752346366644
303,A_original,6,intersection,11,11.799212955534458,7.915982845872641
303,A_original,6,intersection,12,11.803768065571784,4.1545225279033176
303,A_original,6,intersection,13,11.8014889010787,4.639134363681078
303,A_original,6,intersection,14,11.7978844255209,4.247452440112829
303,A_original,6,intersection,15,11.798697468340396,4.277270852178335
303,A_original,6,intersection,16,11.79655490010977,4.130351782292127
303,A_original,6,intersection,17,11.792754232287407,4.22602155700326
303,A_original,7,merge,0,10.807807129323482,7.24296961441636
303,A_original,7,merge,1,10.7923732329905,5.212464449554681
303,A_original,7,merge,2,10.77522906959057,4.545427698045969
303,A_original,7,merge,3,10.7923342821002,5.225212950855493
303,A_original,7,merge,4,10.776865016520023,5.594707935899496
303,A_original,7,merge,5,10.759717257022858,5.727671198397875
303,A_original,7,merge,6,10.775481535345316,4.339899025410414
303,A_original,7,merge,7,10.760008236467838,2.3093937972187994
303,A_original,7,merge,8,10.7429194958508,4.430784521251917
303,A_original,7,merge,9,10.779318709373474,6.987528176903724
303,A_original,7,merge,10,10.77805323019624,5.082299024313688
303,A_original,7,merge,11,10.77563841506839,4.689960493892432
303,A_original,7,merge,12,10.778096249401568,5.099936889559031
303,A_original,7,merge,13,10.775693194419146,4.05779290497303
303,A_original,7,merge,14,10.774482943713666,8.802369409650565
303,A_original,7,merge,15,10.7760054589808,4.495827057808638
303,A_original,7,merge,16,10.774803618639709,2.5905980125069616
303,A_original,7,merge,17,10.772480822354556,4.998259509950876
303,A_original,8,intersection,0,11.730321755707264,6.255842241942883
303,A_original,8,intersection,1,11.714636408686635,6.856114413887262
303,A_original,8,intersection,2,11.69713077068329,7.849650386124849
303,A_original,8,intersection,3,11.718861898481846,4.140318610221148
303,A_original,8,intersection,4,11.7031191560626,3.110257702469825
303,A_original,8,intersection,5,11.685559373795988,2.422224518060684
303,A_original,8,intersection,6,11.703190126419068,3.7950452055037016
303,A_original,8,intersection,7,11.687374309003353,2.50792825192213
303,A_original,8,intersection,8,11.66975242614746,2.167208398878574
303,A_original,8,intersection,9,11.706288187503814,6.006679644286632
303,A_original,8,intersection,10,11.70427880704403,6.728385492116212
303,A_original,8,intersection,11,11.700960725843906,7.991535850614309
303,A_original,8,intersection,12,11.705157926678655,4.018884762078524
303,A_original,8,intersection,13,11.703164650797843,3.571128994226456
303,A_original,8,intersection,14,11.699772625863552,2.691838826537132
303,A_original,8,intersection,15,11.70020106971264,4.15074815645814
303,A_original,8,intersection,16,11.698134874999525,2.9863442960381503
303,A_original,8,intersection,17,11.694775086343292,3.979602793753147
303,A_original,9,merge,0,10.805134626179935,6.645314110219478
303,A_original,9,merge,1,10.789805189669131,7.869804574251175
303,A_original,9,merge,2,10.772868988215922,7.195165332853795
303,A_original,9,merge,3,10.78954060316086,5.708036426454783
303,A_original,9,merge,4,10.774179854094982,3.332526750415564
303,A_original,9,merge,5,10.75724814146757,8.057887446880342
303,A_original,9,merge,6,10.772675910443068,5.45064827606082
303,A_original,9,merge,7,10.757318371981384,3.2751387283205986
303,A_original,9,merge,8,10.740455772131684,3.0004993215203286
303,A_original,9,merge,9,10.776451915055514,6.411866526901722
303,A_original,9,merge,10,10.775317352861164,7.752735149860382
303,A_original,9,merge,11,10.773159743249414,7.348598859608173
303,A_original,9,merge,12,10.775270456969738,5.591658178418874
303,A_original,9,merge,13,10.77299638852477,3.589328377693892
303,A_original,9,merge,14,10.77206201210618,4.728390340805054
303,A_original,9,merge,15,10.773328303992749,5.596963949054479
303,A_original,9,merge,16,10.772277808487416,3.5378324821591374
303,A_original,9,merge,17,10.770224656164649,3.533696027696133
303,A_original,10,intersection,0,11.797558613717555,7.024310186058283
303,A_original,10,intersection,1,11.784265595972537,5.917164995521306
303,A_original,10,intersection,2,11.767597616314887,5.132088463455439
303,A_original,10,intersection,3,11.785704595148564,6.145962555855512
303,A_original,10,intersection,4,11.77232959419489,4.953728255480528
303,A_original,10,intersection,5,11.75557293087244,4.168651907891034
303,A_original,10,intersection,6,11.769710694253444,5.952581635564565
303,A_original,10,intersection,7,11.75623564660549,4.76014657124877
303,A_original,10,intersection,8,11.73937782794237,3.9750702296197415
303,A_original,10,intersection,9,11.775574644505978,6.771930847615003
303,A_original,10,intersection,10,11.77388706743717,5.791387616246938
303,A_original,10,intersection,11,11.769306202530862,5.484257872551679
303,A_original,10,intersection,12,11.77407872527838,6.017883073836566
303,A_original,10,intersection,13,11.771130998432636,5.032373331040144
303,A_original,10,intersection,14,11.767692106068136,4.646598673015833
303,A_original,10,intersection,15,11.768897666931151,6.099645475298166
303,A_original,10,intersection,16,11.76709304124117,5.035289839059114
303,A_original,10,intersection,17,11.762411660850049,4.728160173147917
303,A_original,11,merge,0,10.77650374248624,7.617805186808109
303,A_original,11,merge,1,10.760931772887703,6.4905631005764
303,A_original,11,merge,2,10.74388140782714,6.097492335438727
303,A_original,11,merge,3,10.760982414484024,8.97675896257162
303,A_original,11,merge,4,10.745385001301766,4.649516916424036
303,A_original,11,merge,5,10.72834665670991,4.186503714472055
303,A_original,11,merge,6,10.744061180651189,7.35470412403345
303,A_original,11,merge,7,10.728476000279189,8.93887589558959
303,A_original,11,merge,8,10.711513790935278,3.17682779610157
303,A_original,11,merge,9,10.747936458140613,7.365043036490679
303,A_original,11,merge,10,10.746610476374626,6.365997218489646
303,A_original,11,merge,11,10.74431866377592,6.251465294361115
303,A_original,11,merge,12,10.746663457751271,8.848562778532504
303,A_original,11,merge,13,10.744281475543977,6.92280248567462
303,A_original,11,merge,14,10.743138099312784,4.465042578727006
303,A_original,11,merge,15,10.744516788572074,7.300671831667424
303,A_original,11,merge,16,10.743283433914184,11.61303978547454
303,A_original,11,merge,17,10.741107916384935,3.72953047350049
303,A_original,12,intersection,0,11.715826838612555,7.69602808713913
303,A_original,12,intersection,1,11.701153981983662,4.6870389172434805
303,A_original,12,intersection,2,11.684327928721904,4.310481713712215
303,A_original,12,intersection,3,11.704024935364725,6.684493886232375
303,A_original,12,intersection,4,11.689290637373924,3.675530595779419
303,A_original,12,intersection,5,11.672404248416424,3.2989811536669733
303,A_original,12,intersection,6,11.688062097132208,6.230755891799927
303,A_original,12,intersection,7,11.673253624141216,3.2217925907671447
303,A_original,12,intersection,8,11.656303026676175,2.845243100076913
303,A_original,12,intersection,9,11.692287751436233,7.461358513832092
303,A_original,12,intersection,10,11.69074307411909,4.570208194553852
303,A_original,12,intersection,11,11.687504679262638,4.664482758343219
303,A_original,12,intersection,12,11.690873086750509,6.566655089855193
303,A_original,12,intersection,13,11.688956985473634,3.931378732919693
303,A_original,12,intersection,14,11.68601871520281,3.7698128631711008
303,A_original,12,intersection,15,11.685767254531385,6.588142369389534
303,A_original,12,intersection,16,11.684154998064042,3.69701793089509
303,A_original,12,intersection,17,11.680868245959282,3.791300139576197
303,A_original,13,merge,0,10.76998415991664,8.368071407228708
303,A_original,13,merge,1,10.754412679970264,5.212296314388514
303,A_original,13,merge,2,10.737524673491716,5.386285022944212
303,A_original,13,merge,3,10.754390404373408,8.157828624397515
303,A_original,13,merge,4,10.73879299119115,4.402053368240595
303,A_original,13,merge,5,10.721913562566042,2.744859268218278
303,A_original,13,merge,6,10.737492263913154,7.392195200771093
303,A_original,13,merge,7,10.721905481517314,9.149111776649953
303,A_original,13,merge,8,10.705105659365657,2.962320761531592
303,A_original,13,merge,9,10.741204897612333,8.134829232245684
303,A_original,13,merge,10,10.739983530193566,5.095093274265527
303,A_original,13,merge,11,10.737960553765296,5.529721668809652
303,A_original,13,merge,12,10.73996867865324,8.041789435893298
303,A_original,13,merge,13,10.737730747759343,7.651193958371879
303,A_original,13,merge,14,10.736813970506192,3.0054988278448582
303,A_original,13,merge,15,10.737948945015669,7.542257820814848
303,A_original,13,merge,16,10.736817517131566,11.815213741362095
303,A_original,13,merge,17,10.73491353750229,3.509556334465742
303,A_original,14,intersection,0,11.661115854382516,12.675797506570817
303,A_original,14,intersection,1,11.645781241357328,5.126775380074978
303,A_original,14,intersection,2,11.628519951701165,5.641310444772243
303,A_original,14,intersection,3,11.647740304768089,3.622675401568413
303,A_original,14,intersection,4,11.63235149025917,3.6526090718805793
303,A_original,14,intersection,5,11.615039930939677,3.1551684199273584
303,A_original,14,intersection,6,11.63056597739458,2.728426375240088
303,A_original,14,intersection,7,11.615118396282195,2.424727974236012
303,A_original,14,intersection,8,11.59776273190975,1.959284471273422
303,A_original,14,intersection,9,11.636511030495168,12.44025151371956
303,A_original,14,intersection,10,11.634668595194816,5.008606471717358
303,A_original,14,intersection,11,11.631398163735868,5.990639174878597
303,A_original,14,intersection,12,11.634218662679196,3.5052981919050223
303,A_original,14,intersection,13,11.631880155801774,4.312274882346392
303,A_original,14,intersection,14,11.629059679210188,3.622666060775518
303,A_original,14,intersection,15,11.62872866690159,3.0742572914063926
303,A_original,14,intersection,16,11.626842553317548,2.888981579840183
303,A_original,14,intersection,17,11.623549167215824,2.8977497696876524
303,A_original,15,merge,0,10.755553892850877,21.34205145567656
303,A_original,15,merge,1,10.740018125623465,9.415979005694387
303,A_original,15,merge,2,10.723168171793224,8.828352583944799
303,A_original,15,merge,3,10.740020970404148,10.620240927934644
303,A_original,15,merge,4,10.724451923519371,19.09416889220476
303,A_original,15,merge,5,10.707605214118958,9.306542295962572
303,A_original,15,merge,6,10.723208732008937,10.235844351947309
303,A_original,15,merge,7,10.707640519291164,12.109772199839352
303,A_original,15,merge,8,10.690865474492313,18.322145902216437
303,A_original,15,merge,9,10.726719096153976,21.108557547330854
303,A_original,15,merge,10,10.725554832071063,9.298519745469092
303,A_original,15,merge,11,10.723589441031216,8.972489677965642
303,A_original,15,merge,12,10.725576542913911,10.504206324517726
303,A_original,15,merge,13,10.72339659690857,16.75067715317011
303,A_original,15,merge,14,10.722523022592068,9.568138733357191
303,A_original,15,merge,15,10.723659784197803,10.38476663976908
303,A_original,15,merge,16,10.722570658326148,12.974729112535714
303,A_original,15,merge,17,10.72070693075657,18.84869926810265
303,B_factorial,0,intersection,0,7.462198990434407,5.40367926120758
303,B_factorial,0,intersection,1,6.125092962235213,4.082182053029537
303,B_factorial,0,intersection,2,5.935590665042398,3.302841632664204
303,B_factorial,0,intersection,3,6.097901382446288,4.178498279452324
303,B_factorial,0,intersection,4,4.326356585174799,2.8570011891424656
303,B_factorial,0,intersection,5,4.235825485140085,2.277660755962133
303,B_factorial,0,intersection,6,5.906511647999286,3.865405924618244
303,B_factorial,0,intersection,7,4.2337230888009065,2.7439087849855417
303,B_factorial,0,intersection,8,4.144817739129066,2.164568369090557
303,B_factorial,0,intersection,9,6.415063867717981,5.171566106677055
303,B_factorial,0,intersection,10,5.537703600227833,3.96498188406229
303,B_factorial,0,intersection,11,6.046462418735028,3.6479344835877416
303,B_factorial,0,intersection,12,5.520631410330534,4.063585322499275
303,B_factorial,0,intersection,13,4.900189048945904,3.1122452284395687
303,B_factorial,0,intersection,14,4.898363251835107,2.7399537812173365
303,B_factorial,0,intersection,15,6.029061286598443,3.615621940195561
303,B_factorial,0,intersection,16,4.897895669043064,2.6090377521514894
303,B_factorial,0,intersection,17,5.366007939130068,2.491990420520305
303,B_factorial,1,merge,0,11.074257758259773,17.5266430658102
303,B_factorial,1,merge,1,9.502532893270256,7.764676684141159
303,B_factorial,1,merge,2,9.365642142891884,7.0281030294299125
303,B_factorial,1,merge,3,9.559785245209932,10.517271133363248
303,B_factorial,1,merge,4,7.036416310071947,15.084119926393033
303,B_factorial,1,merge,5,6.994290569722652,6.0179465647041805
303,B_factorial,1,merge,6,9.344009980559347,9.936150544583796
303,B_factorial,1,merge,7,6.9257111915946,10.502999374419453
303,B_factorial,1,merge,8,6.880011947005987,15.036826131492855
303,B_factorial,1,merge,9,9.798543941527605,17.28726105898619
303,B_factorial,1,merge,10,8.664603463262319,7.647608880996705
303,B_factorial,1,merge,11,9.43311162278056,7.1867372173070905
303,B_factorial,1,merge,12,8.735757140219212,10.394159202575684
303,B_factorial,1,merge,13,7.848484525829553,11.3602927801013
303,B_factorial,1,merge,14,7.867483765035866,6.893899259716274
303,B_factorial,1,merge,15,9.422506733685733,10.073801727294924
303,B_factorial,1,merge,16,7.811320706009865,11.36376250937581
303,B_factorial,1,merge,17,8.353759326338768,15.57354197949171
303,B_factorial,2,intersection,0,7.511358226388692,6.964779970943928
303,B_factorial,2,intersection,1,6.123426402509212,5.648947336375714
303,B_factorial,2,intersection,2,5.978124298602343,5.268729718625545
303,B_factorial,2,intersection,3,6.094259191304445,5.767095889747143
303,B_factorial,2,intersection,4,4.280458909869194,4.59572134256363
303,B_factorial,2,intersection,5,4.223138362765312,4.215503664314747
303,B_factorial,2,intersection,6,5.949050492197275,5.19922522932291
303,B_factorial,2,intersection,7,4.220382553786039,4.0278505808115
303,B_factorial,2,intersection,8,4.161958346068858,3.647632963359356
303,B_factorial,2,intersection,9,6.463156495392323,6.722994357943536
303,B_factorial,2,intersection,10,5.534042427241801,5.528330689966678
303,B_factorial,2,intersection,11,6.089112087786198,5.619907987415791
303,B_factorial,2,intersection,12,5.517452022433282,5.644694434702396
303,B_factorial,2,intersection,13,4.875552451908588,4.665997717082501
303,B_factorial,2,intersection,14,4.881802329421043,4.68729865193367
303,B_factorial,2,intersection,15,6.07164319127798,5.55133280813694
303,B_factorial,2,intersection,16,4.881335736662149,4.502359759509563
303,B_factorial,2,intersection,17,5.382730657756328,4.593936931788922
303,B_factorial,3,merge,0,11.158204231709242,9.460543373078108
303,B_factorial,3,merge,1,9.640774674117566,8.076824859380721
303,B_factorial,3,merge,2,9.430632258057594,7.589520319402218
303,B_factorial,3,merge,3,9.596600816100835,11.749505444765092
303,B_factorial,3,merge,4,7.058911147415638,7.165786979645491
303,B_factorial,3,merge,5,6.958540334701538,6.414983852952719
303,B_factorial,3,merge,6,9.445073982477188,9.765159908235074
303,B_factorial,3,merge,7,7.009304676055908,13.181441620886323
303,B_factorial,3,merge,8,6.904075244516134,6.230638389140367
303,B_factorial,3,merge,9,9.891138833612205,9.220316019654277
303,B_factorial,3,merge,10,8.812556544095278,7.95290136307478
303,B_factorial,3,merge,11,9.51006662786007,7.725901375561952
303,B_factorial,3,merge,12,8.758585937172175,11.633201623260971
303,B_factorial,3,merge,13,7.871289551705122,10.417691192924975
303,B_factorial,3,merge,14,7.86291493833065,6.676730789095164
303,B_factorial,3,merge,15,9.51642121464014,9.923426889479162
303,B_factorial,3,merge,16,7.904513470679522,11.056012399196623
303,B_factorial,3,merge,17,8.398211540579796,6.766956169754266
303,B_factorial,4,intersection,0,7.4445063279569155,4.202493136525154
303,B_factorial,4,intersection,1,6.096317555904388,3.0050934958457947
303,B_factorial,4,intersection,2,5.933457277268171,3.0167469030618665
303,B_factorial,4,intersection,3,6.074707281440496,2.931670106500387
303,B_factorial,4,intersection,4,4.285202903598546,3.1342706467211245
303,B_factorial,4,intersection,5,4.216930989623069,2.6841714841127398
303,B_factorial,4,intersection,6,5.894477626085281,2.185413604527712
303,B_factorial,4,intersection,7,4.201862523257732,2.112666252255439
303,B_factorial,4,intersection,8,4.134916594922542,3.5423305293917653
303,B_factorial,4,intersection,9,6.401545509248972,4.163066649436951
303,B_factorial,4,intersection,10,5.502291280478239,2.885495829582214
303,B_factorial,4,intersection,11,6.042825826406478,2.965182166397572
303,B_factorial,4,intersection,12,5.495546090453863,2.811841421574354
303,B_factorial,4,intersection,13,4.869593152850866,3.5980552156269545
303,B_factorial,4,intersection,14,4.880748856961727,2.752204330861568
303,B_factorial,4,intersection,15,6.021779997050762,2.5316523469984533
303,B_factorial,4,intersection,16,4.870848226398229,2.8198652672767635
303,B_factorial,4,intersection,17,5.355874124765396,2.819275255799293
303,B_factorial,5,merge,0,11.230823068469764,11.706590532660485
303,B_factorial,5,merge,1,9.702053962796926,9.177582334280014
303,B_factorial,5,merge,2,9.493561686128375,8.597210662811996
303,B_factorial,5,merge,3,9.639862800389528,14.534276909679177
303,B_factorial,5,merge,4,7.118554466068744,9.9546125087142
303,B_factorial,5,merge,5,7.0177042694389815,7.574240881353616
303,B_factorial,5,merge,6,9.51120602414012,11.339886188656092
303,B_factorial,5,merge,7,7.081735193133354,18.56022201269865
303,B_factorial,5,merge,8,6.975223218947649,8.979850216954947
303,B_factorial,5,merge,9,9.96609771847725,11.459850373119114
303,B_factorial,5,merge,10,8.88378052815795,8.995180346667766
303,B_factorial,5,merge,11,9.574754959195852,8.676893352121116
303,B_factorial,5,merge,12,8.812809454202652,14.419282623231412
303,B_factorial,5,merge,13,7.919228145033121,11.995694368332623
303,B_factorial,5,merge,14,7.900748802423477,7.836325476169585
303,B_factorial,5,merge,15,9.58247756883502,11.558053367733956
303,B_factorial,5,merge,16,7.9572974857687955,18.89338336989284
303,B_factorial,5,merge,17,8.45373475432396,9.57509630084038
303,B_factorial,6,intersection,0,7.46889778792858,8.77326269030571
303,B_factorial,6,intersection,1,6.096601693332195,5.68357398852706
303,B_factorial,6,intersection,2,5.942171455025673,7.365464288443327
303,B_factorial,6,intersection,3,6.055984684824943,4.27373497709632
303,B_factorial,6,intersection,4,4.280253044068813,3.9746253646910192
303,B_factorial,6,intersection,5,4.214944193512201,3.579112360924482
303,B_factorial,6,intersection,6,5.913961764574051,3.920879315584898
303,B_factorial,6,intersection,7,4.220590059757233,3.654747807234525
303,B_factorial,6,intersection,8,4.155274295657874,3.0820774658024312
303,B_factorial,6,intersection,9,6.425094348490238,8.536228570342065
303,B_factorial,6,intersection,10,5.512179115563631,5.565752346366644
303,B_factorial,6,intersection,11,6.052513807862997,7.915982845872641
303,B_factorial,6,intersection,12,5.483843254595995,4.1545225279033176
303,B_factorial,6,intersection,13,4.86200110167265,4.639134363681078
303,B_factorial,6,intersection,14,4.866673841029406,4.247452440112829
303,B_factorial,6,intersection,15,6.035157586038112,4.277270852178335
303,B_factorial,6,intersection,16,4.874853721112013,4.130351782292127
303,B_factorial,6,intersection,17,5.366588069498539,4.22602155700326
303,B_factorial,7,merge,0,11.076466607004406,7.24296961441636
303,B_factorial,7,merge,1,9.51927577584982,5.212464449554681
303,B_factorial,7,merge,2,9.371427870690823,4.545427698045969
303,B_factorial,7,merge,3,9.510148001462222,5.225212950855493
303,B_factorial,7,merge,4,7.050597642362117,5.594707935899496
303,B_factorial,7,merge,5,7.002354869693519,5.727671198397875
303,B_factorial,7,merge,6,9.36869899958372,4.339899025410414
303,B_factorial,7,merge,7,7.0061529116332535,2.3093937972187994
303,B_factorial,7,merge,8,6.953139174878597,4.430784521251917
303,B_factorial,7,merge,9,9.85244202941656,6.987528176903724
303,B_factorial,7,merge,10,8.736710319370031,5.082299024313688
303,B_factorial,7,merge,11,9.4611258405447,4.689960493892432
303,B_factorial,7,merge,12,8.728742985874415,5.099936889559031
303,B_factorial,7,merge,13,7.825614325404167,4.05779290497303
303,B_factorial,7,merge,14,7.836677471250296,8.802369409650565
303,B_factorial,7,merge,15,9.458609492629764,4.495827057808638
303,B_factorial,7,merge,16,7.841028058230878,2.5905980125069616
303,B_factorial,7,merge,17,8.373764967173337,4.998259509950876
303,B_factorial,8,intersection,0,7.50712786436081,6.255842241942883
303,B_factorial,8,intersection,1,6.130642599314451,6.856114413887262
303,B_factorial,8,intersection,2,5.979684818685056,7.849650386124849
303,B_factorial,8,intersection,3,6.082553107887506,4.140318610221148
303,B_factorial,8,intersection,4,4.2877638569474215,3.110257702469825
303,B_factorial,8,intersection,5,4.224998583942652,2.422224518060684
303,B_factorial,8,intersection,6,5.947567476928233,3.7950452055037016
303,B_factorial,8,intersection,7,4.2318059001863,2.50792825192213
303,B_factorial,8,intersection,8,4.16857670634985,2.167208398878574
303,B_factorial,8,intersection,9,6.464745914787054,6.006679644286632
303,B_factorial,8,intersection,10,5.542215086519718,6.728385492116212
303,B_factorial,8,intersection,11,6.090679021030665,7.991535850614309
303,B_factorial,8,intersection,12,5.5090661841630935,4.018884762078524
303,B_factorial,8,intersection,13,4.8759300729632375,3.571128994226456
303,B_factorial,8,intersection,14,4.880568816512822,2.691838826537132
303,B_factorial,8,intersection,15,6.07096272945404,4.15074815645814
303,B_factorial,8,intersection,16,4.8904660008847705,2.9863442960381503
303,B_factorial,8,intersection,17,5.383622495085001,3.979602793753147
303,B_factorial,9,merge,0,11.13503512457013,6.645314110219478
303,B_factorial,9,merge,1,9.577115404158832,7.869804574251175
303,B_factorial,9,merge,2,9.411253161281346,7.195165332853795
303,B_factorial,9,merge,3,9.594404504746198,5.708036426454783
303,B_factorial,9,merge,4,7.097537073940039,3.332526750415564
303,B_factorial,9,merge,5,7.032488049864768,8.057887446880342
303,B_factorial,9,merge,6,9.3996111869812,5.45064827606082
303,B_factorial,9,merge,7,7.006902621984483,3.2751387283205986
303,B_factorial,9,merge,8,6.937572925388814,3.0004993215203286
303,B_factorial,9,merge,9,9.846947893798353,6.411866526901722
303,B_factorial,9,merge,10,8.74034933924675,7.752735149860382
303,B_factorial,9,merge,11,9.47919726923108,7.348598859608173
303,B_factorial,9,merge,12,8.763970743119716,5.591658178418874
303,B_factorial,9,merge,13,7.894244530647993,3.589328377693892
303,B_factorial,9,merge,14,7.904436420202255,4.728390340805054
303,B_factorial,9,merge,15,9.472680735290052,5.596963949054479
303,B_factorial,9,merge,16,7.8835818558931345,3.5378324821591374
303,B_factorial,9,merge,17,8.411097790449858,3.533696027696133
303,B_factorial,10,intersection,0,7.52875969454646,7.024310186058283
303,B_factorial,10,intersection,1,6.134042588919401,5.917164995521306
303,B_factorial,10,intersection,2,6.012227089107037,5.132088463455439
303,B_factorial,10,intersection,3,6.1238119135797024,6.145962555855512
303,B_factorial,10,intersection,4,4.309100861996412,4.953728255480528
303,B_factorial,10,intersection,5,4.266033026874066,4.168651907891034
303,B_factorial,10,intersection,6,5.975442359149455,5.952581635564565
303,B_factorial,10,intersection,7,4.246814867109061,4.76014657124877
303,B_factorial,10,intersection,8,4.203270750939846,3.9750702296197415
303,B_factorial,10,intersection,9,6.483008716404438,6.771930847615003
303,B_factorial,10,intersection,10,5.54389934912324,5.791387616246938
303,B_factorial,10,intersection,11,6.119975427240133,5.484257872551679
303,B_factorial,10,intersection,12,5.5468663032352925,6.017883073836566
303,B_factorial,10,intersection,13,4.912773156166076,5.032373331040144
303,B_factorial,10,intersection,14,4.923154483437538,4.646598673015833
303,B_factorial,10,intersection,15,6.099932528585196,6.099645475298166
303,B_factorial,10,intersection,16,4.9075405138731,5.035289839059114
303,B_factorial,10,intersection,17,5.420527292639017,4.728160173147917
303,B_factorial,11,merge,0,11.139413349628448,7.617805186808109
303,B_factorial,11,merge,1,9.552084804028272,6.4905631005764
303,B_factorial,11,merge,2,9.416822904497383,6.097492335438727
303,B_factorial,11,merge,3,9.558140195459128,8.97675896257162
303,B_factorial,11,merge,4,7.065462234020233,4.649516916424036
303,B_factorial,11,merge,5,7.022209115922451,4.186503714472055
303,B_factorial,11,merge,6,9.41535441890359,7.35470412403345
303,B_factorial,11,merge,7,7.016907122284175,8.93887589558959
303,B_factorial,11,merge,8,6.968315451145172,3.17682779610157
303,B_factorial,11,merge,9,9.864561155736446,7.365043036490679
303,B_factorial,11,merge,10,8.731460034102202,6.365997218489646
303,B_factorial,11,merge,11,9.489729173630476,6.251465294361115
303,B_factorial,11,merge,12,8.737807345837355,8.848562778532504
303,B_factorial,11,merge,13,7.861956352293491,6.92280248567462
303,B_factorial,11,merge,14,7.874191987216474,4.465042578727006
303,B_factorial,11,merge,15,9.488523594886065,7.300671831667424
303,B_factorial,11,merge,16,7.869150380641222,11.61303978547454
303,B_factorial,11,merge,17,8.41619464814663,3.72953047350049
303,B_factorial,12,intersection,0,7.501020283699035,7.69602808713913
303,B_factorial,12,intersection,1,6.129856380820275,4.6870389172434805
303,B_factorial,12,intersection,2,5.975775101780891,4.310481713712215
303,B_factorial,12,intersection,3,6.09505086928606,6.684493886232375
303,B_factorial,12,intersection,4,4.302677090317011,3.675530595779419
303,B_factorial,12,intersection,5,4.238350805640221,3.2989811536669733
303,B_factorial,12,intersection,6,5.94698759406805,6.230755891799927
303,B_factorial,12,intersection,7,4.239846628010273,3.2217925907671447
303,B_factorial,12,intersection,8,4.175485623180865,2.845243100076913
303,B_factorial,12,intersection,9,6.454884830266237,7.461358513832092
303,B_factorial,12,intersection,10,5.540432545244693,4.570208194553852
303,B_factorial,12,intersection,11,6.085776239186525,4.664482758343219
303,B_factorial,12,intersection,12,5.517974335551261,6.566655089855193
303,B_factorial,12,intersection,13,4.890569145828485,3.931378732919693
303,B_factorial,12,intersection,14,4.895895708203316,3.7698128631711008
303,B_factorial,12,intersection,15,6.068386839926244,6.588142369389534
303,B_factorial,12,intersection,16,4.899877312481404,3.69701793089509
303,B_factorial,12,intersection,17,5.391975991725922,3.791300139576197
303,B_factorial,13,merge,0,11.135566259771586,8.368071407228708
303,B_factorial,13,merge,1,9.608440186083318,5.212296314388514
303,B_factorial,13,merge,2,9.395942237228155,5.386285022944212
303,B_factorial,13,merge,3,9.585400264114142,8.157828624397515
303,B_factorial,13,merge,4,7.150530318468809,4.402053368240595
303,B_factorial,13,merge,5,7.043267137557268,2.744859268218278
303,B_factorial,13,merge,6,9.40336688026786,7.392195200771093
303,B_factorial,13,merge,7,7.071689963042736,9.149111776649953
303,B_factorial,13,merge,8,6.9600600156188,2.962320761531592
303,B_factorial,13,merge,9,9.870021038502456,8.134829232245684
303,B_factorial,13,merge,10,8.808278273791075,5.095093274265527
303,B_factorial,13,merge,11,9.481846647709608,5.529721668809652
303,B_factorial,13,merge,12,8.779040829241277,8.041789435893298
303,B_factorial,13,merge,13,7.903777588307857,7.651193958371879
303,B_factorial,13,merge,14,7.890405255556107,3.0054988278448582
303,B_factorial,13,merge,15,9.484083062261345,7.542257820814848
303,B_factorial,13,merge,16,7.91339529260993,11.815213741362095
303,B_factorial,13,merge,17,8.403293392062187,3.509556334465742
303,B_factorial,14,intersection,0,7.543790022432804,12.675797506570817
303,B_factorial,14,intersection,1,6.175497325062752,5.126775380074978
303,B_factorial,14,intersection,2,6.018207479864358,5.641310444772243
303,B_factorial,14,intersection,3,6.159835468828677,3.622675401568413
303,B_factorial,14,intersection,4,4.366854625493287,3.6526090718805793
303,B_factorial,14,intersection,5,4.298533544689417,3.1551684199273584
303,B_factorial,14,intersection,6,5.981405624002218,2.728426375240088
303,B_factorial,14,intersection,7,4.280793379992247,2.424727974236012
303,B_factorial,14,intersection,8,4.2134506998956205,1.959284471273422
303,B_factorial,14,intersection,9,6.495975796878337,12.44025151371956
303,B_factorial,14,intersection,10,5.584855915009976,5.008606471717358
303,B_factorial,14,intersection,11,6.127858072966337,5.990639174878597
303,B_factorial,14,intersection,12,5.583468775153159,3.5052981919050223
303,B_factorial,14,intersection,13,4.953002805858851,4.312274882346392
303,B_factorial,14,intersection,14,4.958544626086949,3.622666060775518
303,B_factorial,14,intersection,15,6.107794156819583,3.0742572914063926
303,B_factorial,14,intersection,16,4.9452244319021705,2.888981579840183
303,B_factorial,14,intersection,17,5.434625995755196,2.8977497696876524
303,B_factorial,15,merge,0,11.108598504662512,21.34205145567656
303,B_factorial,15,merge,1,9.584648259580137,9.415979005694387
303,B_factorial,15,merge,2,9.378361683487892,8.828352583944799
303,B_factorial,15,merge,3,9.572686410695312,10.620240927934644
303,B_factorial,15,merge,4,7.078140877187252,19.09416889220476
303,B_factorial,15,merge,5,6.978205858767033,9.306542295962572
303,B_factorial,15,merge,6,9.38153713196516,10.235844351947309
303,B_factorial,15,merge,7,6.993630285561084,12.109772199839352
303,B_factorial,15,merge,8,6.8898973681032665,18.322145902216437
303,B_factorial,15,merge,9,9.823801444768906,21.108557547330854
303,B_factorial,15,merge,10,8.74821161389351,9.298519745469092
303,B_factorial,15,merge,11,9.451234750747682,8.972489677965642
303,B_factorial,15,merge,12,8.732469259798526,10.504206324517726
303,B_factorial,15,merge,13,7.874958289116622,16.75067715317011
303,B_factorial,15,merge,14,7.8701061557233345,9.568138733357191
303,B_factorial,15,merge,15,9.451710841804744,10.38476663976908
303,B_factorial,15,merge,16,7.881475916951895,12.974729112535714
303,B_factorial,15,merge,17,8.377543147355318,18.84869926810265
303,C_difference,0,intersection,0,8.227711156010628,5.40367926120758
303,C_difference,0,intersection,1,6.2044777736067775,4.082182053029537
303,C_difference,0,intersection,2,6.054972982555628,3.302841632664204
303,C_difference,0,intersection,3,6.203835898935795,4.178498279452324
303,C_difference,0,intersection,4,4.032322769984603,2.8570011891424656
303,C_difference,0,intersection,5,3.911480937227607,2.277660755962133
303,C_difference,0,intersection,6,6.055955379605293,3.865405924618244
303,C_difference,0,intersection,7,3.913172722682357,2.7439087849855417
303,C_difference,0,intersection,8,3.8049380353093145,2.164568369090557
303,C_difference,0,intersection,9,6.533134132176637,5.171566106677055
303,C_difference,0,intersection,10,5.283607757538557,3.96498188406229
303,C_difference,0,intersection,11,6.165444447994233,3.6479344835877416
303,C_difference,0,intersection,12,5.282484213411808,4.063585322499275
303,C_difference,0,intersection,13,4.917352197393775,3.1122452284395687
303,C_difference,0,intersection,14,4.858387130945921,2.7399537812173365
303,C_difference,0,intersection,15,6.1666850800812245,3.615621940195561
303,C_difference,0,intersection,16,4.860745190232992,2.6090377521514894
303,C_difference,0,intersection,17,5.561084685027599,2.491990420520305
303,C_difference,1,merge,0,9.467273511737584,17.5266430658102
303,C_difference,1,merge,1,7.271148016005754,7.764676684141159
303,C_difference,1,merge,2,7.106605952382087,7.0281030294299125
303,C_difference,1,merge,3,7.292467918992043,10.517271133363248
303,C_difference,1,merge,4,4.7369153566658495,15.084119926393033
303,C_difference,1,merge,5,4.599929767847061,6.0179465647041805
303,C_difference,1,merge,6,7.099940935373306,9.936150544583796
303,C_difference,1,merge,7,4.578704152852297,10.502999374419453
303,C_difference,1,merge,8,4.453782765045762,15.036826131492855
303,C_difference,1,merge,9,7.483572465032339,17.28726105898619
303,C_difference,1,merge,10,6.151405637413263,7.647608880996705
303,C_difference,1,merge,11,7.123282191902399,7.1867372173070905
303,C_difference,1,merge,12,6.168516678065061,10.394159202575684
303,C_difference,1,merge,13,5.729332366809249,11.3602927801013
303,C_difference,1,merge,14,5.645753071159125,6.893899259716274
303,C_difference,1,merge,15,7.118423733115196,10.073801727294924
303,C_difference,1,merge,16,5.62589758977294,11.36376250937581
303,C_difference,1,merge,17,6.342850607037543,15.57354197949171
303,C_difference,2,intersection,0,8.435665076375008,6.964779970943928
303,C_difference,2,intersection,1,6.372376071810722,5.648947336375714
303,C_difference,2,intersection,2,6.242112622857094,5.268729718625545
303,C_difference,2,intersection,3,6.372254211455584,5.767095889747143
303,C_difference,2,intersection,4,4.160506560355425,4.59572134256363
303,C_difference,2,intersection,5,4.05043707922101,4.215503664314747
303,C_difference,2,intersection,6,6.244203326553106,5.19922522932291
303,C_difference,2,intersection,7,4.052193397805095,4.0278505808115
303,C_difference,2,intersection,8,3.955136642605066,3.647632963359356
303,C_difference,2,intersection,9,6.726746124178171,6.722994357943536
303,C_difference,2,intersection,10,5.44351130247116,5.528330689966678
303,C_difference,2,intersection,11,6.343352368474006,5.619907987415791
303,C_difference,2,intersection,12,5.443432570546865,5.644694434702396
303,C_difference,2,intersection,13,5.069530457630754,4.665997717082501
303,C_difference,2,intersection,14,4.998206909969449,4.68729865193367
303,C_difference,2,intersection,15,6.345373375117779,5.55133280813694
303,C_difference,2,intersection,16,5.0003645811975,4.502359759509563
303,C_difference,2,intersection,17,5.716887132376432,4.593936931788922
303,C_difference,3,merge,0,9.680767425000669,9.460543373078108
303,C_difference,3,merge,1,7.497875496596098,8.076824859380721
303,C_difference,3,merge,2,7.308871447443963,7.589520319402218
303,C_difference,3,merge,3,7.478666738271714,11.749505444765092
303,C_difference,3,merge,4,4.904040812626481,7.165786979645491
303,C_difference,3,merge,5,4.7432176912575965,6.414983852952719
303,C_difference,3,merge,6,7.311249007731676,9.765159908235074
303,C_difference,3,merge,7,4.759284497499466,13.181441620886323
303,C_difference,3,merge,8,4.610310191661119,6.230638389140367
303,C_difference,3,merge,9,7.687180178165436,9.220316019654277
303,C_difference,3,merge,10,6.360055816322565,7.95290136307478
303,C_difference,3,merge,11,7.323190964758396,7.725901375561952
303,C_difference,3,merge,12,6.3453469049930575,11.633201623260971
303,C_difference,3,merge,13,5.918115415871144,10.417691192924975
303,C_difference,3,merge,14,5.813634659498929,6.676730789095164
303,C_difference,3,merge,15,7.32404540836811,9.923426889479162
303,C_difference,3,merge,16,5.827735123634338,11.056012399196623
303,C_difference,3,merge,17,6.534859501868486,6.766956169754266
303,C_difference,4,intersection,0,7.833573670983315,4.202493136525154
303,C_difference,4,intersection,1,5.853655125945806,3.0050934958457947
303,C_difference,4,intersection,2,5.711307719200849,3.0167469030618665
303,C_difference,4,intersection,3,5.8578485679626455,2.931670106500387
303,C_difference,4,intersection,4,3.7370371261984103,3.1342706467211245
303,C_difference,4,intersection,5,3.6221920522302384,2.6841714841127398
303,C_difference,4,intersection,6,5.709993803948164,2.185413604527712
303,C_difference,4,intersection,7,3.618186377286911,2.112666252255439
303,C_difference,4,intersection,8,3.5159154964983457,3.5423305293917653
303,C_difference,4,intersection,9,6.163550680428743,4.163066649436951
303,C_difference,4,intersection,10,4.9488317894935605,2.885495829582214
303,C_difference,4,intersection,11,5.81943090453744,2.965182166397572
303,C_difference,4,intersection,12,4.952498718500137,2.811841421574354
303,C_difference,4,intersection,13,4.618111656829715,3.5980552156269545
303,C_difference,4,intersection,14,4.552554762661457,2.752204330861568
303,C_difference,4,intersection,15,5.819747246205807,2.5316523469984533
303,C_difference,4,intersection,16,4.5499259907007215,2.8198652672767635
303,C_difference,4,intersection,17,5.243388596177101,2.819275255799293
303,C_difference,5,merge,0,9.610636950433252,11.706590532660485
303,C_difference,5,merge,1,7.432400771975517,9.177582334280014
303,C_difference,5,merge,2,7.242946002185344,8.597210662811996
303,C_difference,5,merge,3,7.404878099411725,14.534276909679177
303,C_difference,5,merge,4,4.862552402094006,9.9546125087142
303,C_difference,5,merge,5,4.702093235999346,7.574240881353616
303,C_difference,5,merge,6,7.243760092705489,11.339886188656092
303,C_difference,5,merge,7,4.722805127725005,18.56022201269865
303,C_difference,5,merge,8,4.573968759104609,8.979850216954947
303,C_difference,5,merge,9,7.632215558290481,11.459850373119114
303,C_difference,5,merge,10,6.310399818569422,8.995180346667766
303,C_difference,5,merge,11,7.260717380195857,8.676893352121116
303,C_difference,5,merge,12,6.290023666322231,14.419282623231412
303,C_difference,5,merge,13,5.865468380972744,11.995694368332623
303,C_difference,5,merge,14,5.757817589566113,7.836325476169585
303,C_difference,5,merge,15,7.259941855221988,11.558053367733956
303,C_difference,5,merge,16,5.775737535208464,18.89338336989284
303,C_difference,5,merge,17,6.480427114367485,9.57509630084038
303,C_difference,6,intersection,0,8.17302787065506,8.77326269030571
303,C_difference,6,intersection,1,6.151164435595274,5.68357398852706
303,C_difference,6,intersection,2,6.00654733479023,7.365464288443327
303,C_difference,6,intersection,3,6.146203534007072,4.27373497709632
303,C_difference,6,intersection,4,3.982649205103516,3.9746253646910192
303,C_difference,6,intersection,5,3.8657530499249697,3.579112360924482
303,C_difference,6,intersection,6,6.0095412075519565,3.920879315584898
303,C_difference,6,intersection,7,3.871761792525649,3.654747807234525
303,C_difference,6,intersection,8,3.767613335400819,3.0820774658024312
303,C_difference,6,intersection,9,6.479043043404817,8.536228570342065
303,C_difference,6,intersection,10,5.232467186152935,5.565752346366644
303,C_difference,6,intersection,11,6.114804075807331,7.915982845872641
303,C_difference,6,intersection,12,5.228619117289781,4.1545225279033176
303,C_difference,6,intersection,13,4.8786601440608495,4.639134363681078
303,C_difference,6,intersection,14,4.80952378153801,4.247452440112829
303,C_difference,6,intersection,15,6.117589976787567,4.277270852178335
303,C_difference,6,intersection,16,4.815441268086434,4.130351782292127
303,C_difference,6,intersection,17,5.51984191969037,4.22602155700326
303,C_difference,7,merge,0,9.02038595482707,7.24296961441636
303,C_difference,7,merge,1,6.89362983584404,5.212464449554681
303,C_difference,7,merge,2,6.715325108617543,4.545427698045969
303,C_difference,7,merge,3,6.887792463302612,5.225212950855493
303,C_difference,7,merge,4,4.437461064904928,5.594707935899496
303,C_difference,7,merge,5,4.295707389265298,5.727671198397875
303,C_difference,7,merge,6,6.712456693202256,4.339899025410414
303,C_difference,7,merge,7,4.297611948028207,2.3093937972187994
303,C_difference,7,merge,8,4.16703389108181,4.430784521251917
303,C_difference,7,merge,9,7.090616629421711,6.987528176903724
303,C_difference,7,merge,10,5.810207692682743,5.082299024313688
303,C_difference,7,merge,11,6.733562796860933,4.689960493892432
303,C_difference,7,merge,12,5.806189729720353,5.099936889559031
303,C_difference,7,merge,13,5.404246429428458,4.05779290497303
303,C_difference,7,merge,14,5.307408530712128,8.802369409650565
303,C_difference,7,merge,15,6.730813606828452,4.495827057808638
303,C_difference,7,merge,16,5.308616515547037,2.5905980125069616
303,C_difference,7,merge,17,6.000509991198779,4.998259509950876
303,C_difference,8,intersection,0,8.191663440167904,6.255842241942883
303,C_difference,8,intersection,1,6.166877793967724,6.856114413887262
303,C_difference,8,intersection,2,6.020400713831186,7.849650386124849
303,C_difference,8,intersection,3,6.161132015585899,4.140318610221148
303,C_difference,8,intersection,4,3.988048423081637,3.110257702469825
303,C_difference,8,intersection,5,3.868762960731983,2.422224518060684
303,C_difference,8,intersection,6,6.023615500926971,3.7950452055037016
303,C_difference,8,intersection,7,3.8753953055292367,2.50792825192213
303,C_difference,8,intersection,8,3.7687895847857,2.167208398878574
303,C_difference,8,intersection,9,6.485364641398192,6.006679644286632
303,C_difference,8,intersection,10,5.238737100958824,6.728385492116212
303,C_difference,8,intersection,11,6.121056509017944,7.991535850614309
303,C_difference,8,intersection,12,5.234438754469156,4.018884762078524
303,C_difference,8,intersection,13,4.888391624838113,3.571128994226456
303,C_difference,8,intersection,14,4.814150235801935,2.691838826537132
303,C_difference,8,intersection,15,6.123739532083273,4.15074815645814
303,C_difference,8,intersection,16,4.8204971216619015,2.9863442960381503
303,C_difference,8,intersection,17,5.523770322203636,3.979602793753147
303,C_difference,9,merge,0,9.161920030266048,6.645314110219478
303,C_difference,9,merge,1,7.02623321801424,7.869804574251175
303,C_difference,9,merge,2,6.8422417037189005,7.195165332853795
303,C_difference,9,merge,3,7.030794030576945,5.708036426454783
303,C_difference,9,merge,4,4.555460750833154,3.332526750415564
303,C_difference,9,merge,5,4.410496359393001,8.057887446880342
303,C_difference,9,merge,6,6.837875977307558,5.45064827606082
303,C_difference,9,merge,7,4.40309381686151,3.2751387283205986
303,C_difference,9,merge,8,4.269306316375732,3.0004993215203286
303,C_difference,9,merge,9,7.215398797690868,6.411866526901722
303,C_difference,9,merge,10,5.929242630004883,7.752735149860382
303,C_difference,9,merge,11,6.865779624134302,7.348598859608173
303,C_difference,9,merge,12,5.933200060427189,5.591658178418874
303,C_difference,9,merge,13,5.52159189067781,3.589328377693892
303,C_difference,9,merge,14,5.43733485981822,4.728390340805054
303,C_difference,9,merge,15,6.861786520332098,5.596963949054479
303,C_difference,9,merge,16,5.430155908465386,3.5378324821591374
303,C_difference,9,merge,17,6.123822193443775,3.533696027696133
303,C_difference,10,intersection,0,8.387920979708433,7.024310186058283
303,C_difference,10,intersection,1,6.316800228655338,5.917164995521306
303,C_difference,10,intersection,2,6.199522793889046,5.132088463455439
303,C_difference,10,intersection,3,6.323483073860408,6.145962555855512
303,C_difference,10,intersection,4,4.111614745184779,4.953728255480528
303,C_difference,10,intersection,5,4.012712927088141,4.168651907891034
303,C_difference,10,intersection,6,6.196999506950379,5.952581635564565
303,C_difference,10,intersection,7,4.006190568506717,4.76014657124877
303,C_difference,10,intersection,8,3.9205357682704927,3.9750702296197415
303,C_difference,10,intersection,9,6.677505649924278,6.771930847615003
303,C_difference,10,intersection,10,5.389920101165771,5.791387616246938
303,C_difference,10,intersection,11,6.29815001025796,5.484257872551679
303,C_difference,10,intersection,12,5.39522029042244,6.017883073836566
303,C_difference,10,intersection,13,5.01745074622333,5.032373331040144
303,C_difference,10,intersection,14,4.954620872586966,4.646598673015833
303,C_difference,10,intersection,15,6.297796617001296,6.099645475298166
303,C_difference,10,intersection,16,4.949782715290785,5.035289839059114
303,C_difference,10,intersection,17,5.673264604359865,4.728160173147917
303,C_difference,11,merge,0,9.254619432240723,7.617805186808109
303,C_difference,11,merge,1,7.094826004356147,6.4905631005764
303,C_difference,11,merge,2,6.919795447587967,6.097492335438727
303,C_difference,11,merge,3,7.095989394932985,8.97675896257162
303,C_difference,11,merge,4,4.603043780475855,4.649516916424036
303,C_difference,11,merge,5,4.4649258906394245,4.186503714472055
303,C_difference,11,merge,6,6.919159086942672,7.35470412403345
303,C_difference,11,merge,7,4.4635859763622285,8.93887589558959
303,C_difference,11,merge,8,4.337190174013377,3.17682779610157
303,C_difference,11,merge,9,7.300733485370874,7.365043036490679
303,C_difference,11,merge,10,5.995929437726735,6.365997218489646
303,C_difference,11,merge,11,6.939766954630613,6.251465294361115
303,C_difference,11,merge,12,5.996387428492307,8.848562778532504
303,C_difference,11,merge,13,5.578588754683732,6.92280248567462
303,C_difference,11,merge,14,5.489696962386369,4.465042578727006
303,C_difference,11,merge,15,6.938454554527998,7.300671831667424
303,C_difference,11,merge,16,5.488226397335529,11.61303978547454
303,C_difference,11,merge,17,6.190636945217849,3.72953047350049
303,C_difference,12,intersection,0,8.255109499543906,7.69602808713913
303,C_difference,12,intersection,1,6.223536411970853,4.6870389172434805
303,C_difference,12,intersection,2,6.0814160105586055,4.310481713712215
303,C_difference,12,intersection,3,6.220598319917917,6.684493886232375
303,C_difference,12,intersection,4,4.049416505172848,3.675530595779419
303,C_difference,12,intersection,5,3.9342592702806,3.2989811536669733
303,C_difference,12,intersection,6,6.0836117987334735,6.230755891799927
303,C_difference,12,intersection,7,3.9381567168235776,3.2217925907671447
303,C_difference,12,intersection,8,3.8356020735204224,2.845243100076913
303,C_difference,12,intersection,9,6.55980417624116,7.461358513832092
303,C_difference,12,intersection,10,5.303818464577199,4.570208194553852
303,C_difference,12,intersection,11,6.189760139733552,4.664482758343219
303,C_difference,12,intersection,12,5.301453076153994,6.566655089855193
303,C_difference,12,intersection,13,4.944098779857159,3.931378732919693
303,C_difference,12,intersection,14,4.87810914427042,3.7698128631711008
303,C_difference,12,intersection,15,6.191884291917086,6.588142369389534
303,C_difference,12,intersection,16,4.882155878990888,3.69701793089509
303,C_difference,12,intersection,17,5.589912718236446,3.791300139576197
303,C_difference,13,merge,0,9.253899981677533,8.368071407228708
303,C_difference,13,merge,1,7.110831160396337,5.212296314388514
303,C_difference,13,merge,2,6.912154563218356,5.386285022944212
303,C_difference,13,merge,3,7.099072803407908,8.157828624397515
303,C_difference,13,merge,4,4.623210500925779,4.402053368240595
303,C_difference,13,merge,5,4.465218795835972,2.744859268218278
303,C_difference,13,merge,6,6.912317860275507,7.392195200771093
303,C_difference,13,merge,7,4.474697371348738,9.149111776649953
303,C_difference,13,merge,8,4.32792382389307,2.962320761531592
303,C_difference,13,merge,9,7.306171304732562,8.134829232245684
303,C_difference,13,merge,10,6.015643314570189,5.095093274265527
303,C_difference,13,merge,11,6.938247564733029,5.529721668809652
303,C_difference,13,merge,12,6.005447815209628,8.041789435893298
303,C_difference,13,merge,13,5.586671745404601,7.651193958371879
303,C_difference,13,merge,14,5.493194650113583,3.0054988278448582
303,C_difference,13,merge,15,6.93677160486579,7.542257820814848
303,C_difference,13,merge,16,5.501586215496063,11.815213741362095
303,C_difference,13,merge,17,6.188974989354611,3.509556334465742
303,C_difference,14,intersection,0,8.087897797822952,12.675797506570817
303,C_difference,14,intersection,1,6.072493254095316,5.126775380074978
303,C_difference,14,intersection,2,5.929685037285089,5.641310444772243
303,C_difference,14,intersection,3,6.077974795997142,3.622675401568413
303,C_difference,14,intersection,4,3.925914419665933,3.6526090718805793
303,C_difference,14,intersection,5,3.8130364070832727,3.1551684199273584
303,C_difference,14,intersection,6,5.92830665871501,2.728426375240088
303,C_difference,14,intersection,7,3.808023839518428,2.424727974236012
303,C_difference,14,intersection,8,3.7075631560385225,1.959284471273422
303,C_difference,14,intersection,9,6.39993617027998,12.44025151371956
303,C_difference,14,intersection,10,5.159354410767555,5.008606471717358
303,C_difference,14,intersection,11,6.039000526517629,5.990639174878597
303,C_difference,14,intersection,12,5.1641147546470165,3.5052981919050223
303,C_difference,14,intersection,13,4.806886518225074,4.312274882346392
303,C_difference,14,intersection,14,4.749424336701631,3.622666060775518
303,C_difference,14,intersection,15,6.0391732262074935,3.0742572914063926
303,C_difference,14,intersection,16,4.745746471136808,2.888981579840183
303,C_difference,14,intersection,17,5.446872076541186,2.8977497696876524
303,C_difference,15,merge,0,9.37154108390212,21.34205145567656
303,C_difference,15,merge,1,7.212333216220141,9.415979005694387
303,C_difference,15,merge,2,7.020560667812824,8.828352583944799
303,C_difference,15,merge,3,7.205187071412802,10.620240927934644
303,C_difference,15,merge,4,4.687126575633883,19.09416889220476
303,C_difference,15,merge,5,4.530448217988014,9.306542295962572
303,C_difference,15,merge,6,7.020298527032137,10.235844351947309
303,C_difference,15,merge,7,4.535740019753575,12.109772199839352
303,C_difference,15,merge,8,4.390799265056849,18.322145902216437
303,C_difference,15,merge,9,7.403783402442933,21.108557547330854
303,C_difference,15,merge,10,6.098997950553894,9.298519745469092
303,C_difference,15,merge,11,7.043764932155609,8.972489677965642
303,C_difference,15,merge,12,6.0930913457274425,10.504206324517726
303,C_difference,15,merge,13,5.67017231322825,16.75067715317011
303,C_difference,15,merge,14,5.577297467067838,9.568138733357191
303,C_difference,15,merge,15,7.042621576935053,10.38476663976908
303,C_difference,15,merge,16,5.5817818457633255,12.974729112535714
303,C_difference,15,merge,17,6.278934890478849,18.84869926810265
303,independent,0,intersection,0,7.061573789417744,5.40367926120758
303,independent,0,intersection,1,6.903211460709572,4.082182053029537
303,independent,0,intersection,2,6.84344783693552,3.302841632664204
303,independent,0,intersection,3,6.903542915433645,4.178498279452324
303,independent,0,intersection,4,6.745180382430553,2.8570011891424656
303,independent,0,intersection,5,6.685417284071445,2.277660755962133
303,independent,0,intersection,6,6.844808122813701,3.865405924618244
303,independent,0,intersection,7,6.686445931494236,2.7439087849855417
303,independent,0,intersection,8,6.626682455688716,2.164568369090557
303,independent,0,intersection,9,7.043441962450743,5.171566106677055
303,independent,0,intersection,10,6.894193364232779,3.96498188406229
303,independent,0,intersection,11,6.941145156174898,3.6479344835877416
303,independent,0,intersection,12,6.89442925170064,4.063585322499275
303,independent,0,intersection,13,6.797854737639427,3.1122452284395687
303,independent,0,intersection,14,6.792132664918899,2.7399537812173365
303,independent,0,intersection,15,6.941805042177437,3.615621940195561
303,independent,0,intersection,16,6.792556517869233,2.6090377521514894
303,independent,0,intersection,17,6.83950866445899,2.491990420520305
303,independent,1,merge,0,7.33393200814724,17.5266430658102
303,independent,1,merge,1,7.174093756824732,7.764676684141159
303,independent,1,merge,2,7.119885422587394,7.0281030294299125
303,independent,1,merge,3,7.180837937891484,10.517271133363248
303,independent,1,merge,4,7.02099967226386,15.084119926393033
303,independent,1,merge,5,6.9667911595106125,6.0179465647041805
303,independent,1,merge,6,7.119709841758014,9.936150544583796
303,independent,1,merge,7,6.959871667027473,10.502999374419453
303,independent,1,merge,8,6.905663035362959,15.036826131492855
303,independent,1,merge,9,7.316407411694526,17.28726105898619
303,independent,1,merge,10,7.165293288975954,7.647608880996705
303,independent,1,merge,11,7.216021826416253,7.1867372173070905
303,independent,1,merge,12,7.172113775908947,10.394159202575684
303,independent,1,merge,13,7.075663092434406,11.3602927801013
303,independent,1,merge,14,7.071728126555682,6.893899259716274
303,independent,1,merge,15,7.215965160578489,10.073801727294924
303,independent,1,merge,16,7.06485072478652,11.36376250937581
303,independent,1,merge,17,7.115579320639372,15.57354197949171
303,independent,2,intersection,0,7.154716835170984,6.964779970943928
303,independent,2,intersection,1,6.992596600502729,5.648947336375714
303,independent,2,intersection,2,6.936964519172907,5.268729718625545
303,independent,2,intersection,3,6.993893852233888,5.767095889747143
303,independent,2,intersection,4,6.831773830354214,4.59572134256363
303,independent,2,intersection,5,6.776141702383756,4.215503664314747
303,independent,2,intersection,6,6.939186416864395,5.19922522932291
303,independent,2,intersection,7,6.777066460847856,4.0278505808115
303,independent,2,intersection,8,6.721434329897166,3.647632963359356
303,independent,2,intersection,9,7.136931780725718,6.722994357943536
303,independent,2,intersection,10,6.983786702901125,5.528330689966678
303,independent,2,intersection,11,7.034813153743745,5.619907987415791
303,independent,2,intersection,12,6.984918585717677,5.644694434702396
303,independent,2,intersection,13,6.887561270296573,4.665997717082501
303,independent,2,intersection,14,6.882800046950579,4.68729865193367
303,independent,2,intersection,15,7.0358429192006575,5.55133280813694
303,independent,2,intersection,16,6.882698328644038,4.502359759509563
303,independent,2,intersection,17,6.933724570870398,4.593936931788922
303,independent,3,merge,0,7.467643693387509,9.460543373078108
303,independent,3,merge,1,7.314480773359536,8.076824859380721
303,independent,3,merge,2,7.254564476013184,7.589520319402218
303,independent,3,merge,3,7.308861448168754,11.749505444765092
303,independent,3,merge,4,7.155698696374893,7.165786979645491
303,independent,3,merge,5,7.09578243330121,6.414983852952719
303,independent,3,merge,6,7.253364372998477,9.765159908235074
303,independent,3,merge,7,7.100201447159052,13.181441620886323
303,independent,3,merge,8,7.040285047292709,6.230638389140367
303,independent,3,merge,9,7.450278614461422,9.220316019654277
303,independent,3,merge,10,7.305857359915972,7.95290136307478
303,independent,3,merge,11,7.350404702425003,7.725901375561952
303,independent,3,merge,12,7.300119617879391,11.633201623260971
303,independent,3,merge,13,7.207050690352916,10.417691192924975
303,independent,3,merge,14,7.200245777219535,6.676730789095164
303,independent,3,merge,15,7.349678584337234,9.923426889479162
303,independent,3,merge,16,7.20525747358799,11.056012399196623
303,independent,3,merge,17,7.249804421663285,6.766956169754266
303,independent,4,intersection,0,7.044557131528854,4.202493136525154
303,independent,4,intersection,1,6.878681384772062,3.0050934958457947
303,independent,4,intersection,2,6.822564139813185,3.0167469030618665
303,independent,4,intersection,3,6.884267251193523,2.931670106500387
303,independent,4,intersection,4,6.718391462415457,3.1342706467211245
303,independent,4,intersection,5,6.662274416685104,2.6841714841127398
303,independent,4,intersection,6,6.826992732286453,2.185413604527712
303,independent,4,intersection,7,6.6611168606579305,2.112666252255439
303,independent,4,intersection,8,6.604999707937241,3.5423305293917653
303,independent,4,intersection,9,7.026082543730735,4.163066649436951
303,independent,4,intersection,10,6.869628092497587,2.885495829582214
303,independent,4,intersection,11,6.922071665972471,2.965182166397572
303,independent,4,intersection,12,6.874845856428147,2.811841421574354
303,independent,4,intersection,13,6.775021525621415,3.5980552156269545
303,independent,4,intersection,14,6.77083512827754,2.752204330861568
303,independent,4,intersection,15,6.924097048789263,2.5316523469984533
303,independent,4,intersection,16,6.767642570883036,2.8198652672767635
303,independent,4,intersection,17,6.820086004585028,2.819275255799293
303,independent,5,merge,0,7.438612672537565,11.706590532660485
303,independent,5,merge,1,7.284271914064885,9.177582334280014
303,independent,5,merge,2,7.224506065249443,8.597210662811996
303,independent,5,merge,3,7.278619036376475,14.534276909679177
303,independent,5,merge,4,7.124278546124697,9.9546125087142
303,independent,5,merge,5,7.064512368887662,7.574240881353616
303,independent,5,merge,6,7.2243946270644654,11.339886188656092
303,independent,5,merge,7,7.070053965896369,18.56022201269865
303,independent,5,merge,8,7.01028810352087,8.979850216954947
303,independent,5,merge,9,7.421137619167566,11.459850373119114
303,independent,5,merge,10,7.275669545382263,8.995180346667766
303,independent,5,merge,11,7.3208108605444435,8.676893352121116
303,independent,5,merge,12,7.269746509492397,14.419282623231412
303,independent,5,merge,13,7.1762241409718985,11.995694368332623
303,independent,5,merge,14,7.169419520646333,7.836325476169585
303,independent,5,merge,15,7.320549278110265,11.558053367733956
303,independent,5,merge,16,7.1750811935961245,18.89338336989284
303,independent,5,merge,17,7.220222417861223,9.57509630084038
303,independent,6,intersection,0,7.040968078970909,8.77326269030571
303,independent,6,intersection,1,6.876288638561965,5.68357398852706
303,independent,6,intersection,2,6.820039201974868,7.365464288443327
303,independent,6,intersection,3,6.879020311236381,4.27373497709632
303,independent,6,intersection,4,6.714340395480393,3.9746253646910192
303,independent,6,intersection,5,6.658091042935848,3.579112360924482
303,independent,6,intersection,6,6.824371943175793,3.920879315584898
303,independent,6,intersection,7,6.659692176133395,3.654747807234525
303,independent,6,intersection,8,6.603442910164595,3.0820774658024312
303,independent,6,intersection,9,7.022744202762842,8.536228570342065
303,independent,6,intersection,10,6.86737149566412,5.565752346366644
303,independent,6,intersection,11,6.919201762378215,7.915982845872641
303,independent,6,intersection,12,6.869713498055935,4.1545225279033176
303,independent,6,intersection,13,6.770880476385354,4.639134363681078
303,independent,6,intersection,14,6.76617066130042,4.247452440112829
303,independent,6,intersection,15,6.921183853894471,4.277270852178335
303,independent,6,intersection,16,6.765811023563146,4.130351782292127
303,independent,6,intersection,17,6.817641188204288,4.22602155700326
303,independent,7,merge,0,7.117608751207591,7.24296961441636
303,independent,7,merge,1,6.950433944612741,5.212464449554681
303,independent,7,merge,2,6.89708090633154,4.545427698045969
303,independent,7,merge,3,6.954920346587896,5.225212950855493
303,independent,7,merge,4,6.787745599448681,5.594707935899496
303,independent,7,merge,5,6.734392393082381,5.727671198397875
303,independent,7,merge,6,6.900634541809559,4.339899025410414
303,independent,7,merge,7,6.733459962010384,2.3093937972187994
303,independent,7,merge,8,6.680106589645148,4.430784521251917
303,independent,7,merge,9,7.099350679814815,6.987528176903724
303,independent,7,merge,10,6.941573405414819,5.082299024313688
303,independent,7,merge,11,6.996173309236765,4.689960493892432
303,independent,7,merge,12,6.945523014515637,5.099936889559031
303,independent,7,merge,13,6.845958617776633,4.05779290497303
303,independent,7,merge,14,6.8423455344140525,8.802369409650565
303,independent,7,merge,15,6.997572762072086,4.495827057808638
303,independent,7,merge,16,6.839795328229666,2.5905980125069616
303,independent,7,merge,17,6.89439532071352,4.998259509950876
303,independent,8,intersection,0,6.994835538119077,6.255842241942883
303,independent,8,intersection,1,6.828777638077735,6.856114413887262
303,independent,8,intersection,2,6.773091181963682,7.849650386124849
303,independent,8,intersection,3,6.832879211455583,4.140318610221148
303,independent,8,intersection,4,6.666821317672729,3.110257702469825
303,independent,8,intersection,5,6.611135099679232,2.422224518060684
303,independent,8,intersection,6,6.778795226067304,3.7950452055037016
303,independent,8,intersection,7,6.61273749858141,2.50792825192213
303,independent,8,intersection,8,6.557051111906767,2.167208398878574
303,independent,8,intersection,9,6.97659206300974,6.006679644286632
303,independent,8,intersection,10,6.81992125555873,6.728385492116212
303,independent,8,intersection,11,6.872709226459265,7.991535850614309
303,independent,8,intersection,12,6.8234920392930505,4.018884762078524
303,independent,8,intersection,13,6.724217458218336,3.571128994226456
303,independent,8,intersection,14,6.719609573185444,2.691838826537132
303,independent,8,intersection,15,6.875295002162456,4.15074815645814
303,independent,8,intersection,16,6.718624315261841,2.9863442960381503
303,independent,8,intersection,17,6.771412357985973,3.979602793753147
303,independent,9,merge,0,7.148755308687687,6.645314110219478
303,independent,9,merge,1,6.985508752614259,7.869804574251175
303,independent,9,merge,2,6.929711615741253,7.195165332853795
303,independent,9,merge,3,6.993638492375613,5.708036426454783
303,independent,9,merge,4,6.830391880422831,3.332526750415564
303,independent,9,merge,5,6.774594937711955,8.057887446880342
303,independent,9,merge,6,6.934027741253376,5.45064827606082
303,independent,9,merge,7,6.77078123062849,3.2751387283205986
303,independent,9,merge,8,6.714984127134084,3.0004993215203286
303,independent,9,merge,9,7.130735191255807,6.411866526901722
303,independent,9,merge,10,6.976738941520453,7.752735149860382
303,independent,9,merge,11,7.028116662800313,7.348598859608173
303,independent,9,merge,12,6.98438813596964,5.591658178418874
303,independent,9,merge,13,6.886140916645527,3.589328377693892
303,independent,9,merge,14,6.88176966920495,4.728390340805054
303,independent,9,merge,15,7.030021099597215,5.596963949054479
303,independent,9,merge,16,6.876024728566408,3.5378324821591374
303,independent,9,merge,17,6.92740239918232,3.533696027696133
303,independent,10,intersection,0,7.07523269072175,7.024310186058283
303,independent,10,intersection,1,6.912141131162644,5.917164995521306
303,independent,10,intersection,2,6.858031190931797,5.132088463455439
303,independent,10,intersection,3,6.915447037070989,6.145962555855512
303,independent,10,intersection,4,6.752355598807335,4.953728255480528
303,independent,10,intersection,5,6.69824557185173,4.168651907891034
303,independent,10,intersection,6,6.8600080497562885,5.952581635564565
303,independent,10,intersection,7,6.696916308254004,4.76014657124877
303,independent,10,intersection,8,6.642806519269943,3.9750702296197415
303,independent,10,intersection,9,7.057530452162027,6.771930847615003
303,independent,10,intersection,10,6.903358452767134,5.791387616246938
303,independent,10,intersection,11,6.955664295554161,5.484257872551679
303,independent,10,intersection,12,6.906527455300092,6.017883073836566
303,independent,10,intersection,13,6.808842292279005,5.032373331040144
303,independent,10,intersection,14,6.804661334306003,4.646598673015833
303,independent,10,intersection,15,6.956604066491126,6.099645475298166
303,independent,10,intersection,16,6.802431956529618,5.035289839059114
303,independent,10,intersection,17,6.854737940877677,4.728160173147917
303,independent,11,merge,0,7.180020851790904,7.617805186808109
303,independent,11,merge,1,7.019031386822462,6.4905631005764
303,independent,11,merge,2,6.964620461761951,6.097492335438727
303,independent,11,merge,3,7.018914286792279,8.97675896257162
303,independent,11,merge,4,6.857924702912569,4.649516916424036
303,independent,11,merge,5,6.803513829410077,4.186503714472055
303,independent,11,merge,6,6.963470146805048,7.35470412403345
303,independent,11,merge,7,6.802480664253235,8.93887589558959
303,independent,11,merge,8,6.748069791346788,3.17682779610157
303,independent,11,merge,9,7.162342689037324,7.365043036490679
303,independent,11,merge,10,7.010205718427896,6.365997218489646
303,independent,11,merge,11,7.061387258172035,6.251465294361115
303,independent,11,merge,12,7.0100616388022905,8.848562778532504
303,independent,11,merge,13,6.913269000500441,6.92280248567462
303,independent,11,merge,14,6.909106297791005,4.465042578727006
303,independent,11,merge,15,7.060737528204918,7.300671831667424
303,independent,11,merge,16,6.908600431382656,11.61303978547454
303,independent,11,merge,17,6.9597820083796975,3.72953047350049
303,independent,12,intersection,0,7.02121161326766,7.69602808713913
303,independent,12,intersection,1,6.8584673105180265,4.6870389172434805
303,independent,12,intersection,2,6.801884319782257,4.310481713712215
303,independent,12,intersection,3,6.859378219991923,6.684493886232375
303,independent,12,intersection,4,6.69663371488452,3.675530595779419
303,independent,12,intersection,5,6.640050690174103,3.2989811536669733
303,independent,12,intersection,6,6.804271995872258,6.230755891799927
303,independent,12,intersection,7,6.641527637839317,3.2217925907671447
303,independent,12,intersection,8,6.584944545179606,2.845243100076913
303,independent,12,intersection,9,7.0031150157749655,7.461358513832092
303,independent,12,intersection,10,6.849513569772244,4.570208194553852
303,independent,12,intersection,11,6.900270971357823,4.664482758343219
303,independent,12,intersection,12,6.850235252082348,6.566655089855193
303,independent,12,intersection,13,6.752194820195436,3.931378732919693
303,independent,12,intersection,14,6.747391132116317,3.7698128631711008
303,independent,12,intersection,15,6.901397388279438,6.588142369389534
303,independent,12,intersection,16,6.747795897424221,3.69701793089509
303,independent,12,intersection,17,6.798553307801486,3.791300139576197
303,independent,13,merge,0,7.209302257001401,8.368071407228708
303,independent,13,merge,1,7.0533586925268175,5.212296314388514
303,independent,13,merge,2,6.993237622380257,5.386285022944212
303,independent,13,merge,3,7.050932398587465,8.157828624397515
303,independent,13,merge,4,6.8949887368082985,4.402053368240595
303,independent,13,merge,5,6.83486770927906,2.744859268218278
303,independent,13,merge,6,6.992799849808216,7.392195200771093
303,independent,13,merge,7,6.836856183111668,9.149111776649953
303,independent,13,merge,8,6.776735083907843,2.962320761531592
303,independent,13,merge,9,7.191360946297645,8.134829232245684
303,independent,13,merge,10,7.044486818611622,5.095093274265527
303,independent,13,merge,11,7.090095832198859,5.529721668809652
303,independent,13,merge,12,7.041862914711237,8.041789435893298
303,independent,13,merge,13,6.946663629859685,7.651193958371879
303,independent,13,merge,14,6.940597886443138,3.0054988278448582
303,independent,13,merge,15,7.089782828390598,7.542257820814848
303,independent,13,merge,16,6.942908605784178,11.815213741362095
303,independent,13,merge,17,6.98851785287261,3.509556334465742
303,independent,14,intersection,0,7.0041837900877,12.675797506570817
303,independent,14,intersection,1,6.840291142463684,5.126775380074978
303,independent,14,intersection,2,6.783455731421709,5.641310444772243
303,independent,14,intersection,3,6.845951484441756,3.622675401568413
303,independent,14,intersection,4,6.68205892175436,3.6526090718805793
303,independent,14,intersection,5,6.625223366171122,3.1551684199273584
303,independent,14,intersection,6,6.787767265886068,2.728426375240088
303,independent,14,intersection,7,6.623874790668488,2.424727974236012
303,independent,14,intersection,8,6.567039385586977,1.959284471273422
303,independent,14,intersection,9,6.985924881398678,12.44025151371956
303,independent,14,intersection,10,6.831328784972429,5.008606471717358
303,independent,14,intersection,11,6.882455062270164,5.990639174878597
303,independent,14,intersection,12,6.8366549670696255,3.5052981919050223
303,independent,14,intersection,13,6.737768990844488,4.312274882346392
303,independent,14,intersection,14,6.733185141682624,3.622666060775518
303,independent,14,intersection,15,6.884464734345674,3.0742572914063926
303,independent,14,intersection,16,6.729868681281806,2.888981579840183
303,independent,14,intersection,17,6.7809950467944144,2.8977497696876524
303,independent,15,merge,0,7.309578167498111,21.34205145567656
303,independent,15,merge,1,7.154538957476616,9.415979005694387
303,independent,15,merge,2,7.095037900209426,8.828352583944799
303,independent,15,merge,3,7.154242902994156,10.620240927934644
303,independent,15,merge,4,6.999203574955464,19.09416889220476
303,independent,15,merge,5,6.939702419489622,9.306542295962572
303,independent,15,merge,6,7.095395356118679,10.235844351947309
303,independent,15,merge,7,6.940356179028749,12.109772199839352
303,independent,15,merge,8,6.88085503757,18.322145902216437
303,independent,15,merge,9,7.29198463395238,21.108557547330854
303,independent,15,merge,10,7.1458447770774365,9.298519745469092
303,independent,15,merge,11,7.1914516761898994,8.972489677965642
303,independent,15,merge,12,7.145343392491341,10.504206324517726
303,independent,15,merge,13,7.050991276949645,16.75067715317011
303,independent,15,merge,14,7.044810638874769,9.568138733357191
303,independent,15,merge,15,7.191504114121198,10.38476663976908
303,independent,15,merge,16,7.045364385247231,12.974729112535714
303,independent,15,merge,17,7.090971306115388,18.84869926810265
303,privileged,0,intersection,0,9.880509041845798,5.40367926120758
303,privileged,0,intersection,1,7.577036225050687,4.082182053029537
303,privileged,0,intersection,2,7.174202217012644,3.302841632664204
303,privileged,0,intersection,3,7.57068936496973,4.178498279452324
303,privileged,0,intersection,4,5.358479435592889,2.8570011891424656
303,privileged,0,intersection,5,5.044826810359955,2.277660755962133
303,privileged,0,intersection,6,7.175006860792638,3.865405924618244
303,privileged,0,intersection,7,5.050843042731286,2.7439087849855417
303,privileged,0,intersection,8,4.750217654258012,2.164568369090557
303,privileged,0,intersection,9,7.522788981348275,5.171566106677055
303,privileged,0,intersection,10,6.455310997217894,3.96498188406229
303,privileged,0,intersection,11,7.168383110016585,3.6479344835877416
303,privileged,0,intersection,12,6.449410255402327,4.063585322499275
303,privileged,0,intersection,13,6.163645719289779,3.1122452284395687
303,privileged,0,intersection,14,6.102837949544191,2.7399537812173365
303,privileged,0,intersection,15,7.169351644515991,3.615621940195561
303,privileged,0,intersection,16,6.108105548769235,2.6090377521514894
303,privileged,0,intersection,17,6.90638698220253,2.491990420520305
303,privileged,1,merge,0,12.349105741381646,17.5266430658102
303,privileged,1,merge,1,9.726945776641369,7.764676684141159
303,privileged,1,merge,2,9.339169210642575,7.0281030294299125
303,privileged,1,merge,3,9.77412840217352,10.517271133363248
303,privileged,1,merge,4,7.085269010066986,15.084119926393033
303,privileged,1,merge,5,6.8006617499887945,6.0179465647041805
303,privileged,1,merge,6,9.340456532984971,9.936150544583796
303,privileged,1,merge,7,6.734984549283981,10.502999374419453
303,privileged,1,merge,8,6.46282775580883,15.036826131492855
303,privileged,1,merge,9,9.820029593259097,17.28726105898619
303,privileged,1,merge,10,8.456614673882722,7.647608880996705
303,privileged,1,merge,11,9.303780451118946,7.1867372173070905
303,privileged,1,merge,12,8.516325182020665,10.394159202575684
303,privileged,1,merge,13,7.949465143531562,11.3602927801013
303,privileged,1,merge,14,7.942508604377508,6.893899259716274
303,privileged,1,merge,15,9.30369816288352,10.073801727294924
303,privileged,1,merge,16,7.8891292135417475,11.36376250937581
303,privileged,1,merge,17,8.718396056890487,15.57354197949171
303,privileged,2,intersection,0,9.937252950072288,6.964779970943928
303,privileged,2,intersection,1,7.615770008116961,5.648947336375714
303,privileged,2,intersection,2,7.240851913392544,5.268729718625545
303,privileged,2,intersection,3,7.612294963747262,5.767095889747143
303,privileged,2,intersection,4,5.361659260541201,4.59572134256363
303,privileged,2,intersection,5,5.076805844157934,4.215503664314747
303,privileged,2,intersection,6,7.241947908401489,5.19922522932291
303,privileged,2,intersection,7,5.082215696424246,4.0278505808115
303,privileged,2,intersection,8,4.809065311402083,3.647632963359356
303,privileged,2,intersection,9,7.58614334076643,6.722994357943536
303,privileged,2,intersection,10,6.490640207231045,5.528330689966678
303,privileged,2,intersection,11,7.235620130300521,5.619907987415791
303,privileged,2,intersection,12,6.486750463098288,5.644694434702396
303,privileged,2,intersection,13,6.12455913886428,4.665997717082501
303,privileged,2,intersection,14,6.138225038498641,4.68729865193367
303,privileged,2,intersection,15,7.236924459189177,5.55133280813694
303,privileged,2,intersection,16,6.142133019715547,4.502359759509563
303,privileged,2,intersection,17,6.963094106018543,4.593936931788922
303,privileged,3,merge,0,12.451135691404344,9.460543373078108
303,privileged,3,merge,1,9.870414977520705,8.076824859380721
303,privileged,3,merge,2,9.43995688676834,7.589520319402218
303,privileged,3,merge,3,9.835095143318176,11.749505444765092
303,privileged,3,merge,4,7.175453821420669,7.165786979645491
303,privileged,3,merge,5,6.8328830212354665,6.414983852952719
303,privileged,3,merge,6,9.439458201080562,9.765159908235074
303,privileged,3,merge,7,6.881872088164091,13.181441620886323
303,privileged,3,merge,8,6.551438804268837,6.230638389140367
303,privileged,3,merge,9,9.932837633788584,9.220316019654277
303,privileged,3,merge,10,8.615349704623222,7.95290136307478
303,privileged,3,merge,11,9.40445374712348,7.725901375561952
303,privileged,3,merge,12,8.569806911200285,11.633201623260971
303,privileged,3,merge,13,8.035855553299188,10.417691192924975
303,privileged,3,merge,14,7.9882984277606015,6.676730789095164
303,privileged,3,merge,15,9.40439286991954,9.923426889479162
303,privileged,3,merge,16,8.028546470850706,11.056012399196623
303,privileged,3,merge,17,8.806754090338947,6.766956169754266
303,privileged,4,intersection,0,9.933319151103497,4.202493136525154
303,privileged,4,intersection,1,7.602425714284182,3.0050934958457947
303,privileged,4,intersection,2,7.219964222759009,3.0167469030618665
303,privileged,4,intersection,3,7.607315966188906,2.931670106500387
303,privileged,4,intersection,4,5.3667536284029485,3.1342706467211245
303,privileged,4,intersection,5,5.07207898736,2.6841714841127398
303,privileged,4,intersection,6,7.219357390105724,2.185413604527712
303,privileged,4,intersection,7,5.066609399020672,2.112666252255439
303,privileged,4,intersection,8,4.784412232935428,3.5423305293917653
303,privileged,4,intersection,9,7.570630559325219,4.163066649436951
303,privileged,4,intersection,10,6.475709661245347,2.885495829582214
303,privileged,4,intersection,11,7.214756428599358,2.965182166397572
303,privileged,4,intersection,12,6.4819695389270775,2.811841421574354
303,privileged,4,intersection,13,6.161336591392756,3.5980552156269545
303,privileged,4,intersection,14,6.135552038550377,2.752204330861568
303,privileged,4,intersection,15,7.214783448129892,2.5316523469984533
303,privileged,4,intersection,16,6.130557956546545,2.8198652672767635
303,privileged,4,intersection,17,6.951093029230833,2.819275255799293
303,privileged,5,merge,0,12.472857617139816,11.706590532660485
303,privileged,5,merge,1,9.887107942551374,9.177582334280014
303,privileged,5,merge,2,9.459864706248045,8.597210662811996
303,privileged,5,merge,3,9.836843208372594,14.534276909679177
303,privileged,5,merge,4,7.181608901768922,9.9546125087142
303,privileged,5,merge,5,6.840158924013376,7.574240881353616
303,privileged,5,merge,6,9.45745437219739,11.339886188656092
303,privileged,5,merge,7,6.904539383202791,18.56022201269865
303,privileged,5,merge,8,6.574129610806704,8.979850216954947
303,privileged,5,merge,9,9.954879113584758,11.459850373119114
303,privileged,5,merge,10,8.630934514552354,8.995180346667766
303,privileged,5,merge,11,9.422018776386976,8.676893352121116
303,privileged,5,merge,12,8.568777119964361,14.419282623231412
303,privileged,5,merge,13,8.03966614305973,11.995694368332623
303,privileged,5,merge,14,7.997836596667766,7.836325476169585
303,privileged,5,merge,15,9.421315193623306,11.558053367733956
303,privileged,5,merge,16,8.051367044746874,18.89338336989284
303,privileged,5,merge,17,8.831010867357254,9.57509630084038
303,privileged,6,intersection,0,9.897500252723692,8.77326269030571
303,privileged,6,intersection,1,7.578397559225559,5.68357398852706
303,privileged,6,intersection,2,7.196875765174628,7.365464288443327
303,privileged,6,intersection,3,7.567941822558642,4.27373497709632
303,privileged,6,intersection,4,5.330106990337372,3.9746253646910192
303,privileged,6,intersection,5,5.037622161209582,3.579112360924482
303,privileged,6,intersection,6,7.199042608886956,3.920879315584898
303,privileged,6,intersection,7,5.05080051973462,3.654747807234525
303,privileged,6,intersection,8,4.770596428513526,3.0820774658024312
303,privileged,6,intersection,9,7.541840266883373,8.536228570342065
303,privileged,6,intersection,10,6.454199346899986,5.565752346366644
303,privileged,6,intersection,11,7.19183938100934,7.915982845872641
303,privileged,6,intersection,12,6.442304491102695,4.1545225279033176
303,privileged,6,intersection,13,6.100665742158889,4.639134363681078
303,privileged,6,intersection,14,6.0994013375043865,4.247452440112829
303,privileged,6,intersection,15,7.193309514522553,4.277270852178335
303,privileged,6,intersection,16,6.109173018783331,4.130351782292127
303,privileged,6,intersection,17,6.926462050080299,4.22602155700326
303,privileged,7,merge,0,12.281739526391029,7.24296961441636
303,privileged,7,merge,1,9.69098387554288,5.212464449554681
303,privileged,7,merge,2,9.296227273792027,4.545427698045969
303,privileged,7,merge,3,9.682921855449678,5.225212950855493
303,privileged,7,merge,4,7.015273308157921,5.594707935899496
303,privileged,7,merge,5,6.726321002990007,5.727671198397875
303,privileged,7,merge,6,9.2937902200222,4.339899025410414
303,privileged,7,merge,7,6.732870697230101,2.3093937972187994
303,privileged,7,merge,8,6.4553600503504285,4.430784521251917
303,privileged,7,merge,9,9.784260326176884,6.987528176903724
303,privileged,7,merge,10,8.443404070585967,5.082299024313688
303,privileged,7,merge,11,9.26333301141858,4.689960493892432
303,privileged,7,merge,12,8.434944768697024,5.099936889559031
303,privileged,7,merge,13,7.821569963544608,4.05779290497303
303,privileged,7,merge,14,7.8625955781340595,8.802369409650565
303,privileged,7,merge,15,9.261939868628978,4.495827057808638
303,privileged,7,merge,16,7.868461765497923,2.5905980125069616
303,privileged,7,merge,17,8.676991720199585,4.998259509950876
303,privileged,8,intersection,0,9.840276163220404,6.255842241942883
303,privileged,8,intersection,1,7.542185129076243,6.856114413887262
303,privileged,8,intersection,2,7.162750494629144,7.849650386124849
303,privileged,8,intersection,3,7.529339890033007,4.140318610221148
303,privileged,8,intersection,4,5.29948730751872,3.110257702469825
303,privileged,8,intersection,5,5.009751951545477,2.422224518060684
303,privileged,8,intersection,6,7.16414738804102,3.7950452055037016
303,privileged,8,intersection,7,5.024824655205012,2.50792825192213
303,privileged,8,intersection,8,4.747383966892958,2.167208398878574
303,privileged,8,intersection,9,7.4943293777108195,6.006679644286632
303,privileged,8,intersection,10,6.419773642122745,6.728385492116212
303,privileged,8,intersection,11,7.158702973425388,7.991535850614309
303,privileged,8,intersection,12,6.405181145817041,4.018884762078524
303,privileged,8,intersection,13,6.06275177910924,3.571128994226456
303,privileged,8,intersection,14,6.0704854118824,2.691838826537132
303,privileged,8,intersection,15,7.159523554146289,4.15074815645814
303,privileged,8,intersection,16,6.081702577024698,2.9863442960381503
303,privileged,8,intersection,17,6.89881833806634,3.979602793753147
303,privileged,9,merge,0,12.409148042500018,6.645314110219478
303,privileged,9,merge,1,9.808620650917293,7.869804574251175
303,privileged,9,merge,2,9.405044276416302,7.195165332853795
303,privileged,9,merge,3,9.821087429374456,5.708036426454783
303,privileged,9,merge,4,7.165444571971894,3.332526750415564
303,privileged,9,merge,5,6.8539398777484895,8.057887446880342
303,privileged,9,merge,6,9.403209476768971,5.45064827606082
303,privileged,9,merge,7,6.832018257230519,3.2751387283205986
303,privileged,9,merge,8,6.531992377191783,3.0004993215203286
303,privileged,9,merge,9,9.8879125995934,6.411866526901722
303,privileged,9,merge,10,8.546266945749522,7.752735149860382
303,privileged,9,merge,11,9.36798305988312,7.348598859608173
303,privileged,9,merge,12,8.56373889580369,5.591658178418874
303,privileged,9,merge,13,8.031367864906787,3.589328377693892
303,privileged,9,merge,14,8.00255964949727,4.728390340805054
303,privileged,9,merge,15,9.36650126129389,5.596963949054479
303,privileged,9,merge,16,7.985584910660981,3.5378324821591374
303,privileged,9,merge,17,8.79254759579897,3.533696027696133
303,privileged,10,intersection,0,9.857321075350043,7.024310186058283
303,privileged,10,intersection,1,7.552059614062309,5.917164995521306
303,privileged,10,intersection,2,7.188616361618041,5.132088463455439
303,privileged,10,intersection,3,7.558029947429896,6.145962555855512
303,privileged,10,intersection,4,5.311922315657138,4.953728255480528
303,privileged,10,intersection,5,5.0393912793695925,4.168651907891034
303,privileged,10,intersection,6,7.185212110877037,5.952581635564565
303,privileged,10,intersection,7,5.028718972951173,4.76014657124877
303,privileged,10,intersection,8,4.767970180809498,3.9750702296197415
303,privileged,10,intersection,9,7.507669917792082,6.771930847615003
303,privileged,10,intersection,10,6.423713087439538,5.791387616246938
303,privileged,10,intersection,11,7.182509704381227,5.484257872551679
303,privileged,10,intersection,12,6.43325382962823,6.017883073836566
303,privileged,10,intersection,13,6.07907538279891,5.032373331040144
303,privileged,10,intersection,14,6.100004985630512,4.646598673015833
303,privileged,10,intersection,15,7.180503630042076,6.099645475298166
303,privileged,10,intersection,16,6.091672331541776,5.035289839059114
303,privileged,10,intersection,17,6.924235389679671,4.728160173147917
303,privileged,11,merge,0,12.346077922880651,7.617805186808109
303,privileged,11,merge,1,9.74628007173538,6.4905631005764
303,privileged,11,merge,2,9.355460056215524,6.097492335438727
303,privileged,11,merge,3,9.75081541672349,8.97675896257162
303,privileged,11,merge,4,7.060695828199386,4.649516916424036
303,privileged,11,merge,5,6.771429967582225,4.186503714472055
303,privileged,11,merge,6,9.357301754057406,7.35470412403345
303,privileged,11,merge,7,6.766798730641604,8.93887589558959
303,privileged,11,merge,8,6.488562503755093,3.17682779610157
303,privileged,11,merge,9,9.823657720088958,7.365043036490679
303,privileged,11,merge,10,8.476885338127614,6.365997218489646
303,privileged,11,merge,11,9.31774084806442,6.251465294361115
303,privileged,11,merge,12,8.48176281362772,8.848562778532504
303,privileged,11,merge,13,7.890290441513061,6.92280248567462
303,privileged,11,merge,14,7.925591613501311,4.465042578727006
303,privileged,11,merge,15,9.318803926110268,7.300671831667424
303,privileged,11,merge,16,7.922166266441344,11.61303978547454
303,privileged,11,merge,17,8.745783470124007,3.72953047350049
303,privileged,12,intersection,0,9.81994566857815,7.69602808713913
303,privileged,12,intersection,1,7.524387149214744,4.6870389172434805
303,privileged,12,intersection,2,7.14315774217248,4.310481713712215
303,privileged,12,intersection,3,7.515342738479376,6.684493886232375
303,privileged,12,intersection,4,5.29068375647068,3.675530595779419
303,privileged,12,intersection,5,4.998744975775479,3.2989811536669733
303,privileged,12,intersection,6,7.144085712134838,6.230755891799927
303,privileged,12,intersection,7,5.008374146223068,3.2217925907671447
303,privileged,12,intersection,8,4.729220221787692,2.845243100076913
303,privileged,12,intersection,9,7.471094808578491,7.461358513832092
303,privileged,12,intersection,10,6.402100996524095,4.570208194553852
303,privileged,12,intersection,11,7.138948466777801,4.664482758343219
303,privileged,12,intersection,12,6.392594161182641,6.566655089855193
303,privileged,12,intersection,13,6.067972334772348,3.931378732919693
303,privileged,12,intersection,14,6.059062522351741,3.7698128631711008
303,privileged,12,intersection,15,7.139555294066668,6.588142369389534
303,privileged,12,intersection,16,6.066293972283601,3.69701793089509
303,privileged,12,intersection,17,6.883905638307332,3.791300139576197
303,privileged,13,merge,0,12.422725782990458,8.368071407228708
303,privileged,13,merge,1,9.848212142586709,5.212296314388514
303,privileged,13,merge,2,9.41400303632021,5.386285022944212
303,privileged,13,merge,3,9.82679163828492,8.157828624397515
303,privileged,13,merge,4,7.203931365460158,4.402053368240595
303,privileged,13,merge,5,6.854424551576376,2.744859268218278
303,privileged,13,merge,6,9.414368032813073,7.392195200771093
303,privileged,13,merge,7,6.882207964509725,9.149111776649953
303,privileged,13,merge,8,6.544717019498347,2.962320761531592
303,privileged,13,merge,9,9.904239647239446,8.134829232245684
303,privileged,13,merge,10,8.596629974246024,5.095093274265527
303,privileged,13,merge,11,9.377726933956144,5.529721668809652
303,privileged,13,merge,12,8.570736621767281,8.041789435893298
303,privileged,13,merge,13,8.078479149341584,7.651193958371879
303,privileged,13,merge,14,7.999266020357608,3.0054988278448582
303,privileged,13,merge,15,9.378236168175937,7.542257820814848
303,privileged,13,merge,16,8.022709414064884,11.815213741362095
303,privileged,13,merge,17,8.795403110682964,3.509556334465742
303,privileged,14,intersection,0,9.87673031657934,12.675797506570817
303,privileged,14,intersection,1,7.580323522388936,5.126775380074978
303,privileged,14,intersection,2,7.194066939800978,5.641310444772243
303,privileged,14,intersection,3,7.58627708747983,3.622675401568413
303,privileged,14,intersection,4,5.363529829233885,3.6526090718805793
303,privileged,14,intersection,5,5.065635513663292,3.1551684199273584
303,privileged,14,intersection,6,7.192079740315676,2.728426375240088
303,privileged,14,intersection,7,5.057781592011452,2.424727974236012
303,privileged,14,intersection,8,4.772809933423996,1.959284471273422
303,privileged,14,intersection,9,7.525637670606374,12.44025151371956
303,privileged,14,intersection,10,6.456753873229026,5.008606471717358
303,privileged,14,intersection,11,7.190385607928037,5.990639174878597
303,privileged,14,intersection,12,6.464656887799502,3.5052981919050223
303,privileged,14,intersection,13,6.157416454851627,4.312274882346392
303,privileged,14,intersection,14,6.126685829758644,3.622666060775518
303,privileged,14,intersection,15,7.189392060041427,3.0742572914063926
303,privileged,14,intersection,16,6.119445988237858,2.888981579840183
303,privileged,14,intersection,17,6.93529507637024,2.8977497696876524
303,privileged,15,merge,0,12.423995522260666,21.34205145567656
303,privileged,15,merge,1,9.824890913069249,9.415979005694387
303,privileged,15,merge,2,9.404964200109244,8.828352583944799
303,privileged,15,merge,3,9.814463962614536,10.620240927934644
303,privileged,15,merge,4,7.175057647228241,19.09416889220476
303,privileged,15,merge,5,6.836792855709792,9.306542295962572
303,privileged,15,merge,6,9.404537155479192,10.235844351947309
303,privileged,15,merge,7,6.850692242085934,12.109772199839352
303,privileged,15,merge,8,6.523819423913956,18.322145902216437
303,privileged,15,merge,9,9.895965155363085,21.108557547330854
303,privileged,15,merge,10,8.565520560145378,9.298519745469092
303,privileged,15,merge,11,9.366773127913476,8.972489677965642
303,privileged,15,merge,12,8.552443903237583,10.504206324517726
303,privileged,15,merge,13,8.05984913662076,16.75067715317011
303,privileged,15,merge,14,7.988051849007605,9.568138733357191
303,privileged,15,merge,15,9.366613737344744,10.38476663976908
303,privileged,15,merge,16,7.999706941395999,12.974729112535714
303,privileged,15,merge,17,8.78651541814208,18.84869926810265
303,D_pairwise,0,intersection,0,9.201737258285284,5.40367926120758
303,D_pairwise,0,intersection,1,7.695856884121896,4.082182053029537
303,D_pairwise,0,intersection,2,7.3152952118217955,3.302841632664204
303,D_pairwise,0,intersection,3,7.692888461351395,4.178498279452324
303,D_pairwise,0,intersection,4,5.931752747446298,2.8570011891424656
303,D_pairwise,0,intersection,5,5.602829315215349,2.277660755962133
303,D_pairwise,0,intersection,6,7.313496315032244,3.865405924618244
303,D_pairwise,0,intersection,7,5.604344944059848,2.7439087849855417
303,D_pairwise,0,intersection,8,5.312617964744568,2.164568369090557
303,D_pairwise,0,intersection,9,7.73279888525605,5.171566106677055
303,D_pairwise,0,intersection,10,6.885492864400149,3.96498188406229
303,D_pairwise,0,intersection,11,7.437486422359944,3.6479344835877416
303,D_pairwise,0,intersection,12,6.884813054800033,4.063585322499275
303,D_pairwise,0,intersection,13,6.512441309988498,3.1122452284395687
303,D_pairwise,0,intersection,14,6.499984356611966,2.7399537812173365
303,D_pairwise,0,intersection,15,7.443008379042149,3.615621940195561
303,D_pairwise,0,intersection,16,6.506346773356199,2.6090377521514894
303,D_pairwise,0,intersection,17,6.928714065998792,2.491990420520305
303,D_pairwise,1,merge,0,11.81701108545065,17.5266430658102
303,D_pairwise,1,merge,1,10.265529273301365,7.764676684141159
303,D_pairwise,1,merge,2,9.911501477509738,7.0281030294299125
303,D_pairwise,1,merge,3,10.281304524689912,10.517271133363248
303,D_pairwise,1,merge,4,8.088083304315806,15.084119926393033
303,D_pairwise,1,merge,5,7.765855283439159,6.0179465647041805
303,D_pairwise,1,merge,6,9.881227566450836,9.936150544583796
303,D_pairwise,1,merge,7,7.718217475116252,10.502999374419453
303,D_pairwise,1,merge,8,7.4222667539119715,15.036826131492855
303,D_pairwise,1,merge,9,10.196027968525886,17.28726105898619
303,D_pairwise,1,merge,10,9.30036247342825,7.647608880996705
303,D_pairwise,1,merge,11,9.993895048499107,7.1867372173070905
303,D_pairwise,1,merge,12,9.322038826942444,10.394159202575684
303,D_pairwise,1,merge,13,8.839997352510691,11.3602927801013
303,D_pairwise,1,merge,14,8.795210525393486,6.893899259716274
303,D_pairwise,1,merge,15,9.996625026762484,10.073801727294924
303,D_pairwise,1,merge,16,8.773683025091886,11.36376250937581
303,D_pairwise,1,merge,17,9.178075798004867,15.57354197949171
303,D_pairwise,2,intersection,0,9.257616928070783,6.964779970943928
303,D_pairwise,2,intersection,1,7.737061638236047,5.648947336375714
303,D_pairwise,2,intersection,2,7.382591504603623,5.268729718625545
303,D_pairwise,2,intersection,3,7.730228263139725,5.767095889747143
303,D_pairwise,2,intersection,4,5.963231485784054,4.59572134256363
303,D_pairwise,2,intersection,5,5.6567431539297095,4.215503664314747
303,D_pairwise,2,intersection,6,7.37933811917901,5.19922522932291
303,D_pairwise,2,intersection,7,5.660096101015806,4.0278505808115
303,D_pairwise,2,intersection,8,5.3898227100074285,3.647632963359356
303,D_pairwise,2,intersection,9,7.806749163866042,6.722994357943536
303,D_pairwise,2,intersection,10,6.9366092295944695,5.528330689966678
303,D_pairwise,2,intersection,11,7.493859541863203,5.619907987415791
303,D_pairwise,2,intersection,12,6.934039375036955,5.644694434702396
303,D_pairwise,2,intersection,13,6.5519221290946,4.665997717082501
303,D_pairwise,2,intersection,14,6.533508156388999,4.68729865193367
303,D_pairwise,2,intersection,15,7.497203830778599,5.55133280813694
303,D_pairwise,2,intersection,16,6.539585402160882,4.502359759509563
303,D_pairwise,2,intersection,17,6.975573728233576,4.593936931788922
303,D_pairwise,3,merge,0,12.35654610902071,9.460543373078108
303,D_pairwise,3,merge,1,10.79237587839365,8.076824859380721
303,D_pairwise,3,merge,2,10.400908107608558,7.589520319402218
303,D_pairwise,3,merge,3,10.775225568413736,11.749505444765092
303,D_pairwise,3,merge,4,8.563762690871954,7.165786979645491
303,D_pairwise,3,merge,5,8.198093914836646,6.414983852952719
303,D_pairwise,3,merge,6,10.408451396375895,9.765159908235074
303,D_pairwise,3,merge,7,8.225172427743674,13.181441620886323
303,D_pairwise,3,merge,8,7.884266587644816,6.230638389140367
303,D_pairwise,3,merge,9,10.745112896859649,9.220316019654277
303,D_pairwise,3,merge,10,9.837533266842366,7.95290136307478
303,D_pairwise,3,merge,11,10.509798216223714,7.725901375561952
303,D_pairwise,3,merge,12,9.822053925395013,11.633201623260971
303,D_pairwise,3,merge,13,9.325913309454918,10.417691192924975
303,D_pairwise,3,merge,14,9.245500596910716,6.676730789095164
303,D_pairwise,3,merge,15,10.509312258064748,9.923426889479162
303,D_pairwise,3,merge,16,9.263767868131398,11.056012399196623
303,D_pairwise,3,merge,17,9.647303862571716,6.766956169754266
303,D_pairwise,4,intersection,0,8.939103730171919,4.202493136525154
303,D_pairwise,4,intersection,1,7.423074570894241,3.0050934958457947
303,D_pairwise,4,intersection,2,7.050672189444304,3.0167469030618665
303,D_pairwise,4,intersection,3,7.422304371446371,2.931670106500387
303,D_pairwise,4,intersection,4,5.650608496069908,3.1342706467211245
303,D_pairwise,4,intersection,5,5.331575903743505,2.6841714841127398
303,D_pairwise,4,intersection,6,7.046561438441277,2.185413604527712
303,D_pairwise,4,intersection,7,5.327944527864456,2.112666252255439
303,D_pairwise,4,intersection,8,5.046759777665138,3.5423305293917653
303,D_pairwise,4,intersection,9,7.469716559648513,4.163066649436951
303,D_pairwise,4,intersection,10,6.609873314648867,2.885495829582214
303,D_pairwise,4,intersection,11,7.162462147027254,2.965182166397572
303,D_pairwise,4,intersection,12,6.611886139512062,2.811841421574354
303,D_pairwise,4,intersection,13,6.233849153518676,3.5980552156269545
303,D_pairwise,4,intersection,14,6.220101089775562,2.752204330861568
303,D_pairwise,4,intersection,15,7.166474947482347,2.5316523469984533
303,D_pairwise,4,intersection,16,6.221764010637998,2.8198652672767635
303,D_pairwise,4,intersection,17,6.649371730536222,2.819275255799293
303,D_pairwise,5,merge,0,12.145769916325808,11.706590532660485
303,D_pairwise,5,merge,1,10.587285646349192,9.177582334280014
303,D_pairwise,5,merge,2,10.19246547922492,8.597210662811996
303,D_pairwise,5,merge,3,10.57168072476983,14.534276909679177
303,D_pairwise,5,merge,4,8.388650153279304,9.9546125087142
303,D_pairwise,5,merge,5,8.023408247381449,7.574240881353616
303,D_pairwise,5,merge,6,10.21769241541624,11.339886188656092
303,D_pairwise,5,merge,7,8.066445313245058,18.56022201269865
303,D_pairwise,5,merge,8,7.727667866051197,8.979850216954947
303,D_pairwise,5,merge,9,10.536709323525429,11.459850373119114
303,D_pairwise,5,merge,10,9.63744897916913,8.995180346667766
303,D_pairwise,5,merge,11,10.30372629389167,8.676893352121116
303,D_pairwise,5,merge,12,9.619669540822509,14.419282623231412
303,D_pairwise,5,merge,13,9.14796397432685,11.995694368332623
303,D_pairwise,5,merge,14,9.065219935774802,7.836325476169585
303,D_pairwise,5,merge,15,10.307087724208833,11.558053367733956
303,D_pairwise,5,merge,16,9.08987020611763,18.89338336989284
303,D_pairwise,5,merge,17,9.476602962464094,9.57509630084038
303,D_pairwise,6,intersection,0,9.10634025335312,8.77326269030571
303,D_pairwise,6,intersection,1,7.597239827811719,5.68357398852706
303,D_pairwise,6,intersection,2,7.234775235056877,7.365464288443327
303,D_pairwise,6,intersection,3,7.58650442034006,4.27373497709632
303,D_pairwise,6,intersection,4,5.824113088101148,3.9746253646910192
303,D_pairwise,6,intersection,5,5.512560175061226,3.579112360924482
303,D_pairwise,6,intersection,6,7.236121345162393,3.920879315584898
303,D_pairwise,6,intersection,7,5.522419286966324,3.654747807234525
303,D_pairwise,6,intersection,8,5.247962663173675,3.0820774658024312
303,D_pairwise,6,intersection,9,7.642744254916906,8.536228570342065
303,D_pairwise,6,intersection,10,6.788622910678385,5.565752346366644
303,D_pairwise,6,intersection,11,7.351416649669408,7.915982845872641
303,D_pairwise,6,intersection,12,6.782172208577394,4.1545225279033176
303,D_pairwise,6,intersection,13,6.414269600063562,4.639134363681078
303,D_pairwise,6,intersection,14,6.402181410193443,4.247452440112829
303,D_pairwise,6,intersection,15,7.352305736690759,4.277270852178335
303,D_pairwise,6,intersection,16,6.40925504475832,4.130351782292127
303,D_pairwise,6,intersection,17,6.847239813953637,4.22602155700326
303,D_pairwise,7,merge,0,10.662340402454138,7.24296961441636
303,D_pairwise,7,merge,1,9.17350884079933,5.212464449554681
303,D_pairwise,7,merge,2,8.819422750920056,4.545427698045969
303,D_pairwise,7,merge,3,9.175111542642115,5.225212950855493
303,D_pairwise,7,merge,4,7.037713772207499,5.594707935899496
303,D_pairwise,7,merge,5,6.71699008896947,5.727671198397875
303,D_pairwise,7,merge,6,8.828476115465165,4.339899025410414
303,D_pairwise,7,merge,7,6.722996332645416,2.3093937972187994
303,D_pairwise,7,merge,8,6.427486884891986,4.430784521251917
303,D_pairwise,7,merge,9,9.06021118491888,6.987528176903724
303,D_pairwise,7,merge,10,8.218225740790366,5.082299024313688
303,D_pairwise,7,merge,11,8.910379459559918,4.689960493892432
303,D_pairwise,7,merge,12,8.217824816554785,5.099936889559031
303,D_pairwise,7,merge,13,7.790733126103879,4.05779290497303
303,D_pairwise,7,merge,14,7.742835992127657,8.802369409650565
303,D_pairwise,7,merge,15,8.911417300701142,4.495827057808638
303,D_pairwise,7,merge,16,7.743145330995322,2.5905980125069616
303,D_pairwise,7,merge,17,8.148598814457655,4.998259509950876
303,D_pairwise,8,intersection,0,9.144229028522968,6.255842241942883
303,D_pairwise,8,intersection,1,7.64089121133089,6.856114413887262
303,D_pairwise,8,intersection,2,7.278007300943136,7.849650386124849
303,D_pairwise,8,intersection,3,7.626933355778456,4.140318610221148
303,D_pairwise,8,intersection,4,5.865880119204521,3.110257702469825
303,D_pairwise,8,intersection,5,5.553858105689287,2.422224518060684
303,D_pairwise,8,intersection,6,7.279924292713405,3.7950452055037016
303,D_pairwise,8,intersection,7,5.566385922431945,2.50792825192213
303,D_pairwise,8,intersection,8,5.290455349981785,2.167208398878574
303,D_pairwise,8,intersection,9,7.681982884854078,6.006679644286632
303,D_pairwise,8,intersection,10,6.831507876515388,6.728385492116212
303,D_pairwise,8,intersection,11,7.394388529807329,7.991535850614309
303,D_pairwise,8,intersection,12,6.823132534176111,4.018884762078524
303,D_pairwise,8,intersection,13,6.457815122157335,3.571128994226456
303,D_pairwise,8,intersection,14,6.443867484629154,2.691838826537132
303,D_pairwise,8,intersection,15,7.394252020269632,4.15074815645814
303,D_pairwise,8,intersection,16,6.451826523244381,2.9863442960381503
303,D_pairwise,8,intersection,17,6.886121490448714,3.979602793753147
303,D_pairwise,9,merge,0,11.00325984209776,6.645314110219478
303,D_pairwise,9,merge,1,9.508541006445885,7.869804574251175
303,D_pairwise,9,merge,2,9.137813534885645,7.195165332853795
303,D_pairwise,9,merge,3,9.5170270742476,5.708036426454783
303,D_pairwise,9,merge,4,7.360004750341177,3.332526750415564
303,D_pairwise,9,merge,5,7.021612301468849,8.057887446880342
303,D_pairwise,9,merge,6,9.14022726625204,5.45064827606082
303,D_pairwise,9,merge,7,7.012604668438435,3.2751387283205986
303,D_pairwise,9,merge,8,6.699559396356344,3.0004993215203286
303,D_pairwise,9,merge,9,9.378003114014865,6.411866526901722
303,D_pairwise,9,merge,10,8.537948932945728,7.752735149860382
303,D_pairwise,9,merge,11,9.237267933934929,7.348598859608173
303,D_pairwise,9,merge,12,8.544423084557057,5.591658178418874
303,D_pairwise,9,merge,13,8.112783604711295,3.589328377693892
303,D_pairwise,9,merge,14,8.070539216548205,4.728390340805054
303,D_pairwise,9,merge,15,9.238697170764208,5.596963949054479
303,D_pairwise,9,merge,16,8.063587042987347,3.5378324821591374
303,D_pairwise,9,merge,17,8.458138188868762,3.533696027696133
303,D_pairwise,10,intersection,0,9.270815712958576,7.024310186058283
303,D_pairwise,10,intersection,1,7.750155709534883,5.917164995521306
303,D_pairwise,10,intersection,2,7.412302254587412,5.132088463455439
303,D_pairwise,10,intersection,3,7.750234203338622,6.145962555855512
303,D_pairwise,10,intersection,4,5.983741853684188,4.953728255480528
303,D_pairwise,10,intersection,5,5.692304100394248,4.168651907891034
303,D_pairwise,10,intersection,6,7.402470232844353,5.952581635564565
303,D_pairwise,10,intersection,7,5.683608852177858,4.76014657124877
303,D_pairwise,10,intersection,8,5.428750842362643,3.9750702296197415
303,D_pairwise,10,intersection,9,7.812723439484834,6.771930847615003
303,D_pairwise,10,intersection,10,6.945205127149821,5.791387616246938
303,D_pairwise,10,intersection,11,7.518305399417878,5.484257872551679
303,D_pairwise,10,intersection,12,6.948462935686111,6.017883073836566
303,D_pairwise,10,intersection,13,6.57682825550437,5.032373331040144
303,D_pairwise,10,intersection,14,6.570129416882993,4.646598673015833
303,D_pairwise,10,intersection,15,7.521404283940793,6.099645475298166
303,D_pairwise,10,intersection,16,6.570295463949442,5.035289839059114
303,D_pairwise,10,intersection,17,7.018422578424215,4.728160173147917
303,D_pairwise,11,merge,0,11.19841933235526,7.617805186808109
303,D_pairwise,11,merge,1,9.679566029459238,6.4905631005764
303,D_pairwise,11,merge,2,9.332958330363036,6.097492335438727
303,D_pairwise,11,merge,3,9.684283432513476,8.97675896257162
303,D_pairwise,11,merge,4,7.5299061086773875,4.649516916424036
303,D_pairwise,11,merge,5,7.215531090050936,4.186503714472055
303,D_pairwise,11,merge,6,9.326530682742597,7.35470412403345
303,D_pairwise,11,merge,7,7.207266769260168,8.93887589558959
303,D_pairwise,11,merge,8,6.919530521780253,3.17682779610157
303,D_pairwise,11,merge,9,9.581378816962244,7.365043036490679
303,D_pairwise,11,merge,10,8.715685319006443,6.365997218489646
303,D_pairwise,11,merge,11,9.417949336320165,6.251465294361115
303,D_pairwise,11,merge,12,8.721090892851352,8.848562778532504
303,D_pairwise,11,merge,13,8.289267086684703,6.92280248567462
303,D_pairwise,11,merge,14,8.245750973671674,4.465042578727006
303,D_pairwise,11,merge,15,9.42167314171791,7.300671831667424
303,D_pairwise,11,merge,16,8.245469769984485,11.61303978547454
303,D_pairwise,11,merge,17,8.65891562357545,3.72953047350049
303,D_pairwise,12,intersection,0,9.16980042412877,7.69602808713913
303,D_pairwise,12,intersection,1,7.65845921292901,4.6870389172434805
303,D_pairwise,12,intersection,2,7.296183679401874,4.310481713712215
303,D_pairwise,12,intersection,3,7.652722843885421,6.684493886232375
303,D_pairwise,12,intersection,4,5.885453317910432,3.675530595779419
303,D_pairwise,12,intersection,5,5.573586034625768,3.2989811536669733
303,D_pairwise,12,intersection,6,7.297420405596495,6.230755891799927
303,D_pairwise,12,intersection,7,5.580371290445328,3.2217925907671447
303,D_pairwise,12,intersection,8,5.305480230152607,2.845243100076913
303,D_pairwise,12,intersection,9,7.699983895421028,7.461358513832092
303,D_pairwise,12,intersection,10,6.847124370634557,4.570208194553852
303,D_pairwise,12,intersection,11,7.411492290645838,4.664482758343219
303,D_pairwise,12,intersection,12,6.8443941642344,6.566655089855193
303,D_pairwise,12,intersection,13,6.474715264886618,3.931378732919693
303,D_pairwise,12,intersection,14,6.464560358673334,3.7698128631711008
303,D_pairwise,12,intersection,15,7.417461424618959,6.588142369389534
303,D_pairwise,12,intersection,16,6.473376673460006,3.69701793089509
303,D_pairwise,12,intersection,17,6.909137276411057,3.791300139576197
303,D_pairwise,13,merge,0,11.160543352514503,8.368071407228708
303,D_pairwise,13,merge,1,9.664921935796738,5.212296314388514
303,D_pairwise,13,merge,2,9.277682387530804,5.386285022944212
303,D_pairwise,13,merge,3,9.664757590293885,8.157828624397515
303,D_pairwise,13,merge,4,7.524961766153575,4.402053368240595
303,D_pairwise,13,merge,5,7.167271279096603,2.744859268218278
303,D_pairwise,13,merge,6,9.287967428416014,7.392195200771093
303,D_pairwise,13,merge,7,7.181918713897467,9.149111776649953
303,D_pairwise,13,merge,8,6.850734126716851,2.962320761531592
303,D_pairwise,13,merge,9,9.543075204789638,8.134829232245684
303,D_pairwise,13,merge,10,8.704012015163897,5.095093274265527
303,D_pairwise,13,merge,11,9.384978514164686,5.529721668809652
303,D_pairwise,13,merge,12,8.699737532585859,8.041789435893298
303,D_pairwise,13,merge,13,8.27100144892931,7.651193958371879
303,D_pairwise,13,merge,14,8.215330465883017,3.0054988278448582
303,D_pairwise,13,merge,15,9.38729289084673,7.542257820814848
303,D_pairwise,13,merge,16,8.22547759205103,11.815213741362095
303,D_pairwise,13,merge,17,8.6077881026268,3.509556334465742
303,D_pairwise,14,intersection,0,9.158245517909528,12.675797506570817
303,D_pairwise,14,intersection,1,7.652146845906973,5.126775380074978
303,D_pairwise,14,intersection,2,7.287366157174111,5.641310444772243
303,D_pairwise,14,intersection,3,7.651164737939835,3.622675401568413
303,D_pairwise,14,intersection,4,5.885647656470537,3.6526090718805793
303,D_pairwise,14,intersection,5,5.571321008503437,3.1551684199273584
303,D_pairwise,14,intersection,6,7.281963235437869,2.728426375240088
303,D_pairwise,14,intersection,7,5.566609028130769,2.424727974236012
303,D_pairwise,14,intersection,8,5.289546096771955,1.959284471273422
303,D_pairwise,14,intersection,9,7.681409682780504,12.44025151371956
303,D_pairwise,14,intersection,10,6.8367261700332165,5.008606471717358
303,D_pairwise,14,intersection,11,7.406476096510888,5.990639174878597
303,D_pairwise,14,intersection,12,6.83827908307314,3.5052981919050223
303,D_pairwise,14,intersection,13,6.472794626355172,4.312274882346392
303,D_pairwise,14,intersection,14,6.470928713083266,3.622666060775518
303,D_pairwise,14,intersection,15,7.409332443773747,3.0742572914063926
303,D_pairwise,14,intersection,16,6.471879478096961,2.888981579840183
303,D_pairwise,14,intersection,17,6.907732337862253,2.8977497696876524
303,D_pairwise,15,merge,0,11.706846591681243,21.34205145567656
303,D_pairwise,15,merge,1,10.179849304109812,9.415979005694387
303,D_pairwise,15,merge,2,9.787864822000266,8.828352583944799
303,D_pairwise,15,merge,3,10.179706393331289,10.620240927934644
303,D_pairwise,15,merge,4,8.00445910692215,19.09416889220476
303,D_pairwise,15,merge,5,7.641436847150326,9.306542295962572
303,D_pairwise,15,merge,6,9.794926968365909,10.235844351947309
303,D_pairwise,15,merge,7,7.650194912403822,12.109772199839352
303,D_pairwise,15,merge,8,7.3132639083266255,18.322145902216437
303,D_pairwise,15,merge,9,10.087279096245766,21.108557547330854
303,D_pairwise,15,merge,10,9.219824495762587,9.298519745469092
303,D_pairwise,15,merge,11,9.895391901433468,8.972489677965642
303,D_pairwise,15,merge,12,9.217244417667388,10.504206324517726
303,D_pairwise,15,merge,13,8.755572688430547,16.75067715317011
303,D_pairwise,15,merge,14,8.692058254480363,9.568138733357191
303,D_pairwise,15,merge,15,9.897498379945755,10.38476663976908
303,D_pairwise,15,merge,16,8.698280036300421,12.974729112535714
303,D_pairwise,15,merge,17,9.0780324870348,18.84869926810265
