seed,model,family_id,scenario,step,a,b,hidden
0,oracle,0,intersection,0,1,1,False
0,oracle,0,intersection,1,0,1,False
0,oracle,0,intersection,2,1,1,False
0,oracle,0,intersection,3,1,1,False
0,oracle,0,intersection,4,1,1,False
0,oracle,0,intersection,5,1,1,False
0,oracle,0,intersection,6,1,1,False
0,oracle,0,intersection,7,0,1,False
0,oracle,0,intersection,8,1,0,False
0,oracle,0,intersection,9,0,1,False
0,oracle,0,intersection,10,1,-1,False
0,oracle,0,intersection,11,1,1,False
0,oracle,1,merge,0,0,1,False
0,oracle,1,merge,1,-1,1,False
0,oracle,1,merge,2,-1,1,False
0,oracle,1,merge,3,1,1,False
0,oracle,1,merge,4,1,1,False
0,oracle,1,merge,5,1,1,False
0,oracle,1,merge,6,1,1,False
0,oracle,1,merge,7,1,1,False
0,oracle,1,merge,8,1,0,False
0,oracle,1,merge,9,1,1,False
0,oracle,1,merge,10,1,0,False
0,oracle,1,merge,11,-1,1,False
0,oracle,2,intersection,0,1,1,False
0,oracle,2,intersection,1,1,1,False
0,oracle,2,intersection,2,1,1,False
0,oracle,2,intersection,3,1,1,False
0,oracle,2,intersection,4,1,1,False
0,oracle,2,intersection,5,1,1,False
0,oracle,2,intersection,6,1,1,False
0,oracle,2,intersection,7,1,1,False
0,oracle,2,intersection,8,1,1,False
0,oracle,2,intersection,9,1,1,False
0,oracle,2,intersection,10,0,1,False
0,oracle,2,intersection,11,1,-1,False
0,oracle,3,merge,0,0,1,False
0,oracle,3,merge,1,1,1,False
0,oracle,3,merge,2,1,1,False
0,oracle,3,merge,3,1,1,False
0,oracle,3,merge,4,1,1,False
0,oracle,3,merge,5,1,1,False
0,oracle,3,merge,6,1,1,False
0,oracle,3,merge,7,1,0,False
0,oracle,3,merge,8,1,1,False
0,oracle,3,merge,9,-1,1,False
0,oracle,3,merge,10,1,0,False
0,oracle,3,merge,11,1,1,False
0,oracle,4,intersection,0,1,-1,False
0,oracle,4,intersection,1,1,0,False
0,oracle,4,intersection,2,1,1,False
0,oracle,4,intersection,3,0,0,False
0,oracle,4,intersection,4,1,1,False
0,oracle,4,intersection,5,1,1,False
0,oracle,4,intersection,6,1,1,False
0,oracle,4,intersection,7,1,1,False
0,oracle,4,intersection,8,1,1,False
0,oracle,4,intersection,9,1,1,False
0,oracle,4,intersection,10,1,1,False
0,oracle,4,intersection,11,1,1,False
0,oracle,5,merge,0,0,1,False
0,oracle,5,merge,1,0,1,False
0,oracle,5,merge,2,1,1,False
0,oracle,5,merge,3,1,1,False
0,oracle,5,merge,4,1,1,False
0,oracle,5,merge,5,1,1,False
0,oracle,5,merge,6,0,1,False
0,oracle,5,merge,7,1,0,False
0,oracle,5,merge,8,1,1,False
0,oracle,5,merge,9,1,0,False
0,oracle,5,merge,10,1,1,False
0,oracle,5,merge,11,1,1,False
0,oracle,6,intersection,0,1,-1,False
0,oracle,6,intersection,1,1,1,False
0,oracle,6,intersection,2,1,0,False
0,oracle,6,intersection,3,1,1,False
0,oracle,6,intersection,4,1,1,False
0,oracle,6,intersection,5,1,1,False
0,oracle,6,intersection,6,1,1,False
0,oracle,6,intersection,7,1,1,False
0,oracle,6,intersection,8,1,1,False
0,oracle,6,intersection,9,1,1,False
0,oracle,6,intersection,10,1,1,False
0,oracle,6,intersection,11,1,1,False
0,oracle,7,merge,0,1,0,False
0,oracle,7,merge,1,1,1,False
0,oracle,7,merge,2,1,0,False
0,oracle,7,merge,3,1,0,False
0,oracle,7,merge,4,1,1,False
0,oracle,7,merge,5,1,1,False
0,oracle,7,merge,6,1,1,False
0,oracle,7,merge,7,1,1,False
0,oracle,7,merge,8,1,1,False
0,oracle,7,merge,9,1,1,False
0,oracle,7,merge,10,1,1,False
0,oracle,7,merge,11,1,1,False
0,oracle,8,intersection,0,1,1,False
0,oracle,8,intersection,1,1,1,False
0,oracle,8,intersection,2,1,1,False
0,oracle,8,intersection,3,1,1,False
0,oracle,8,intersection,4,1,1,False
0,oracle,8,intersection,5,1,1,False
0,oracle,8,intersection,6,1,1,False
0,oracle,8,intersection,7,1,1,False
0,oracle,8,intersection,8,1,1,False
0,oracle,8,intersection,9,1,1,False
0,oracle,8,intersection,10,0,1,False
0,oracle,8,intersection,11,1,0,False
0,oracle,9,merge,0,1,1,False
0,oracle,9,merge,1,1,0,False
0,oracle,9,merge,2,1,0,False
0,oracle,9,merge,3,1,1,False
0,oracle,9,merge,4,1,1,False
0,oracle,9,merge,5,1,1,False
0,oracle,9,merge,6,1,1,False
0,oracle,9,merge,7,1,1,False
0,oracle,9,merge,8,1,1,False
0,oracle,9,merge,9,0,1,False
0,oracle,9,merge,10,1,1,False
0,oracle,9,merge,11,1,1,False
0,oracle,10,intersection,0,1,1,False
0,oracle,10,intersection,1,0,1,False
0,oracle,10,intersection,2,1,1,False
0,oracle,10,intersection,3,1,1,False
0,oracle,10,intersection,4,0,1,False
0,oracle,10,intersection,5,1,1,False
0,oracle,10,intersection,6,1,1,False
0,oracle,10,intersection,7,1,1,False
0,oracle,10,intersection,8,1,1,False
0,oracle,10,intersection,9,1,1,False
0,oracle,10,intersection,10,1,1,False
0,oracle,10,intersection,11,1,0,False
0,oracle,11,merge,0,1,1,False
0,oracle,11,merge,1,1,1,False
0,oracle,11,merge,2,1,1,False
0,oracle,11,merge,3,0,1,False
0,oracle,11,merge,4,1,1,False
0,oracle,11,merge,5,1,1,False
0,oracle,11,merge,6,1,1,False
0,oracle,11,merge,7,1,1,False
0,oracle,11,merge,8,0,1,False
0,oracle,11,merge,9,1,1,False
0,oracle,11,merge,10,1,1,False
0,oracle,11,merge,11,1,1,False
0,oracle,12,intersection,0,1,1,False
0,oracle,12,intersection,1,1,1,False
0,oracle,12,intersection,2,1,1,False
0,oracle,12,intersection,3,1,1,False
0,oracle,12,intersection,4,1,1,False
0,oracle,12,intersection,5,1,1,False
0,oracle,12,intersection,6,1,1,False
0,oracle,12,intersection,7,1,1,False
0,oracle,12,intersection,8,1,1,False
0,oracle,12,intersection,9,-1,1,False
0,oracle,12,intersection,10,1,0,False
0,oracle,12,intersection,11,0,1,False
0,oracle,13,merge,0,0,1,False
0,oracle,13,merge,1,1,1,False
0,oracle,13,merge,2,1,1,False
0,oracle,13,merge,3,1,1,False
0,oracle,13,merge,4,1,1,False
0,oracle,13,merge,5,1,1,False
0,oracle,13,merge,6,1,1,False
0,oracle,13,merge,7,0,-1,False
0,oracle,13,merge,8,1,1,False
0,oracle,13,merge,9,1,1,False
0,oracle,13,merge,10,1,1,False
0,oracle,13,merge,11,1,-1,False
0,oracle,14,intersection,0,1,1,False
0,oracle,14,intersection,1,1,1,False
0,oracle,14,intersection,2,1,1,False
0,oracle,14,intersection,3,1,1,False
0,oracle,14,intersection,4,1,1,False
0,oracle,14,intersection,5,1,1,False
0,oracle,14,intersection,6,1,1,False
0,oracle,14,intersection,7,1,1,False
0,oracle,14,intersection,8,1,1,False
0,oracle,14,intersection,9,1,0,False
0,oracle,14,intersection,10,1,1,False
0,oracle,14,intersection,11,0,1,False
0,oracle,15,merge,0,-1,1,False
0,oracle,15,merge,1,1,1,False
0,oracle,15,merge,2,-1,1,False
0,oracle,15,merge,3,1,1,False
0,oracle,15,merge,4,1,1,False
0,oracle,15,merge,5,1,1,False
0,oracle,15,merge,6,1,1,False
0,oracle,15,merge,7,0,1,False
0,oracle,15,merge,8,1,1,False
0,oracle,15,merge,9,1,1,False
0,oracle,15,merge,10,1,1,False
0,oracle,15,merge,11,1,1,False
0,heuristic,0,intersection,0,1,-1,False
0,heuristic,0,intersection,1,1,-1,False
0,heuristic,0,intersection,2,1,-1,False
0,heuristic,0,intersection,3,-1,-1,False
0,heuristic,0,intersection,4,-1,-1,False
0,heuristic,0,intersection,5,-1,-1,False
0,heuristic,0,intersection,6,-1,-1,False
0,heuristic,0,intersection,7,-1,-1,False
0,heuristic,0,intersection,8,-1,-1,False
0,heuristic,0,intersection,9,-1,1,False
0,heuristic,0,intersection,10,-1,1,False
0,heuristic,0,intersection,11,-1,1,False
0,heuristic,1,merge,0,1,-1,False
0,heuristic,1,merge,1,1,-1,False
0,heuristic,1,merge,2,1,-1,False
0,heuristic,1,merge,3,-1,1,False
0,heuristic,1,merge,4,-1,1,False
0,heuristic,1,merge,5,-1,1,False
0,heuristic,1,merge,6,-1,1,False
0,heuristic,1,merge,7,-1,1,False
0,heuristic,1,merge,8,-1,1,False
0,heuristic,1,merge,9,1,-1,False
0,heuristic,1,merge,10,1,-1,False
0,heuristic,1,merge,11,1,-1,False
0,heuristic,2,intersection,0,1,-1,False
0,heuristic,2,intersection,1,1,-1,False
0,heuristic,2,intersection,2,1,-1,False
0,heuristic,2,intersection,3,-1,-1,False
0,heuristic,2,intersection,4,-1,-1,False
0,heuristic,2,intersection,5,-1,-1,False
0,heuristic,2,intersection,6,-1,-1,False
0,heuristic,2,intersection,7,-1,-1,False
0,heuristic,2,intersection,8,-1,-1,False
0,heuristic,2,intersection,9,-1,1,False
0,heuristic,2,intersection,10,-1,1,False
0,heuristic,2,intersection,11,-1,1,False
0,heuristic,3,merge,0,1,-1,False
0,heuristic,3,merge,1,1,-1,False
0,heuristic,3,merge,2,1,-1,False
0,heuristic,3,merge,3,-1,1,False
0,heuristic,3,merge,4,-1,1,False
0,heuristic,3,merge,5,-1,1,False
0,heuristic,3,merge,6,-1,1,False
0,heuristic,3,merge,7,-1,1,False
0,heuristic,3,merge,8,-1,1,False
0,heuristic,3,merge,9,1,-1,False
0,heuristic,3,merge,10,1,-1,False
0,heuristic,3,merge,11,1,-1,False
0,heuristic,4,intersection,0,1,-1,False
0,heuristic,4,intersection,1,1,-1,False
0,heuristic,4,intersection,2,1,-1,False
0,heuristic,4,intersection,3,-1,-1,False
0,heuristic,4,intersection,4,-1,-1,False
0,heuristic,4,intersection,5,-1,-1,False
0,heuristic,4,intersection,6,-1,-1,False
0,heuristic,4,intersection,7,-1,-1,False
0,heuristic,4,intersection,8,-1,-1,False
0,heuristic,4,intersection,9,-1,1,False
0,heuristic,4,intersection,10,-1,1,False
0,heuristic,4,intersection,11,-1,1,False
0,heuristic,5,merge,0,1,-1,False
0,heuristic,5,merge,1,1,-1,False
0,heuristic,5,merge,2,1,-1,False
0,heuristic,5,merge,3,-1,1,False
0,heuristic,5,merge,4,-1,1,False
0,heuristic,5,merge,5,-1,1,False
0,heuristic,5,merge,6,-1,1,False
0,heuristic,5,merge,7,-1,1,False
0,heuristic,5,merge,8,-1,1,False
0,heuristic,5,merge,9,1,-1,False
0,heuristic,5,merge,10,1,-1,False
0,heuristic,5,merge,11,1,-1,False
0,heuristic,6,intersection,0,1,-1,False
0,heuristic,6,intersection,1,1,-1,False
0,heuristic,6,intersection,2,1,-1,False
0,heuristic,6,intersection,3,-1,-1,False
0,heuristic,6,intersection,4,-1,-1,False
0,heuristic,6,intersection,5,-1,-1,False
0,heuristic,6,intersection,6,-1,-1,False
0,heuristic,6,intersection,7,-1,-1,False
0,heuristic,6,intersection,8,-1,-1,False
0,heuristic,6,intersection,9,-1,1,False
0,heuristic,6,intersection,10,-1,1,False
0,heuristic,6,intersection,11,-1,1,False
0,heuristic,7,merge,0,1,-1,False
0,heuristic,7,merge,1,1,-1,False
0,heuristic,7,merge,2,1,-1,False
0,heuristic,7,merge,3,-1,1,False
0,heuristic,7,merge,4,-1,1,False
0,heuristic,7,merge,5,-1,1,False
0,heuristic,7,merge,6,-1,1,False
0,heuristic,7,merge,7,-1,1,False
0,heuristic,7,merge,8,-1,1,False
0,heuristic,7,merge,9,1,-1,False
0,heuristic,7,merge,10,1,-1,False
0,heuristic,7,merge,11,1,-1,False
0,heuristic,8,intersection,0,1,-1,False
0,heuristic,8,intersection,1,1,-1,False
0,heuristic,8,intersection,2,1,-1,False
0,heuristic,8,intersection,3,-1,-1,False
0,heuristic,8,intersection,4,-1,-1,False
0,heuristic,8,intersection,5,-1,-1,False
0,heuristic,8,intersection,6,-1,-1,False
0,heuristic,8,intersection,7,-1,-1,False
0,heuristic,8,intersection,8,-1,-1,False
0,heuristic,8,intersection,9,-1,1,False
0,heuristic,8,intersection,10,-1,1,False
0,heuristic,8,intersection,11,-1,1,False
0,heuristic,9,merge,0,1,-1,False
0,heuristic,9,merge,1,1,-1,False
0,heuristic,9,merge,2,1,-1,False
0,heuristic,9,merge,3,-1,1,False
0,heuristic,9,merge,4,-1,1,False
0,heuristic,9,merge,5,-1,1,False
0,heuristic,9,merge,6,-1,1,False
0,heuristic,9,merge,7,-1,1,False
0,heuristic,9,merge,8,-1,1,False
0,heuristic,9,merge,9,1,-1,False
0,heuristic,9,merge,10,1,-1,False
0,heuristic,9,merge,11,1,-1,False
0,heuristic,10,intersection,0,1,-1,False
0,heuristic,10,intersection,1,1,-1,False
0,heuristic,10,intersection,2,1,-1,False
0,heuristic,10,intersection,3,-1,-1,False
0,heuristic,10,intersection,4,-1,-1,False
0,heuristic,10,intersection,5,-1,-1,False
0,heuristic,10,intersection,6,-1,-1,False
0,heuristic,10,intersection,7,-1,-1,False
0,heuristic,10,intersection,8,-1,-1,False
0,heuristic,10,intersection,9,-1,1,False
0,heuristic,10,intersection,10,-1,1,False
0,heuristic,10,intersection,11,-1,1,False
0,heuristic,11,merge,0,1,-1,False
0,heuristic,11,merge,1,1,-1,False
0,heuristic,11,merge,2,1,-1,False
0,heuristic,11,merge,3,-1,1,False
0,heuristic,11,merge,4,-1,1,False
0,heuristic,11,merge,5,-1,1,False
0,heuristic,11,merge,6,-1,1,False
0,heuristic,11,merge,7,-1,1,False
0,heuristic,11,merge,8,-1,1,False
0,heuristic,11,merge,9,1,-1,False
0,heuristic,11,merge,10,1,-1,False
0,heuristic,11,merge,11,1,-1,False
0,heuristic,12,intersection,0,1,-1,False
0,heuristic,12,intersection,1,1,-1,False
0,heuristic,12,intersection,2,1,-1,False
0,heuristic,12,intersection,3,-1,-1,False
0,heuristic,12,intersection,4,-1,-1,False
0,heuristic,12,intersection,5,-1,-1,False
0,heuristic,12,intersection,6,-1,-1,False
0,heuristic,12,intersection,7,-1,-1,False
0,heuristic,12,intersection,8,-1,-1,False
0,heuristic,12,intersection,9,-1,1,False
0,heuristic,12,intersection,10,-1,1,False
0,heuristic,12,intersection,11,-1,1,False
0,heuristic,13,merge,0,1,-1,False
0,heuristic,13,merge,1,1,-1,False
0,heuristic,13,merge,2,1,-1,False
0,heuristic,13,merge,3,-1,1,False
0,heuristic,13,merge,4,-1,1,False
0,heuristic,13,merge,5,-1,1,False
0,heuristic,13,merge,6,-1,1,False
0,heuristic,13,merge,7,-1,1,False
0,heuristic,13,merge,8,-1,1,False
0,heuristic,13,merge,9,1,-1,False
0,heuristic,13,merge,10,1,-1,False
0,heuristic,13,merge,11,1,-1,False
0,heuristic,14,intersection,0,1,-1,False
0,heuristic,14,intersection,1,1,-1,False
0,heuristic,14,intersection,2,1,-1,False
0,heuristic,14,intersection,3,-1,-1,False
0,heuristic,14,intersection,4,-1,-1,False
0,heuristic,14,intersection,5,-1,-1,False
0,heuristic,14,intersection,6,-1,-1,False
0,heuristic,14,intersection,7,-1,-1,False
0,heuristic,14,intersection,8,-1,-1,False
0,heuristic,14,intersection,9,-1,1,False
0,heuristic,14,intersection,10,-1,1,False
0,heuristic,14,intersection,11,-1,1,False
0,heuristic,15,merge,0,1,-1,False
0,heuristic,15,merge,1,1,-1,False
0,heuristic,15,merge,2,1,-1,False
0,heuristic,15,merge,3,-1,1,False
0,heuristic,15,merge,4,-1,1,False
0,heuristic,15,merge,5,-1,1,False
0,heuristic,15,merge,6,-1,1,False
0,heuristic,15,merge,7,-1,1,False
0,heuristic,15,merge,8,-1,1,False
0,heuristic,15,merge,9,1,-1,False
0,heuristic,15,merge,10,1,-1,False
0,heuristic,15,merge,11,1,-1,False
0,noop,0,intersection,0,0,0,False
0,noop,0,intersection,1,0,0,False
0,noop,0,intersection,2,0,0,False
0,noop,0,intersection,3,0,0,False
0,noop,0,intersection,4,0,0,False
0,noop,0,intersection,5,0,0,False
0,noop,0,intersection,6,0,0,False
0,noop,0,intersection,7,0,0,False
0,noop,0,intersection,8,0,0,False
0,noop,0,intersection,9,0,0,False
0,noop,0,intersection,10,0,0,False
0,noop,0,intersection,11,0,0,False
0,noop,1,merge,0,0,0,False
0,noop,1,merge,1,0,0,False
0,noop,1,merge,2,0,0,False
0,noop,1,merge,3,0,0,False
0,noop,1,merge,4,0,0,False
0,noop,1,merge,5,0,0,False
0,noop,1,merge,6,0,0,False
0,noop,1,merge,7,0,0,False
0,noop,1,merge,8,0,0,False
0,noop,1,merge,9,0,0,False
0,noop,1,merge,10,0,0,False
0,noop,1,merge,11,0,0,False
0,noop,2,intersection,0,0,0,False
0,noop,2,intersection,1,0,0,False
0,noop,2,intersection,2,0,0,False
0,noop,2,intersection,3,0,0,False
0,noop,2,intersection,4,0,0,False
0,noop,2,intersection,5,0,0,False
0,noop,2,intersection,6,0,0,False
0,noop,2,intersection,7,0,0,False
0,noop,2,intersection,8,0,0,False
0,noop,2,intersection,9,0,0,False
0,noop,2,intersection,10,0,0,False
0,noop,2,intersection,11,0,0,False
0,noop,3,merge,0,0,0,False
0,noop,3,merge,1,0,0,False
0,noop,3,merge,2,0,0,False
0,noop,3,merge,3,0,0,False
0,noop,3,merge,4,0,0,False
0,noop,3,merge,5,0,0,False
0,noop,3,merge,6,0,0,False
0,noop,3,merge,7,0,0,False
0,noop,3,merge,8,0,0,False
0,noop,3,merge,9,0,0,False
0,noop,3,merge,10,0,0,False
0,noop,3,merge,11,0,0,False
0,noop,4,intersection,0,0,0,False
0,noop,4,intersection,1,0,0,False
0,noop,4,intersection,2,0,0,False
0,noop,4,intersection,3,0,0,False
0,noop,4,intersection,4,0,0,False
0,noop,4,intersection,5,0,0,False
0,noop,4,intersection,6,0,0,False
0,noop,4,intersection,7,0,0,False
0,noop,4,intersection,8,0,0,False
0,noop,4,intersection,9,0,0,False
0,noop,4,intersection,10,0,0,False
0,noop,4,intersection,11,0,0,False
0,noop,5,merge,0,0,0,False
0,noop,5,merge,1,0,0,False
0,noop,5,merge,2,0,0,False
0,noop,5,merge,3,0,0,False
0,noop,5,merge,4,0,0,False
0,noop,5,merge,5,0,0,False
0,noop,5,merge,6,0,0,False
0,noop,5,merge,7,0,0,False
0,noop,5,merge,8,0,0,False
0,noop,5,merge,9,0,0,False
0,noop,5,merge,10,0,0,False
0,noop,5,merge,11,0,0,False
0,noop,6,intersection,0,0,0,False
0,noop,6,intersection,1,0,0,False
0,noop,6,intersection,2,0,0,False
0,noop,6,intersection,3,0,0,False
0,noop,6,intersection,4,0,0,False
0,noop,6,intersection,5,0,0,False
0,noop,6,intersection,6,0,0,False
0,noop,6,intersection,7,0,0,False
0,noop,6,intersection,8,0,0,False
0,noop,6,intersection,9,0,0,False
0,noop,6,intersection,10,0,0,False
0,noop,6,intersection,11,0,0,False
0,noop,7,merge,0,0,0,False
0,noop,7,merge,1,0,0,False
0,noop,7,merge,2,0,0,False
0,noop,7,merge,3,0,0,False
0,noop,7,merge,4,0,0,False
0,noop,7,merge,5,0,0,False
0,noop,7,merge,6,0,0,False
0,noop,7,merge,7,0,0,False
0,noop,7,merge,8,0,0,False
0,noop,7,merge,9,0,0,False
0,noop,7,merge,10,0,0,False
0,noop,7,merge,11,0,0,False
0,noop,8,intersection,0,0,0,False
0,noop,8,intersection,1,0,0,False
0,noop,8,intersection,2,0,0,False
0,noop,8,intersection,3,0,0,False
0,noop,8,intersection,4,0,0,False
0,noop,8,intersection,5,0,0,False
0,noop,8,intersection,6,0,0,False
0,noop,8,intersection,7,0,0,False
0,noop,8,intersection,8,0,0,False
0,noop,8,intersection,9,0,0,False
0,noop,8,intersection,10,0,0,False
0,noop,8,intersection,11,0,0,False
0,noop,9,merge,0,0,0,False
0,noop,9,merge,1,0,0,False
0,noop,9,merge,2,0,0,False
0,noop,9,merge,3,0,0,False
0,noop,9,merge,4,0,0,False
0,noop,9,merge,5,0,0,False
0,noop,9,merge,6,0,0,False
0,noop,9,merge,7,0,0,False
0,noop,9,merge,8,0,0,False
0,noop,9,merge,9,0,0,False
0,noop,9,merge,10,0,0,False
0,noop,9,merge,11,0,0,False
0,noop,10,intersection,0,0,0,False
0,noop,10,intersection,1,0,0,False
0,noop,10,intersection,2,0,0,False
0,noop,10,intersection,3,0,0,False
0,noop,10,intersection,4,0,0,False
0,noop,10,intersection,5,0,0,False
0,noop,10,intersection,6,0,0,False
0,noop,10,intersection,7,0,0,False
0,noop,10,intersection,8,0,0,False
0,noop,10,intersection,9,0,0,False
0,noop,10,intersection,10,0,0,False
0,noop,10,intersection,11,0,0,False
0,noop,11,merge,0,0,0,False
0,noop,11,merge,1,0,0,False
0,noop,11,merge,2,0,0,False
0,noop,11,merge,3,0,0,False
0,noop,11,merge,4,0,0,False
0,noop,11,merge,5,0,0,False
0,noop,11,merge,6,0,0,False
0,noop,11,merge,7,0,0,False
0,noop,11,merge,8,0,0,False
0,noop,11,merge,9,0,0,False
0,noop,11,merge,10,0,0,False
0,noop,11,merge,11,0,0,False
0,noop,12,intersection,0,0,0,False
0,noop,12,intersection,1,0,0,False
0,noop,12,intersection,2,0,0,False
0,noop,12,intersection,3,0,0,False
0,noop,12,intersection,4,0,0,False
0,noop,12,intersection,5,0,0,False
0,noop,12,intersection,6,0,0,False
0,noop,12,intersection,7,0,0,False
0,noop,12,intersection,8,0,0,False
0,noop,12,intersection,9,0,0,False
0,noop,12,intersection,10,0,0,False
0,noop,12,intersection,11,0,0,False
0,noop,13,merge,0,0,0,False
0,noop,13,merge,1,0,0,False
0,noop,13,merge,2,0,0,False
0,noop,13,merge,3,0,0,False
0,noop,13,merge,4,0,0,False
0,noop,13,merge,5,0,0,False
0,noop,13,merge,6,0,0,False
0,noop,13,merge,7,0,0,False
0,noop,13,merge,8,0,0,False
0,noop,13,merge,9,0,0,False
0,noop,13,merge,10,0,0,False
0,noop,13,merge,11,0,0,False
0,noop,14,intersection,0,0,0,False
0,noop,14,intersection,1,0,0,False
0,noop,14,intersection,2,0,0,False
0,noop,14,intersection,3,0,0,False
0,noop,14,intersection,4,0,0,False
0,noop,14,intersection,5,0,0,False
0,noop,14,intersection,6,0,0,False
0,noop,14,intersection,7,0,0,False
0,noop,14,intersection,8,0,0,False
0,noop,14,intersection,9,0,0,False
0,noop,14,intersection,10,0,0,False
0,noop,14,intersection,11,0,0,False
0,noop,15,merge,0,0,0,False
0,noop,15,merge,1,0,0,False
0,noop,15,merge,2,0,0,False
0,noop,15,merge,3,0,0,False
0,noop,15,merge,4,0,0,False
0,noop,15,merge,5,0,0,False
0,noop,15,merge,6,0,0,False
0,noop,15,merge,7,0,0,False
0,noop,15,merge,8,0,0,False
0,noop,15,merge,9,0,0,False
0,noop,15,merge,10,0,0,False
0,noop,15,merge,11,0,0,False
101,A_original,0,intersection,0,1,1,False
101,A_original,0,intersection,1,1,1,False
101,A_original,0,intersection,2,1,1,False
101,A_original,0,intersection,3,1,1,False
101,A_original,0,intersection,4,1,1,False
101,A_original,0,intersection,5,1,1,False
101,A_original,0,intersection,6,1,1,False
101,A_original,0,intersection,7,1,1,False
101,A_original,0,intersection,8,1,1,False
101,A_original,0,intersection,9,1,1,False
101,A_original,0,intersection,10,1,1,False
101,A_original,0,intersection,11,1,1,False
101,A_original,1,merge,0,1,1,False
101,A_original,1,merge,1,1,1,False
101,A_original,1,merge,2,1,1,False
101,A_original,1,merge,3,1,1,False
101,A_original,1,merge,4,1,1,False
101,A_original,1,merge,5,1,1,False
101,A_original,1,merge,6,1,1,False
101,A_original,1,merge,7,1,1,False
101,A_original,1,merge,8,1,1,False
101,A_original,1,merge,9,1,1,False
101,A_original,1,merge,10,1,1,False
101,A_original,1,merge,11,1,1,False
101,A_original,2,intersection,0,1,1,False
101,A_original,2,intersection,1,1,1,False
101,A_original,2,intersection,2,1,1,False
101,A_original,2,intersection,3,1,1,False
101,A_original,2,intersection,4,1,1,False
101,A_original,2,intersection,5,1,1,False
101,A_original,2,intersection,6,1,1,False
101,A_original,2,intersection,7,1,1,False
101,A_original,2,intersection,8,1,1,False
101,A_original,2,intersection,9,1,1,False
101,A_original,2,intersection,10,1,1,False
101,A_original,2,intersection,11,1,1,False
101,A_original,3,merge,0,1,1,False
101,A_original,3,merge,1,1,1,False
101,A_original,3,merge,2,1,1,False
101,A_original,3,merge,3,1,1,False
101,A_original,3,merge,4,1,1,False
101,A_original,3,merge,5,1,1,False
101,A_original,3,merge,6,1,1,False
101,A_original,3,merge,7,1,1,False
101,A_original,3,merge,8,1,1,False
101,A_original,3,merge,9,1,1,False
101,A_original,3,merge,10,1,1,False
101,A_original,3,merge,11,1,1,False
101,A_original,4,intersection,0,1,1,False
101,A_original,4,intersection,1,1,1,False
101,A_original,4,intersection,2,1,1,False
101,A_original,4,intersection,3,1,1,False
101,A_original,4,intersection,4,1,1,False
101,A_original,4,intersection,5,1,1,False
101,A_original,4,intersection,6,1,1,False
101,A_original,4,intersection,7,1,1,False
101,A_original,4,intersection,8,1,1,False
101,A_original,4,intersection,9,1,1,False
101,A_original,4,intersection,10,1,1,False
101,A_original,4,intersection,11,1,1,False
101,A_original,5,merge,0,1,1,False
101,A_original,5,merge,1,1,1,False
101,A_original,5,merge,2,1,1,False
101,A_original,5,merge,3,1,1,False
101,A_original,5,merge,4,1,1,False
101,A_original,5,merge,5,1,1,False
101,A_original,5,merge,6,1,1,False
101,A_original,5,merge,7,1,1,False
101,A_original,5,merge,8,1,1,False
101,A_original,5,merge,9,1,1,False
101,A_original,5,merge,10,1,1,False
101,A_original,5,merge,11,1,1,False
101,A_original,6,intersection,0,1,1,False
101,A_original,6,intersection,1,1,1,False
101,A_original,6,intersection,2,1,1,False
101,A_original,6,intersection,3,1,1,False
101,A_original,6,intersection,4,1,1,False
101,A_original,6,intersection,5,1,1,False
101,A_original,6,intersection,6,1,1,False
101,A_original,6,intersection,7,1,1,False
101,A_original,6,intersection,8,1,1,False
101,A_original,6,intersection,9,1,1,False
101,A_original,6,intersection,10,1,1,False
101,A_original,6,intersection,11,1,1,False
101,A_original,7,merge,0,1,1,False
101,A_original,7,merge,1,1,1,False
101,A_original,7,merge,2,1,1,False
101,A_original,7,merge,3,1,1,False
101,A_original,7,merge,4,1,1,False
101,A_original,7,merge,5,1,1,False
101,A_original,7,merge,6,1,1,False
101,A_original,7,merge,7,1,1,False
101,A_original,7,merge,8,1,1,False
101,A_original,7,merge,9,1,1,False
101,A_original,7,merge,10,1,1,False
101,A_original,7,merge,11,1,1,False
101,A_original,8,intersection,0,1,1,False
101,A_original,8,intersection,1,1,1,False
101,A_original,8,intersection,2,1,1,False
101,A_original,8,intersection,3,1,1,False
101,A_original,8,intersection,4,1,1,False
101,A_original,8,intersection,5,1,1,False
101,A_original,8,intersection,6,1,1,False
101,A_original,8,intersection,7,1,1,False
101,A_original,8,intersection,8,1,1,False
101,A_original,8,intersection,9,1,1,False
101,A_original,8,intersection,10,1,1,False
101,A_original,8,intersection,11,1,1,False
101,A_original,9,merge,0,1,1,False
101,A_original,9,merge,1,1,1,False
101,A_original,9,merge,2,1,1,False
101,A_original,9,merge,3,1,1,False
101,A_original,9,merge,4,1,1,False
101,A_original,9,merge,5,1,1,False
101,A_original,9,merge,6,1,1,False
101,A_original,9,merge,7,1,1,False
101,A_original,9,merge,8,1,1,False
101,A_original,9,merge,9,1,1,False
101,A_original,9,merge,10,1,1,False
101,A_original,9,merge,11,1,1,False
101,A_original,10,intersection,0,1,1,False
101,A_original,10,intersection,1,1,1,False
101,A_original,10,intersection,2,1,1,False
101,A_original,10,intersection,3,1,1,False
101,A_original,10,intersection,4,1,1,False
101,A_original,10,intersection,5,1,1,False
101,A_original,10,intersection,6,1,1,False
101,A_original,10,intersection,7,1,1,False
101,A_original,10,intersection,8,1,1,False
101,A_original,10,intersection,9,1,1,False
101,A_original,10,intersection,10,1,1,False
101,A_original,10,intersection,11,1,1,False
101,A_original,11,merge,0,1,1,False
101,A_original,11,merge,1,1,1,False
101,A_original,11,merge,2,1,1,False
101,A_original,11,merge,3,1,1,False
101,A_original,11,merge,4,1,1,False
101,A_original,11,merge,5,1,1,False
101,A_original,11,merge,6,1,1,False
101,A_original,11,merge,7,1,1,False
101,A_original,11,merge,8,1,1,False
101,A_original,11,merge,9,1,1,False
101,A_original,11,merge,10,1,1,False
101,A_original,11,merge,11,1,1,False
101,A_original,12,intersection,0,1,1,False
101,A_original,12,intersection,1,1,1,False
101,A_original,12,intersection,2,1,1,False
101,A_original,12,intersection,3,1,1,False
101,A_original,12,intersection,4,1,1,False
101,A_original,12,intersection,5,1,1,False
101,A_original,12,intersection,6,1,1,False
101,A_original,12,intersection,7,1,1,False
101,A_original,12,intersection,8,1,1,False
101,A_original,12,intersection,9,1,1,False
101,A_original,12,intersection,10,1,1,False
101,A_original,12,intersection,11,1,1,False
101,A_original,13,merge,0,1,1,False
101,A_original,13,merge,1,1,1,False
101,A_original,13,merge,2,1,1,False
101,A_original,13,merge,3,1,1,False
101,A_original,13,merge,4,1,1,False
101,A_original,13,merge,5,1,1,False
101,A_original,13,merge,6,1,1,False
101,A_original,13,merge,7,1,1,False
101,A_original,13,merge,8,1,1,False
101,A_original,13,merge,9,1,1,False
101,A_original,13,merge,10,1,1,False
101,A_original,13,merge,11,1,1,False
101,A_original,14,intersection,0,1,1,False
101,A_original,14,intersection,1,1,1,False
101,A_original,14,intersection,2,1,1,False
101,A_original,14,intersection,3,1,1,False
101,A_original,14,intersection,4,1,1,False
101,A_original,14,intersection,5,1,1,False
101,A_original,14,intersection,6,1,1,False
101,A_original,14,intersection,7,1,1,False
101,A_original,14,intersection,8,1,1,False
101,A_original,14,intersection,9,1,1,False
101,A_original,14,intersection,10,1,1,False
101,A_original,14,intersection,11,1,1,False
101,A_original,15,merge,0,1,1,False
101,A_original,15,merge,1,1,1,False
101,A_original,15,merge,2,1,1,False
101,A_original,15,merge,3,1,1,False
101,A_original,15,merge,4,1,1,False
101,A_original,15,merge,5,1,1,False
101,A_original,15,merge,6,1,1,False
101,A_original,15,merge,7,1,1,False
101,A_original,15,merge,8,1,1,False
101,A_original,15,merge,9,1,1,False
101,A_original,15,merge,10,1,1,False
101,A_original,15,merge,11,1,1,False
101,B_factorial,0,intersection,0,1,1,False
101,B_factorial,0,intersection,1,1,1,False
101,B_factorial,0,intersection,2,1,1,False
101,B_factorial,0,intersection,3,1,1,False
101,B_factorial,0,intersection,4,1,1,False
101,B_factorial,0,intersection,5,1,1,False
101,B_factorial,0,intersection,6,1,1,False
101,B_factorial,0,intersection,7,1,1,False
101,B_factorial,0,intersection,8,1,1,False
101,B_factorial,0,intersection,9,1,1,False
101,B_factorial,0,intersection,10,1,1,False
101,B_factorial,0,intersection,11,1,1,False
101,B_factorial,1,merge,0,1,1,False
101,B_factorial,1,merge,1,1,1,False
101,B_factorial,1,merge,2,1,1,False
101,B_factorial,1,merge,3,1,1,False
101,B_factorial,1,merge,4,1,1,False
101,B_factorial,1,merge,5,1,1,False
101,B_factorial,1,merge,6,1,1,False
101,B_factorial,1,merge,7,1,1,False
101,B_factorial,1,merge,8,1,1,False
101,B_factorial,1,merge,9,1,1,False
101,B_factorial,1,merge,10,1,1,False
101,B_factorial,1,merge,11,1,1,False
101,B_factorial,2,intersection,0,1,1,False
101,B_factorial,2,intersection,1,1,1,False
101,B_factorial,2,intersection,2,1,1,False
101,B_factorial,2,intersection,3,1,1,False
101,B_factorial,2,intersection,4,1,1,False
101,B_factorial,2,intersection,5,1,1,False
101,B_factorial,2,intersection,6,1,1,False
101,B_factorial,2,intersection,7,1,1,False
101,B_factorial,2,intersection,8,1,1,False
101,B_factorial,2,intersection,9,1,1,False
101,B_factorial,2,intersection,10,1,1,False
101,B_factorial,2,intersection,11,1,1,False
101,B_factorial,3,merge,0,1,1,False
101,B_factorial,3,merge,1,1,1,False
101,B_factorial,3,merge,2,1,1,False
101,B_factorial,3,merge,3,1,1,False
101,B_factorial,3,merge,4,1,1,False
101,B_factorial,3,merge,5,1,1,False
101,B_factorial,3,merge,6,1,1,False
101,B_factorial,3,merge,7,1,1,False
101,B_factorial,3,merge,8,1,1,False
101,B_factorial,3,merge,9,1,1,False
101,B_factorial,3,merge,10,1,1,False
101,B_factorial,3,merge,11,1,1,False
101,B_factorial,4,intersection,0,1,1,False
101,B_factorial,4,intersection,1,1,1,False
101,B_factorial,4,intersection,2,1,1,False
101,B_factorial,4,intersection,3,1,1,False
101,B_factorial,4,intersection,4,1,1,False
101,B_factorial,4,intersection,5,1,1,False
101,B_factorial,4,intersection,6,1,1,False
101,B_factorial,4,intersection,7,1,1,False
101,B_factorial,4,intersection,8,1,1,False
101,B_factorial,4,intersection,9,1,1,False
101,B_factorial,4,intersection,10,1,1,False
101,B_factorial,4,intersection,11,1,1,False
101,B_factorial,5,merge,0,1,1,False
101,B_factorial,5,merge,1,1,1,False
101,B_factorial,5,merge,2,1,1,False
101,B_factorial,5,merge,3,1,1,False
101,B_factorial,5,merge,4,1,1,False
101,B_factorial,5,merge,5,1,1,False
101,B_factorial,5,merge,6,1,1,False
101,B_factorial,5,merge,7,1,1,False
101,B_factorial,5,merge,8,1,1,False
101,B_factorial,5,merge,9,1,1,False
101,B_factorial,5,merge,10,1,1,False
101,B_factorial,5,merge,11,1,1,False
101,B_factorial,6,intersection,0,1,1,False
101,B_factorial,6,intersection,1,1,1,False
101,B_factorial,6,intersection,2,1,1,False
101,B_factorial,6,intersection,3,1,1,False
101,B_factorial,6,intersection,4,1,1,False
101,B_factorial,6,intersection,5,1,1,False
101,B_factorial,6,intersection,6,1,1,False
101,B_factorial,6,intersection,7,1,1,False
101,B_factorial,6,intersection,8,1,1,False
101,B_factorial,6,intersection,9,1,1,False
101,B_factorial,6,intersection,10,1,1,False
101,B_factorial,6,intersection,11,1,1,False
101,B_factorial,7,merge,0,1,1,False
101,B_factorial,7,merge,1,1,1,False
101,B_factorial,7,merge,2,1,1,False
101,B_factorial,7,merge,3,1,1,False
101,B_factorial,7,merge,4,1,1,False
101,B_factorial,7,merge,5,1,1,False
101,B_factorial,7,merge,6,1,1,False
101,B_factorial,7,merge,7,1,1,False
101,B_factorial,7,merge,8,1,1,False
101,B_factorial,7,merge,9,1,1,False
101,B_factorial,7,merge,10,1,1,False
101,B_factorial,7,merge,11,1,1,False
101,B_factorial,8,intersection,0,1,1,False
101,B_factorial,8,intersection,1,1,1,False
101,B_factorial,8,intersection,2,1,1,False
101,B_factorial,8,intersection,3,1,1,False
101,B_factorial,8,intersection,4,1,1,False
101,B_factorial,8,intersection,5,1,1,False
101,B_factorial,8,intersection,6,1,1,False
101,B_factorial,8,intersection,7,1,1,False
101,B_factorial,8,intersection,8,1,1,False
101,B_factorial,8,intersection,9,1,1,False
101,B_factorial,8,intersection,10,1,1,False
101,B_factorial,8,intersection,11,1,1,False
101,B_factorial,9,merge,0,1,1,False
101,B_factorial,9,merge,1,1,1,False
101,B_factorial,9,merge,2,1,1,False
101,B_factorial,9,merge,3,1,1,False
101,B_factorial,9,merge,4,1,1,False
101,B_factorial,9,merge,5,1,1,False
101,B_factorial,9,merge,6,1,1,False
101,B_factorial,9,merge,7,1,1,False
101,B_factorial,9,merge,8,1,1,False
101,B_factorial,9,merge,9,1,1,False
101,B_factorial,9,merge,10,1,1,False
101,B_factorial,9,merge,11,1,1,False
101,B_factorial,10,intersection,0,1,1,False
101,B_factorial,10,intersection,1,1,1,False
101,B_factorial,10,intersection,2,1,1,False
101,B_factorial,10,intersection,3,1,1,False
101,B_factorial,10,intersection,4,1,1,False
101,B_factorial,10,intersection,5,1,1,False
101,B_factorial,10,intersection,6,1,1,False
101,B_factorial,10,intersection,7,1,1,False
101,B_factorial,10,intersection,8,1,1,False
101,B_factorial,10,intersection,9,1,1,False
101,B_factorial,10,intersection,10,1,1,False
101,B_factorial,10,intersection,11,1,1,False
101,B_factorial,11,merge,0,1,1,False
101,B_factorial,11,merge,1,1,1,False
101,B_factorial,11,merge,2,1,1,False
101,B_factorial,11,merge,3,1,1,False
101,B_factorial,11,merge,4,1,1,False
101,B_factorial,11,merge,5,1,1,False
101,B_factorial,11,merge,6,1,1,False
101,B_factorial,11,merge,7,1,1,False
101,B_factorial,11,merge,8,1,1,False
101,B_factorial,11,merge,9,1,1,False
101,B_factorial,11,merge,10,1,1,False
101,B_factorial,11,merge,11,1,1,False
101,B_factorial,12,intersection,0,1,1,False
101,B_factorial,12,intersection,1,1,1,False
101,B_factorial,12,intersection,2,1,1,False
101,B_factorial,12,intersection,3,1,1,False
101,B_factorial,12,intersection,4,1,1,False
101,B_factorial,12,intersection,5,1,1,False
101,B_factorial,12,intersection,6,1,1,False
101,B_factorial,12,intersection,7,1,1,False
101,B_factorial,12,intersection,8,1,1,False
101,B_factorial,12,intersection,9,1,1,False
101,B_factorial,12,intersection,10,1,1,False
101,B_factorial,12,intersection,11,1,1,False
101,B_factorial,13,merge,0,1,1,False
101,B_factorial,13,merge,1,1,1,False
101,B_factorial,13,merge,2,1,1,False
101,B_factorial,13,merge,3,1,1,False
101,B_factorial,13,merge,4,1,1,False
101,B_factorial,13,merge,5,1,1,False
101,B_factorial,13,merge,6,1,1,False
101,B_factorial,13,merge,7,1,1,False
101,B_factorial,13,merge,8,1,1,False
101,B_factorial,13,merge,9,1,1,False
101,B_factorial,13,merge,10,1,1,False
101,B_factorial,13,merge,11,1,1,False
101,B_factorial,14,intersection,0,1,1,False
101,B_factorial,14,intersection,1,1,1,False
101,B_factorial,14,intersection,2,1,1,False
101,B_factorial,14,intersection,3,1,1,False
101,B_factorial,14,intersection,4,1,1,False
101,B_factorial,14,intersection,5,1,1,False
101,B_factorial,14,intersection,6,1,1,False
101,B_factorial,14,intersection,7,1,1,False
101,B_factorial,14,intersection,8,1,1,False
101,B_factorial,14,intersection,9,1,1,False
101,B_factorial,14,intersection,10,1,1,False
101,B_factorial,14,intersection,11,1,1,False
101,B_factorial,15,merge,0,1,1,False
101,B_factorial,15,merge,1,1,1,False
101,B_factorial,15,merge,2,1,1,False
101,B_factorial,15,merge,3,1,1,False
101,B_factorial,15,merge,4,1,1,False
101,B_factorial,15,merge,5,1,1,False
101,B_factorial,15,merge,6,1,1,False
101,B_factorial,15,merge,7,1,1,False
101,B_factorial,15,merge,8,1,1,False
101,B_factorial,15,merge,9,1,1,False
101,B_factorial,15,merge,10,1,1,False
101,B_factorial,15,merge,11,1,1,False
101,C_difference,0,intersection,0,1,1,False
101,C_difference,0,intersection,1,1,1,False
101,C_difference,0,intersection,2,1,1,False
101,C_difference,0,intersection,3,1,1,False
101,C_difference,0,intersection,4,1,1,False
101,C_difference,0,intersection,5,1,1,False
101,C_difference,0,intersection,6,1,1,False
101,C_difference,0,intersection,7,1,1,False
101,C_difference,0,intersection,8,1,1,False
101,C_difference,0,intersection,9,1,1,False
101,C_difference,0,intersection,10,1,1,False
101,C_difference,0,intersection,11,1,1,False
101,C_difference,1,merge,0,1,1,False
101,C_difference,1,merge,1,1,1,False
101,C_difference,1,merge,2,1,1,False
101,C_difference,1,merge,3,1,1,False
101,C_difference,1,merge,4,1,1,False
101,C_difference,1,merge,5,1,1,False
101,C_difference,1,merge,6,1,1,False
101,C_difference,1,merge,7,1,1,False
101,C_difference,1,merge,8,1,1,False
101,C_difference,1,merge,9,1,1,False
101,C_difference,1,merge,10,1,1,False
101,C_difference,1,merge,11,1,1,False
101,C_difference,2,intersection,0,1,1,False
101,C_difference,2,intersection,1,1,1,False
101,C_difference,2,intersection,2,1,1,False
101,C_difference,2,intersection,3,1,1,False
101,C_difference,2,intersection,4,1,1,False
101,C_difference,2,intersection,5,1,1,False
101,C_difference,2,intersection,6,1,1,False
101,C_difference,2,intersection,7,1,1,False
101,C_difference,2,intersection,8,1,1,False
101,C_difference,2,intersection,9,1,1,False
101,C_difference,2,intersection,10,1,1,False
101,C_difference,2,intersection,11,1,1,False
101,C_difference,3,merge,0,1,1,False
101,C_difference,3,merge,1,1,1,False
101,C_difference,3,merge,2,1,1,False
101,C_difference,3,merge,3,1,1,False
101,C_difference,3,merge,4,1,1,False
101,C_difference,3,merge,5,1,1,False
101,C_difference,3,merge,6,1,1,False
101,C_difference,3,merge,7,1,1,False
101,C_difference,3,merge,8,1,1,False
101,C_difference,3,merge,9,1,1,False
101,C_difference,3,merge,10,1,1,False
101,C_difference,3,merge,11,1,1,False
101,C_difference,4,intersection,0,1,1,False
101,C_difference,4,intersection,1,1,1,False
101,C_difference,4,intersection,2,1,1,False
101,C_difference,4,intersection,3,1,1,False
101,C_difference,4,intersection,4,1,1,False
101,C_difference,4,intersection,5,1,1,False
101,C_difference,4,intersection,6,1,1,False
101,C_difference,4,intersection,7,1,1,False
101,C_difference,4,intersection,8,1,1,False
101,C_difference,4,intersection,9,1,1,False
101,C_difference,4,intersection,10,1,1,False
101,C_difference,4,intersection,11,1,1,False
101,C_difference,5,merge,0,1,1,False
101,C_difference,5,merge,1,1,1,False
101,C_difference,5,merge,2,1,1,False
101,C_difference,5,merge,3,1,1,False
101,C_difference,5,merge,4,1,1,False
101,C_difference,5,merge,5,1,1,False
101,C_difference,5,merge,6,1,1,False
101,C_difference,5,merge,7,1,1,False
101,C_difference,5,merge,8,1,1,False
101,C_difference,5,merge,9,1,1,False
101,C_difference,5,merge,10,1,1,False
101,C_difference,5,merge,11,1,1,False
101,C_difference,6,intersection,0,1,1,False
101,C_difference,6,intersection,1,1,1,False
101,C_difference,6,intersection,2,1,1,False
101,C_difference,6,intersection,3,1,1,False
101,C_difference,6,intersection,4,1,1,False
101,C_difference,6,intersection,5,1,1,False
101,C_difference,6,intersection,6,1,1,False
101,C_difference,6,intersection,7,1,1,False
101,C_difference,6,intersection,8,1,1,False
101,C_difference,6,intersection,9,1,1,False
101,C_difference,6,intersection,10,1,1,False
101,C_difference,6,intersection,11,1,1,False
101,C_difference,7,merge,0,1,1,False
101,C_difference,7,merge,1,1,1,False
101,C_difference,7,merge,2,1,1,False
101,C_difference,7,merge,3,1,1,False
101,C_difference,7,merge,4,1,1,False
101,C_difference,7,merge,5,1,1,False
101,C_difference,7,merge,6,1,1,False
101,C_difference,7,merge,7,1,1,False
101,C_difference,7,merge,8,1,1,False
101,C_difference,7,merge,9,1,1,False
101,C_difference,7,merge,10,1,1,False
101,C_difference,7,merge,11,1,1,False
101,C_difference,8,intersection,0,1,1,False
101,C_difference,8,intersection,1,1,1,False
101,C_difference,8,intersection,2,1,1,False
101,C_difference,8,intersection,3,1,1,False
101,C_difference,8,intersection,4,1,1,False
101,C_difference,8,intersection,5,1,1,False
101,C_difference,8,intersection,6,1,1,False
101,C_difference,8,intersection,7,1,1,False
101,C_difference,8,intersection,8,1,1,False
101,C_difference,8,intersection,9,1,1,False
101,C_difference,8,intersection,10,1,1,False
101,C_difference,8,intersection,11,1,1,False
101,C_difference,9,merge,0,1,1,False
101,C_difference,9,merge,1,1,1,False
101,C_difference,9,merge,2,1,1,False
101,C_difference,9,merge,3,1,1,False
101,C_difference,9,merge,4,1,1,False
101,C_difference,9,merge,5,1,1,False
101,C_difference,9,merge,6,1,1,False
101,C_difference,9,merge,7,1,1,False
101,C_difference,9,merge,8,1,1,False
101,C_difference,9,merge,9,1,1,False
101,C_difference,9,merge,10,1,1,False
101,C_difference,9,merge,11,1,1,False
101,C_difference,10,intersection,0,1,1,False
101,C_difference,10,intersection,1,1,1,False
101,C_difference,10,intersection,2,1,1,False
101,C_difference,10,intersection,3,1,1,False
101,C_difference,10,intersection,4,1,1,False
101,C_difference,10,intersection,5,1,1,False
101,C_difference,10,intersection,6,1,1,False
101,C_difference,10,intersection,7,1,1,False
101,C_difference,10,intersection,8,1,1,False
101,C_difference,10,intersection,9,1,1,False
101,C_difference,10,intersection,10,1,1,False
101,C_difference,10,intersection,11,1,1,False
101,C_difference,11,merge,0,1,1,False
101,C_difference,11,merge,1,1,1,False
101,C_difference,11,merge,2,1,1,False
101,C_difference,11,merge,3,1,1,False
101,C_difference,11,merge,4,1,1,False
101,C_difference,11,merge,5,1,1,False
101,C_difference,11,merge,6,1,1,False
101,C_difference,11,merge,7,1,1,False
101,C_difference,11,merge,8,1,1,False
101,C_difference,11,merge,9,1,1,False
101,C_difference,11,merge,10,1,1,False
101,C_difference,11,merge,11,1,1,False
101,C_difference,12,intersection,0,1,1,False
101,C_difference,12,intersection,1,1,1,False
101,C_difference,12,intersection,2,1,1,False
101,C_difference,12,intersection,3,1,1,False
101,C_difference,12,intersection,4,1,1,False
101,C_difference,12,intersection,5,1,1,False
101,C_difference,12,intersection,6,1,1,False
101,C_difference,12,intersection,7,1,1,False
101,C_difference,12,intersection,8,1,1,False
101,C_difference,12,intersection,9,1,1,False
101,C_difference,12,intersection,10,1,1,False
101,C_difference,12,intersection,11,1,1,False
101,C_difference,13,merge,0,1,1,False
101,C_difference,13,merge,1,1,1,False
101,C_difference,13,merge,2,1,1,False
101,C_difference,13,merge,3,1,1,False
101,C_difference,13,merge,4,1,1,False
101,C_difference,13,merge,5,1,1,False
101,C_difference,13,merge,6,1,1,False
101,C_difference,13,merge,7,1,1,False
101,C_difference,13,merge,8,1,1,False
101,C_difference,13,merge,9,1,1,False
101,C_difference,13,merge,10,1,1,False
101,C_difference,13,merge,11,1,1,False
101,C_difference,14,intersection,0,1,1,False
101,C_difference,14,intersection,1,1,1,False
101,C_difference,14,intersection,2,1,1,False
101,C_difference,14,intersection,3,1,1,False
101,C_difference,14,intersection,4,1,1,False
101,C_difference,14,intersection,5,1,1,False
101,C_difference,14,intersection,6,1,1,False
101,C_difference,14,intersection,7,1,1,False
101,C_difference,14,intersection,8,1,1,False
101,C_difference,14,intersection,9,1,1,False
101,C_difference,14,intersection,10,1,1,False
101,C_difference,14,intersection,11,1,1,False
101,C_difference,15,merge,0,1,1,False
101,C_difference,15,merge,1,1,1,False
101,C_difference,15,merge,2,1,1,False
101,C_difference,15,merge,3,1,1,False
101,C_difference,15,merge,4,1,1,False
101,C_difference,15,merge,5,1,1,False
101,C_difference,15,merge,6,1,1,False
101,C_difference,15,merge,7,1,1,False
101,C_difference,15,merge,8,1,1,False
101,C_difference,15,merge,9,1,1,False
101,C_difference,15,merge,10,1,1,False
101,C_difference,15,merge,11,1,1,False
101,independent,0,intersection,0,1,1,False
101,independent,0,intersection,1,1,1,False
101,independent,0,intersection,2,1,1,False
101,independent,0,intersection,3,1,1,False
101,independent,0,intersection,4,1,1,False
101,independent,0,intersection,5,1,1,False
101,independent,0,intersection,6,1,1,False
101,independent,0,intersection,7,1,1,False
101,independent,0,intersection,8,1,1,False
101,independent,0,intersection,9,1,1,False
101,independent,0,intersection,10,1,1,False
101,independent,0,intersection,11,1,1,False
101,independent,1,merge,0,1,1,False
101,independent,1,merge,1,1,1,False
101,independent,1,merge,2,1,1,False
101,independent,1,merge,3,1,1,False
101,independent,1,merge,4,1,1,False
101,independent,1,merge,5,1,1,False
101,independent,1,merge,6,1,1,False
101,independent,1,merge,7,1,1,False
101,independent,1,merge,8,1,1,False
101,independent,1,merge,9,1,1,False
101,independent,1,merge,10,1,1,False
101,independent,1,merge,11,1,1,False
101,independent,2,intersection,0,1,1,False
101,independent,2,intersection,1,1,1,False
101,independent,2,intersection,2,1,1,False
101,independent,2,intersection,3,1,1,False
101,independent,2,intersection,4,1,1,False
101,independent,2,intersection,5,1,1,False
101,independent,2,intersection,6,1,1,False
101,independent,2,intersection,7,1,1,False
101,independent,2,intersection,8,1,1,False
101,independent,2,intersection,9,1,1,False
101,independent,2,intersection,10,1,1,False
101,independent,2,intersection,11,1,1,False
101,independent,3,merge,0,1,1,False
101,independent,3,merge,1,1,1,False
101,independent,3,merge,2,1,1,False
101,independent,3,merge,3,1,1,False
101,independent,3,merge,4,1,1,False
101,independent,3,merge,5,1,1,False
101,independent,3,merge,6,1,1,False
101,independent,3,merge,7,1,1,False
101,independent,3,merge,8,1,1,False
101,independent,3,merge,9,1,1,False
101,independent,3,merge,10,1,1,False
101,independent,3,merge,11,1,1,False
101,independent,4,intersection,0,1,1,False
101,independent,4,intersection,1,1,1,False
101,independent,4,intersection,2,1,1,False
101,independent,4,intersection,3,1,1,False
101,independent,4,intersection,4,1,1,False
101,independent,4,intersection,5,1,1,False
101,independent,4,intersection,6,1,1,False
101,independent,4,intersection,7,1,1,False
101,independent,4,intersection,8,1,1,False
101,independent,4,intersection,9,1,1,False
101,independent,4,intersection,10,1,1,False
101,independent,4,intersection,11,1,1,False
101,independent,5,merge,0,1,1,False
101,independent,5,merge,1,1,1,False
101,independent,5,merge,2,1,1,False
101,independent,5,merge,3,1,1,False
101,independent,5,merge,4,1,1,False
101,independent,5,merge,5,1,1,False
101,independent,5,merge,6,1,1,False
101,independent,5,merge,7,1,1,False
101,independent,5,merge,8,1,1,False
101,independent,5,merge,9,1,1,False
101,independent,5,merge,10,1,1,False
101,independent,5,merge,11,1,1,False
101,independent,6,intersection,0,1,1,False
101,independent,6,intersection,1,1,1,False
101,independent,6,intersection,2,1,1,False
101,independent,6,intersection,3,1,1,False
101,independent,6,intersection,4,1,1,False
101,independent,6,intersection,5,1,1,False
101,independent,6,intersection,6,1,1,False
101,independent,6,intersection,7,1,1,False
101,independent,6,intersection,8,1,1,False
101,independent,6,intersection,9,1,1,False
101,independent,6,intersection,10,1,1,False
101,independent,6,intersection,11,1,1,False
101,independent,7,merge,0,1,1,False
101,independent,7,merge,1,1,1,False
101,independent,7,merge,2,1,1,False
101,independent,7,merge,3,1,1,False
101,independent,7,merge,4,1,1,False
101,independent,7,merge,5,1,1,False
101,independent,7,merge,6,1,1,False
101,independent,7,merge,7,1,1,False
101,independent,7,merge,8,1,1,False
101,independent,7,merge,9,1,1,False
101,independent,7,merge,10,1,1,False
101,independent,7,merge,11,1,1,False
101,independent,8,intersection,0,1,1,False
101,independent,8,intersection,1,1,1,False
101,independent,8,intersection,2,1,1,False
101,independent,8,intersection,3,1,1,False
101,independent,8,intersection,4,1,1,False
101,independent,8,intersection,5,1,1,False
101,independent,8,intersection,6,1,1,False
101,independent,8,intersection,7,1,1,False
101,independent,8,intersection,8,1,1,False
101,independent,8,intersection,9,1,1,False
101,independent,8,intersection,10,1,1,False
101,independent,8,intersection,11,1,1,False
101,independent,9,merge,0,1,1,False
101,independent,9,merge,1,1,1,False
101,independent,9,merge,2,1,1,False
101,independent,9,merge,3,1,1,False
101,independent,9,merge,4,1,1,False
101,independent,9,merge,5,1,1,False
101,independent,9,merge,6,1,1,False
101,independent,9,merge,7,1,1,False
101,independent,9,merge,8,1,1,False
101,independent,9,merge,9,1,1,False
101,independent,9,merge,10,1,1,False
101,independent,9,merge,11,1,1,False
101,independent,10,intersection,0,1,1,False
101,independent,10,intersection,1,1,1,False
101,independent,10,intersection,2,1,1,False
101,independent,10,intersection,3,1,1,False
101,independent,10,intersection,4,1,1,False
101,independent,10,intersection,5,1,1,False
101,independent,10,intersection,6,1,1,False
101,independent,10,intersection,7,1,1,False
101,independent,10,intersection,8,1,1,False
101,independent,10,intersection,9,1,1,False
101,independent,10,intersection,10,1,1,False
101,independent,10,intersection,11,1,1,False
101,independent,11,merge,0,1,1,False
101,independent,11,merge,1,1,1,False
101,independent,11,merge,2,1,1,False
101,independent,11,merge,3,1,1,False
101,independent,11,merge,4,1,1,False
101,independent,11,merge,5,1,1,False
101,independent,11,merge,6,1,1,False
101,independent,11,merge,7,1,1,False
101,independent,11,merge,8,1,1,False
101,independent,11,merge,9,1,1,False
101,independent,11,merge,10,1,1,False
101,independent,11,merge,11,1,1,False
101,independent,12,intersection,0,1,1,False
101,independent,12,intersection,1,1,1,False
101,independent,12,intersection,2,1,1,False
101,independent,12,intersection,3,1,1,False
101,independent,12,intersection,4,1,1,False
101,independent,12,intersection,5,1,1,False
101,independent,12,intersection,6,1,1,False
101,independent,12,intersection,7,1,1,False
101,independent,12,intersection,8,1,1,False
101,independent,12,intersection,9,1,1,False
101,independent,12,intersection,10,1,1,False
101,independent,12,intersection,11,1,1,False
101,independent,13,merge,0,1,1,False
101,independent,13,merge,1,1,1,False
101,independent,13,merge,2,1,1,False
101,independent,13,merge,3,1,1,False
101,independent,13,merge,4,1,1,False
101,independent,13,merge,5,1,1,False
101,independent,13,merge,6,1,1,False
101,independent,13,merge,7,1,1,False
101,independent,13,merge,8,1,1,False
101,independent,13,merge,9,1,1,False
101,independent,13,merge,10,1,1,False
101,independent,13,merge,11,1,1,False
101,independent,14,intersection,0,1,1,False
101,independent,14,intersection,1,1,1,False
101,independent,14,intersection,2,1,1,False
101,independent,14,intersection,3,1,1,False
101,independent,14,intersection,4,1,1,False
101,independent,14,intersection,5,1,1,False
101,independent,14,intersection,6,1,1,False
101,independent,14,intersection,7,1,1,False
101,independent,14,intersection,8,1,1,False
101,independent,14,intersection,9,1,1,False
101,independent,14,intersection,10,1,1,False
101,independent,14,intersection,11,1,1,False
101,independent,15,merge,0,1,1,False
101,independent,15,merge,1,1,1,False
101,independent,15,merge,2,1,1,False
101,independent,15,merge,3,1,1,False
101,independent,15,merge,4,1,1,False
101,independent,15,merge,5,1,1,False
101,independent,15,merge,6,1,1,False
101,independent,15,merge,7,1,1,False
101,independent,15,merge,8,1,1,False
101,independent,15,merge,9,1,1,False
101,independent,15,merge,10,1,1,False
101,independent,15,merge,11,1,1,False
101,privileged,0,intersection,0,1,1,False
101,privileged,0,intersection,1,1,1,False
101,privileged,0,intersection,2,1,1,False
101,privileged,0,intersection,3,1,1,False
101,privileged,0,intersection,4,1,1,False
101,privileged,0,intersection,5,1,1,False
101,privileged,0,intersection,6,1,1,False
101,privileged,0,intersection,7,1,1,False
101,privileged,0,intersection,8,1,1,False
101,privileged,0,intersection,9,1,1,False
101,privileged,0,intersection,10,1,1,False
101,privileged,0,intersection,11,1,1,False
101,privileged,1,merge,0,1,1,False
101,privileged,1,merge,1,1,1,False
101,privileged,1,merge,2,1,1,False
101,privileged,1,merge,3,1,1,False
101,privileged,1,merge,4,1,1,False
101,privileged,1,merge,5,1,1,False
101,privileged,1,merge,6,1,1,False
101,privileged,1,merge,7,1,1,False
101,privileged,1,merge,8,1,1,False
101,privileged,1,merge,9,1,1,False
101,privileged,1,merge,10,1,1,False
101,privileged,1,merge,11,1,1,False
101,privileged,2,intersection,0,1,1,False
101,privileged,2,intersection,1,1,1,False
101,privileged,2,intersection,2,1,1,False
101,privileged,2,intersection,3,1,1,False
101,privileged,2,intersection,4,1,1,False
101,privileged,2,intersection,5,1,1,False
101,privileged,2,intersection,6,1,1,False
101,privileged,2,intersection,7,1,1,False
101,privileged,2,intersection,8,1,1,False
101,privileged,2,intersection,9,1,1,False
101,privileged,2,intersection,10,1,1,False
101,privileged,2,intersection,11,1,1,False
101,privileged,3,merge,0,1,1,False
101,privileged,3,merge,1,1,1,False
101,privileged,3,merge,2,1,1,False
101,privileged,3,merge,3,1,1,False
101,privileged,3,merge,4,1,1,False
101,privileged,3,merge,5,1,1,False
101,privileged,3,merge,6,1,1,False
101,privileged,3,merge,7,1,1,False
101,privileged,3,merge,8,1,1,False
101,privileged,3,merge,9,1,1,False
101,privileged,3,merge,10,1,1,False
101,privileged,3,merge,11,1,1,False
101,privileged,4,intersection,0,1,1,False
101,privileged,4,intersection,1,1,1,False
101,privileged,4,intersection,2,1,1,False
101,privileged,4,intersection,3,1,1,False
101,privileged,4,intersection,4,1,1,False
101,privileged,4,intersection,5,1,1,False
101,privileged,4,intersection,6,1,1,False
101,privileged,4,intersection,7,1,1,False
101,privileged,4,intersection,8,1,1,False
101,privileged,4,intersection,9,1,1,False
101,privileged,4,intersection,10,1,1,False
101,privileged,4,intersection,11,1,1,False
101,privileged,5,merge,0,1,1,False
101,privileged,5,merge,1,1,1,False
101,privileged,5,merge,2,1,1,False
101,privileged,5,merge,3,1,1,False
101,privileged,5,merge,4,1,1,False
101,privileged,5,merge,5,1,1,False
101,privileged,5,merge,6,1,1,False
101,privileged,5,merge,7,1,1,False
101,privileged,5,merge,8,1,1,False
101,privileged,5,merge,9,1,1,False
101,privileged,5,merge,10,1,1,False
101,privileged,5,merge,11,1,1,False
101,privileged,6,intersection,0,1,1,False
101,privileged,6,intersection,1,1,1,False
101,privileged,6,intersection,2,1,1,False
101,privileged,6,intersection,3,1,1,False
101,privileged,6,intersection,4,1,1,False
101,privileged,6,intersection,5,1,1,False
101,privileged,6,intersection,6,1,1,False
101,privileged,6,intersection,7,1,1,False
101,privileged,6,intersection,8,1,1,False
101,privileged,6,intersection,9,1,1,False
101,privileged,6,intersection,10,1,1,False
101,privileged,6,intersection,11,1,1,False
101,privileged,7,merge,0,1,1,False
101,privileged,7,merge,1,1,1,False
101,privileged,7,merge,2,1,1,False
101,privileged,7,merge,3,1,1,False
101,privileged,7,merge,4,1,1,False
101,privileged,7,merge,5,1,1,False
101,privileged,7,merge,6,1,1,False
101,privileged,7,merge,7,1,1,False
101,privileged,7,merge,8,1,1,False
101,privileged,7,merge,9,1,1,False
101,privileged,7,merge,10,1,1,False
101,privileged,7,merge,11,1,1,False
101,privileged,8,intersection,0,1,1,False
101,privileged,8,intersection,1,1,1,False
101,privileged,8,intersection,2,1,1,False
101,privileged,8,intersection,3,1,1,False
101,privileged,8,intersection,4,1,1,False
101,privileged,8,intersection,5,1,1,False
101,privileged,8,intersection,6,1,1,False
101,privileged,8,intersection,7,1,1,False
101,privileged,8,intersection,8,1,1,False
101,privileged,8,intersection,9,1,1,False
101,privileged,8,intersection,10,1,1,False
101,privileged,8,intersection,11,1,1,False
101,privileged,9,merge,0,1,1,False
101,privileged,9,merge,1,1,1,False
101,privileged,9,merge,2,1,1,False
101,privileged,9,merge,3,1,1,False
101,privileged,9,merge,4,1,1,False
101,privileged,9,merge,5,1,1,False
101,privileged,9,merge,6,1,1,False
101,privileged,9,merge,7,1,1,False
101,privileged,9,merge,8,1,1,False
101,privileged,9,merge,9,1,1,False
101,privileged,9,merge,10,1,1,False
101,privileged,9,merge,11,1,1,False
101,privileged,10,intersection,0,1,1,False
101,privileged,10,intersection,1,1,1,False
101,privileged,10,intersection,2,1,1,False
101,privileged,10,intersection,3,1,1,False
101,privileged,10,intersection,4,1,1,False
101,privileged,10,intersection,5,1,1,False
101,privileged,10,intersection,6,1,1,False
101,privileged,10,intersection,7,1,1,False
101,privileged,10,intersection,8,1,1,False
101,privileged,10,intersection,9,1,1,False
101,privileged,10,intersection,10,1,1,False
101,privileged,10,intersection,11,1,1,False
101,privileged,11,merge,0,1,1,False
101,privileged,11,merge,1,1,1,False
101,privileged,11,merge,2,1,1,False
101,privileged,11,merge,3,1,1,False
101,privileged,11,merge,4,1,1,False
101,privileged,11,merge,5,1,1,False
101,privileged,11,merge,6,1,1,False
101,privileged,11,merge,7,1,1,False
101,privileged,11,merge,8,1,1,False
101,privileged,11,merge,9,1,1,False
101,privileged,11,merge,10,1,1,False
101,privileged,11,merge,11,1,1,False
101,privileged,12,intersection,0,1,1,False
101,privileged,12,intersection,1,1,1,False
101,privileged,12,intersection,2,1,1,False
101,privileged,12,intersection,3,1,1,False
101,privileged,12,intersection,4,1,1,False
101,privileged,12,intersection,5,1,1,False
101,privileged,12,intersection,6,1,1,False
101,privileged,12,intersection,7,1,1,False
101,privileged,12,intersection,8,1,1,False
101,privileged,12,intersection,9,1,1,False
101,privileged,12,intersection,10,1,1,False
101,privileged,12,intersection,11,1,1,False
101,privileged,13,merge,0,1,1,False
101,privileged,13,merge,1,1,1,False
101,privileged,13,merge,2,1,1,False
101,privileged,13,merge,3,1,1,False
101,privileged,13,merge,4,1,1,False
101,privileged,13,merge,5,1,1,False
101,privileged,13,merge,6,1,1,False
101,privileged,13,merge,7,1,1,False
101,privileged,13,merge,8,1,1,False
101,privileged,13,merge,9,1,1,False
101,privileged,13,merge,10,1,1,False
101,privileged,13,merge,11,1,1,False
101,privileged,14,intersection,0,1,1,False
101,privileged,14,intersection,1,1,1,False
101,privileged,14,intersection,2,1,1,False
101,privileged,14,intersection,3,1,1,False
101,privileged,14,intersection,4,1,1,False
101,privileged,14,intersection,5,1,1,False
101,privileged,14,intersection,6,1,1,False
101,privileged,14,intersection,7,1,1,False
101,privileged,14,intersection,8,1,1,False
101,privileged,14,intersection,9,1,1,False
101,privileged,14,intersection,10,1,1,False
101,privileged,14,intersection,11,1,1,False
101,privileged,15,merge,0,1,1,False
101,privileged,15,merge,1,1,1,False
101,privileged,15,merge,2,1,1,False
101,privileged,15,merge,3,1,1,False
101,privileged,15,merge,4,1,1,False
101,privileged,15,merge,5,1,1,False
101,privileged,15,merge,6,1,1,False
101,privileged,15,merge,7,1,1,False
101,privileged,15,merge,8,1,1,False
101,privileged,15,merge,9,1,1,False
101,privileged,15,merge,10,1,1,False
101,privileged,15,merge,11,1,1,False
101,D_pairwise,0,intersection,0,1,1,False
101,D_pairwise,0,intersection,1,1,1,False
101,D_pairwise,0,intersection,2,1,1,False
101,D_pairwise,0,intersection,3,1,1,False
101,D_pairwise,0,intersection,4,1,1,False
101,D_pairwise,0,intersection,5,1,1,False
101,D_pairwise,0,intersection,6,1,1,False
101,D_pairwise,0,intersection,7,1,1,False
101,D_pairwise,0,intersection,8,1,1,False
101,D_pairwise,0,intersection,9,1,1,False
101,D_pairwise,0,intersection,10,1,1,False
101,D_pairwise,0,intersection,11,1,1,False
101,D_pairwise,1,merge,0,1,1,False
101,D_pairwise,1,merge,1,1,1,False
101,D_pairwise,1,merge,2,1,1,False
101,D_pairwise,1,merge,3,1,1,False
101,D_pairwise,1,merge,4,1,1,False
101,D_pairwise,1,merge,5,1,1,False
101,D_pairwise,1,merge,6,1,1,False
101,D_pairwise,1,merge,7,1,1,False
101,D_pairwise,1,merge,8,1,1,False
101,D_pairwise,1,merge,9,1,1,False
101,D_pairwise,1,merge,10,1,1,False
101,D_pairwise,1,merge,11,1,1,False
101,D_pairwise,2,intersection,0,1,1,False
101,D_pairwise,2,intersection,1,1,1,False
101,D_pairwise,2,intersection,2,1,1,False
101,D_pairwise,2,intersection,3,1,1,False
101,D_pairwise,2,intersection,4,1,1,False
101,D_pairwise,2,intersection,5,1,1,False
101,D_pairwise,2,intersection,6,1,1,False
101,D_pairwise,2,intersection,7,1,1,False
101,D_pairwise,2,intersection,8,1,1,False
101,D_pairwise,2,intersection,9,1,1,False
101,D_pairwise,2,intersection,10,1,1,False
101,D_pairwise,2,intersection,11,1,1,False
101,D_pairwise,3,merge,0,1,1,False
101,D_pairwise,3,merge,1,1,1,False
101,D_pairwise,3,merge,2,1,1,False
101,D_pairwise,3,merge,3,1,1,False
101,D_pairwise,3,merge,4,1,1,False
101,D_pairwise,3,merge,5,1,1,False
101,D_pairwise,3,merge,6,1,1,False
101,D_pairwise,3,merge,7,1,1,False
101,D_pairwise,3,merge,8,1,1,False
101,D_pairwise,3,merge,9,1,1,False
101,D_pairwise,3,merge,10,1,1,False
101,D_pairwise,3,merge,11,1,1,False
101,D_pairwise,4,intersection,0,1,1,False
101,D_pairwise,4,intersection,1,1,1,False
101,D_pairwise,4,intersection,2,1,1,False
101,D_pairwise,4,intersection,3,1,1,False
101,D_pairwise,4,intersection,4,1,1,False
101,D_pairwise,4,intersection,5,1,1,False
101,D_pairwise,4,intersection,6,1,1,False
101,D_pairwise,4,intersection,7,1,1,False
101,D_pairwise,4,intersection,8,1,1,False
101,D_pairwise,4,intersection,9,1,1,False
101,D_pairwise,4,intersection,10,1,1,False
101,D_pairwise,4,intersection,11,1,1,False
101,D_pairwise,5,merge,0,1,1,False
101,D_pairwise,5,merge,1,1,1,False
101,D_pairwise,5,merge,2,1,1,False
101,D_pairwise,5,merge,3,1,1,False
101,D_pairwise,5,merge,4,1,1,False
101,D_pairwise,5,merge,5,1,1,False
101,D_pairwise,5,merge,6,1,1,False
101,D_pairwise,5,merge,7,1,1,False
101,D_pairwise,5,merge,8,1,1,False
101,D_pairwise,5,merge,9,1,1,False
101,D_pairwise,5,merge,10,1,1,False
101,D_pairwise,5,merge,11,1,1,False
101,D_pairwise,6,intersection,0,1,1,False
101,D_pairwise,6,intersection,1,1,1,False
101,D_pairwise,6,intersection,2,1,1,False
101,D_pairwise,6,intersection,3,1,1,False
101,D_pairwise,6,intersection,4,1,1,False
101,D_pairwise,6,intersection,5,1,1,False
101,D_pairwise,6,intersection,6,1,1,False
101,D_pairwise,6,intersection,7,1,1,False
101,D_pairwise,6,intersection,8,1,1,False
101,D_pairwise,6,intersection,9,1,1,False
101,D_pairwise,6,intersection,10,1,1,False
101,D_pairwise,6,intersection,11,1,1,False
101,D_pairwise,7,merge,0,1,1,False
101,D_pairwise,7,merge,1,1,1,False
101,D_pairwise,7,merge,2,1,1,False
101,D_pairwise,7,merge,3,1,1,False
101,D_pairwise,7,merge,4,1,1,False
101,D_pairwise,7,merge,5,1,1,False
101,D_pairwise,7,merge,6,1,1,False
101,D_pairwise,7,merge,7,1,1,False
101,D_pairwise,7,merge,8,1,1,False
101,D_pairwise,7,merge,9,1,1,False
101,D_pairwise,7,merge,10,1,1,False
101,D_pairwise,7,merge,11,1,1,False
101,D_pairwise,8,intersection,0,1,1,False
101,D_pairwise,8,intersection,1,1,1,False
101,D_pairwise,8,intersection,2,1,1,False
101,D_pairwise,8,intersection,3,1,1,False
101,D_pairwise,8,intersection,4,1,1,False
101,D_pairwise,8,intersection,5,1,1,False
101,D_pairwise,8,intersection,6,1,1,False
101,D_pairwise,8,intersection,7,1,1,False
101,D_pairwise,8,intersection,8,1,1,False
101,D_pairwise,8,intersection,9,1,1,False
101,D_pairwise,8,intersection,10,1,1,False
101,D_pairwise,8,intersection,11,1,1,False
101,D_pairwise,9,merge,0,1,1,False
101,D_pairwise,9,merge,1,1,1,False
101,D_pairwise,9,merge,2,1,1,False
101,D_pairwise,9,merge,3,1,1,False
101,D_pairwise,9,merge,4,1,1,False
101,D_pairwise,9,merge,5,1,1,False
101,D_pairwise,9,merge,6,1,1,False
101,D_pairwise,9,merge,7,1,1,False
101,D_pairwise,9,merge,8,1,1,False
101,D_pairwise,9,merge,9,1,1,False
101,D_pairwise,9,merge,10,1,1,False
101,D_pairwise,9,merge,11,1,1,False
101,D_pairwise,10,intersection,0,1,1,False
101,D_pairwise,10,intersection,1,1,1,False
101,D_pairwise,10,intersection,2,1,1,False
101,D_pairwise,10,intersection,3,1,1,False
101,D_pairwise,10,intersection,4,1,1,False
101,D_pairwise,10,intersection,5,1,1,False
101,D_pairwise,10,intersection,6,1,1,False
101,D_pairwise,10,intersection,7,1,1,False
101,D_pairwise,10,intersection,8,1,1,False
101,D_pairwise,10,intersection,9,1,1,False
101,D_pairwise,10,intersection,10,1,1,False
101,D_pairwise,10,intersection,11,1,1,False
101,D_pairwise,11,merge,0,1,1,False
101,D_pairwise,11,merge,1,1,1,False
101,D_pairwise,11,merge,2,1,1,False
101,D_pairwise,11,merge,3,1,1,False
101,D_pairwise,11,merge,4,1,1,False
101,D_pairwise,11,merge,5,1,1,False
101,D_pairwise,11,merge,6,1,1,False
101,D_pairwise,11,merge,7,1,1,False
101,D_pairwise,11,merge,8,1,1,False
101,D_pairwise,11,merge,9,1,1,False
101,D_pairwise,11,merge,10,1,1,False
101,D_pairwise,11,merge,11,1,1,False
101,D_pairwise,12,intersection,0,1,1,False
101,D_pairwise,12,intersection,1,1,1,False
101,D_pairwise,12,intersection,2,1,1,False
101,D_pairwise,12,intersection,3,1,1,False
101,D_pairwise,12,intersection,4,1,1,False
101,D_pairwise,12,intersection,5,1,1,False
101,D_pairwise,12,intersection,6,1,1,False
101,D_pairwise,12,intersection,7,1,1,False
101,D_pairwise,12,intersection,8,1,1,False
101,D_pairwise,12,intersection,9,1,1,False
101,D_pairwise,12,intersection,10,1,1,False
101,D_pairwise,12,intersection,11,1,1,False
101,D_pairwise,13,merge,0,1,1,False
101,D_pairwise,13,merge,1,1,1,False
101,D_pairwise,13,merge,2,1,1,False
101,D_pairwise,13,merge,3,1,1,False
101,D_pairwise,13,merge,4,1,1,False
101,D_pairwise,13,merge,5,1,1,False
101,D_pairwise,13,merge,6,1,1,False
101,D_pairwise,13,merge,7,1,1,False
101,D_pairwise,13,merge,8,1,1,False
101,D_pairwise,13,merge,9,1,1,False
101,D_pairwise,13,merge,10,1,1,False
101,D_pairwise,13,merge,11,1,1,False
101,D_pairwise,14,intersection,0,1,1,False
101,D_pairwise,14,intersection,1,1,1,False
101,D_pairwise,14,intersection,2,1,1,False
101,D_pairwise,14,intersection,3,1,1,False
101,D_pairwise,14,intersection,4,1,1,False
101,D_pairwise,14,intersection,5,1,1,False
101,D_pairwise,14,intersection,6,1,1,False
101,D_pairwise,14,intersection,7,1,1,False
101,D_pairwise,14,intersection,8,1,1,False
101,D_pairwise,14,intersection,9,1,1,False
101,D_pairwise,14,intersection,10,1,1,False
101,D_pairwise,14,intersection,11,1,1,False
101,D_pairwise,15,merge,0,1,1,False
101,D_pairwise,15,merge,1,1,1,False
101,D_pairwise,15,merge,2,1,1,False
101,D_pairwise,15,merge,3,1,1,False
101,D_pairwise,15,merge,4,1,1,False
101,D_pairwise,15,merge,5,1,1,False
101,D_pairwise,15,merge,6,1,1,False
101,D_pairwise,15,merge,7,1,1,False
101,D_pairwise,15,merge,8,1,1,False
101,D_pairwise,15,merge,9,1,1,False
101,D_pairwise,15,merge,10,1,1,False
101,D_pairwise,15,merge,11,1,1,False
202,A_original,0,intersection,0,1,1,False
202,A_original,0,intersection,1,1,1,False
202,A_original,0,intersection,2,1,1,False
202,A_original,0,intersection,3,1,1,False
202,A_original,0,intersection,4,1,1,False
202,A_original,0,intersection,5,0,0,False
202,A_original,0,intersection,6,0,0,False
202,A_original,0,intersection,7,0,0,False
202,A_original,0,intersection,8,0,0,False
202,A_original,0,intersection,9,0,0,False
202,A_original,0,intersection,10,0,0,False
202,A_original,0,intersection,11,1,1,False
202,A_original,1,merge,0,1,1,False
202,A_original,1,merge,1,1,1,False
202,A_original,1,merge,2,1,1,False
202,A_original,1,merge,3,1,1,False
202,A_original,1,merge,4,1,1,False
202,A_original,1,merge,5,1,1,False
202,A_original,1,merge,6,1,1,False
202,A_original,1,merge,7,1,1,False
202,A_original,1,merge,8,1,1,False
202,A_original,1,merge,9,1,1,False
202,A_original,1,merge,10,1,1,False
202,A_original,1,merge,11,1,1,False
202,A_original,2,intersection,0,1,1,False
202,A_original,2,intersection,1,1,1,False
202,A_original,2,intersection,2,1,0,False
202,A_original,2,intersection,3,1,0,False
202,A_original,2,intersection,4,1,0,False
202,A_original,2,intersection,5,0,0,False
202,A_original,2,intersection,6,0,0,False
202,A_original,2,intersection,7,0,0,False
202,A_original,2,intersection,8,0,0,False
202,A_original,2,intersection,9,0,0,False
202,A_original,2,intersection,10,1,0,False
202,A_original,2,intersection,11,1,1,False
202,A_original,3,merge,0,1,1,False
202,A_original,3,merge,1,1,1,False
202,A_original,3,merge,2,1,1,False
202,A_original,3,merge,3,1,1,False
202,A_original,3,merge,4,1,1,False
202,A_original,3,merge,5,1,1,False
202,A_original,3,merge,6,1,1,False
202,A_original,3,merge,7,1,1,False
202,A_original,3,merge,8,1,1,False
202,A_original,3,merge,9,1,1,False
202,A_original,3,merge,10,1,1,False
202,A_original,3,merge,11,1,1,False
202,A_original,4,intersection,0,1,1,False
202,A_original,4,intersection,1,1,0,False
202,A_original,4,intersection,2,1,0,False
202,A_original,4,intersection,3,1,0,False
202,A_original,4,intersection,4,0,0,False
202,A_original,4,intersection,5,0,0,False
202,A_original,4,intersection,6,0,0,False
202,A_original,4,intersection,7,0,0,False
202,A_original,4,intersection,8,0,0,False
202,A_original,4,intersection,9,0,0,False
202,A_original,4,intersection,10,0,0,False
202,A_original,4,intersection,11,1,0,False
202,A_original,5,merge,0,1,1,False
202,A_original,5,merge,1,1,1,False
202,A_original,5,merge,2,1,1,False
202,A_original,5,merge,3,1,1,False
202,A_original,5,merge,4,1,1,False
202,A_original,5,merge,5,1,1,False
202,A_original,5,merge,6,1,1,False
202,A_original,5,merge,7,1,1,False
202,A_original,5,merge,8,1,1,False
202,A_original,5,merge,9,1,1,False
202,A_original,5,merge,10,1,1,False
202,A_original,5,merge,11,1,1,False
202,A_original,6,intersection,0,1,1,False
202,A_original,6,intersection,1,0,0,False
202,A_original,6,intersection,2,0,0,False
202,A_original,6,intersection,3,0,0,False
202,A_original,6,intersection,4,0,0,False
202,A_original,6,intersection,5,0,0,False
202,A_original,6,intersection,6,0,0,False
202,A_original,6,intersection,7,0,0,False
202,A_original,6,intersection,8,0,0,False
202,A_original,6,intersection,9,0,0,False
202,A_original,6,intersection,10,0,0,False
202,A_original,6,intersection,11,0,0,False
202,A_original,7,merge,0,1,1,False
202,A_original,7,merge,1,1,1,False
202,A_original,7,merge,2,1,1,False
202,A_original,7,merge,3,1,1,False
202,A_original,7,merge,4,1,1,False
202,A_original,7,merge,5,1,1,False
202,A_original,7,merge,6,1,1,False
202,A_original,7,merge,7,1,1,False
202,A_original,7,merge,8,1,1,False
202,A_original,7,merge,9,1,1,False
202,A_original,7,merge,10,1,1,False
202,A_original,7,merge,11,1,1,False
202,A_original,8,intersection,0,1,1,False
202,A_original,8,intersection,1,1,1,False
202,A_original,8,intersection,2,1,1,False
202,A_original,8,intersection,3,1,0,False
202,A_original,8,intersection,4,0,0,False
202,A_original,8,intersection,5,0,0,False
202,A_original,8,intersection,6,0,0,False
202,A_original,8,intersection,7,0,0,False
202,A_original,8,intersection,8,0,0,False
202,A_original,8,intersection,9,1,0,False
202,A_original,8,intersection,10,0,0,False
202,A_original,8,intersection,11,1,1,False
202,A_original,9,merge,0,1,1,False
202,A_original,9,merge,1,1,1,False
202,A_original,9,merge,2,1,1,False
202,A_original,9,merge,3,1,1,False
202,A_original,9,merge,4,1,1,False
202,A_original,9,merge,5,1,1,False
202,A_original,9,merge,6,1,1,False
202,A_original,9,merge,7,1,1,False
202,A_original,9,merge,8,1,1,False
202,A_original,9,merge,9,1,1,False
202,A_original,9,merge,10,1,1,False
202,A_original,9,merge,11,1,1,False
202,A_original,10,intersection,0,1,1,False
202,A_original,10,intersection,1,1,1,False
202,A_original,10,intersection,2,1,1,False
202,A_original,10,intersection,3,0,0,False
202,A_original,10,intersection,4,1,1,False
202,A_original,10,intersection,5,0,0,False
202,A_original,10,intersection,6,0,0,False
202,A_original,10,intersection,7,0,0,False
202,A_original,10,intersection,8,1,0,False
202,A_original,10,intersection,9,1,0,False
202,A_original,10,intersection,10,1,0,False
202,A_original,10,intersection,11,1,1,False
202,A_original,11,merge,0,1,1,False
202,A_original,11,merge,1,1,1,False
202,A_original,11,merge,2,1,1,False
202,A_original,11,merge,3,1,1,False
202,A_original,11,merge,4,1,1,False
202,A_original,11,merge,5,1,1,False
202,A_original,11,merge,6,1,1,False
202,A_original,11,merge,7,1,1,False
202,A_original,11,merge,8,1,1,False
202,A_original,11,merge,9,1,1,False
202,A_original,11,merge,10,1,1,False
202,A_original,11,merge,11,1,1,False
202,A_original,12,intersection,0,1,1,False
202,A_original,12,intersection,1,1,1,False
202,A_original,12,intersection,2,1,0,False
202,A_original,12,intersection,3,0,0,False
202,A_original,12,intersection,4,0,0,False
202,A_original,12,intersection,5,0,0,False
202,A_original,12,intersection,6,0,0,False
202,A_original,12,intersection,7,0,0,False
202,A_original,12,intersection,8,0,0,False
202,A_original,12,intersection,9,0,0,False
202,A_original,12,intersection,10,0,0,False
202,A_original,12,intersection,11,1,1,False
202,A_original,13,merge,0,1,1,False
202,A_original,13,merge,1,1,1,False
202,A_original,13,merge,2,1,1,False
202,A_original,13,merge,3,1,1,False
202,A_original,13,merge,4,1,1,False
202,A_original,13,merge,5,1,1,False
202,A_original,13,merge,6,1,1,False
202,A_original,13,merge,7,1,1,False
202,A_original,13,merge,8,1,1,False
202,A_original,13,merge,9,1,1,False
202,A_original,13,merge,10,1,1,False
202,A_original,13,merge,11,1,1,False
202,A_original,14,intersection,0,1,1,False
202,A_original,14,intersection,1,1,1,False
202,A_original,14,intersection,2,1,0,False
202,A_original,14,intersection,3,0,0,False
202,A_original,14,intersection,4,1,0,False
202,A_original,14,intersection,5,0,0,False
202,A_original,14,intersection,6,0,0,False
202,A_original,14,intersection,7,0,0,False
202,A_original,14,intersection,8,0,0,False
202,A_original,14,intersection,9,0,0,False
202,A_original,14,intersection,10,0,0,False
202,A_original,14,intersection,11,1,1,False
202,A_original,15,merge,0,1,1,False
202,A_original,15,merge,1,1,1,False
202,A_original,15,merge,2,1,1,False
202,A_original,15,merge,3,1,1,False
202,A_original,15,merge,4,1,1,False
202,A_original,15,merge,5,1,1,False
202,A_original,15,merge,6,1,1,False
202,A_original,15,merge,7,1,1,False
202,A_original,15,merge,8,1,1,False
202,A_original,15,merge,9,1,1,False
202,A_original,15,merge,10,1,1,False
202,A_original,15,merge,11,1,1,False
202,B_factorial,0,intersection,0,0,1,False
202,B_factorial,0,intersection,1,1,0,False
202,B_factorial,0,intersection,2,1,0,False
202,B_factorial,0,intersection,3,1,1,False
202,B_factorial,0,intersection,4,1,1,False
202,B_factorial,0,intersection,5,1,1,False
202,B_factorial,0,intersection,6,1,1,False
202,B_factorial,0,intersection,7,1,1,False
202,B_factorial,0,intersection,8,1,1,False
202,B_factorial,0,intersection,9,1,1,False
202,B_factorial,0,intersection,10,1,1,False
202,B_factorial,0,intersection,11,1,1,False
202,B_factorial,1,merge,0,1,1,False
202,B_factorial,1,merge,1,1,1,False
202,B_factorial,1,merge,2,1,1,False
202,B_factorial,1,merge,3,1,1,False
202,B_factorial,1,merge,4,1,1,False
202,B_factorial,1,merge,5,1,1,False
202,B_factorial,1,merge,6,1,1,False
202,B_factorial,1,merge,7,1,1,False
202,B_factorial,1,merge,8,1,1,False
202,B_factorial,1,merge,9,1,1,False
202,B_factorial,1,merge,10,1,1,False
202,B_factorial,1,merge,11,1,1,False
202,B_factorial,2,intersection,0,0,1,False
202,B_factorial,2,intersection,1,1,0,False
202,B_factorial,2,intersection,2,1,0,False
202,B_factorial,2,intersection,3,1,1,False
202,B_factorial,2,intersection,4,1,1,False
202,B_factorial,2,intersection,5,1,1,False
202,B_factorial,2,intersection,6,1,1,False
202,B_factorial,2,intersection,7,1,1,False
202,B_factorial,2,intersection,8,1,1,False
202,B_factorial,2,intersection,9,1,1,False
202,B_factorial,2,intersection,10,1,1,False
202,B_factorial,2,intersection,11,1,1,False
202,B_factorial,3,merge,0,1,1,False
202,B_factorial,3,merge,1,1,1,False
202,B_factorial,3,merge,2,1,1,False
202,B_factorial,3,merge,3,1,1,False
202,B_factorial,3,merge,4,1,1,False
202,B_factorial,3,merge,5,1,1,False
202,B_factorial,3,merge,6,1,1,False
202,B_factorial,3,merge,7,1,1,False
202,B_factorial,3,merge,8,1,1,False
202,B_factorial,3,merge,9,1,1,False
202,B_factorial,3,merge,10,1,1,False
202,B_factorial,3,merge,11,1,1,False
202,B_factorial,4,intersection,0,1,1,False
202,B_factorial,4,intersection,1,1,0,False
202,B_factorial,4,intersection,2,1,1,False
202,B_factorial,4,intersection,3,0,1,False
202,B_factorial,4,intersection,4,1,1,False
202,B_factorial,4,intersection,5,1,1,False
202,B_factorial,4,intersection,6,1,1,False
202,B_factorial,4,intersection,7,1,1,False
202,B_factorial,4,intersection,8,1,1,False
202,B_factorial,4,intersection,9,1,1,False
202,B_factorial,4,intersection,10,1,1,False
202,B_factorial,4,intersection,11,1,1,False
202,B_factorial,5,merge,0,1,1,False
202,B_factorial,5,merge,1,1,1,False
202,B_factorial,5,merge,2,1,1,False
202,B_factorial,5,merge,3,1,1,False
202,B_factorial,5,merge,4,1,1,False
202,B_factorial,5,merge,5,1,1,False
202,B_factorial,5,merge,6,1,1,False
202,B_factorial,5,merge,7,1,1,False
202,B_factorial,5,merge,8,1,1,False
202,B_factorial,5,merge,9,1,1,False
202,B_factorial,5,merge,10,1,1,False
202,B_factorial,5,merge,11,1,1,False
202,B_factorial,6,intersection,0,1,1,False
202,B_factorial,6,intersection,1,0,0,False
202,B_factorial,6,intersection,2,1,1,False
202,B_factorial,6,intersection,3,1,0,False
202,B_factorial,6,intersection,4,1,1,False
202,B_factorial,6,intersection,5,1,1,False
202,B_factorial,6,intersection,6,1,1,False
202,B_factorial,6,intersection,7,1,1,False
202,B_factorial,6,intersection,8,1,1,False
202,B_factorial,6,intersection,9,1,1,False
202,B_factorial,6,intersection,10,1,1,False
202,B_factorial,6,intersection,11,1,1,False
202,B_factorial,7,merge,0,1,1,False
202,B_factorial,7,merge,1,1,1,False
202,B_factorial,7,merge,2,1,1,False
202,B_factorial,7,merge,3,1,1,False
202,B_factorial,7,merge,4,1,1,False
202,B_factorial,7,merge,5,1,1,False
202,B_factorial,7,merge,6,1,1,False
202,B_factorial,7,merge,7,1,1,False
202,B_factorial,7,merge,8,1,1,False
202,B_factorial,7,merge,9,1,1,False
202,B_factorial,7,merge,10,1,1,False
202,B_factorial,7,merge,11,1,1,False
202,B_factorial,8,intersection,0,0,0,False
202,B_factorial,8,intersection,1,1,1,False
202,B_factorial,8,intersection,2,1,1,False
202,B_factorial,8,intersection,3,0,1,False
202,B_factorial,8,intersection,4,1,1,False
202,B_factorial,8,intersection,5,1,1,False
202,B_factorial,8,intersection,6,1,1,False
202,B_factorial,8,intersection,7,1,1,False
202,B_factorial,8,intersection,8,1,1,False
202,B_factorial,8,intersection,9,1,1,False
202,B_factorial,8,intersection,10,1,1,False
202,B_factorial,8,intersection,11,1,1,False
202,B_factorial,9,merge,0,1,1,False
202,B_factorial,9,merge,1,1,1,False
202,B_factorial,9,merge,2,1,1,False
202,B_factorial,9,merge,3,1,1,False
202,B_factorial,9,merge,4,1,1,False
202,B_factorial,9,merge,5,1,1,False
202,B_factorial,9,merge,6,1,1,False
202,B_factorial,9,merge,7,1,1,False
202,B_factorial,9,merge,8,1,1,False
202,B_factorial,9,merge,9,1,1,False
202,B_factorial,9,merge,10,1,1,False
202,B_factorial,9,merge,11,1,1,False
202,B_factorial,10,intersection,0,1,1,False
202,B_factorial,10,intersection,1,1,1,False
202,B_factorial,10,intersection,2,0,1,False
202,B_factorial,10,intersection,3,1,1,False
202,B_factorial,10,intersection,4,1,0,False
202,B_factorial,10,intersection,5,1,1,False
202,B_factorial,10,intersection,6,1,1,False
202,B_factorial,10,intersection,7,1,1,False
202,B_factorial,10,intersection,8,1,1,False
202,B_factorial,10,intersection,9,1,1,False
202,B_factorial,10,intersection,10,1,1,False
202,B_factorial,10,intersection,11,1,1,False
202,B_factorial,11,merge,0,1,1,False
202,B_factorial,11,merge,1,1,1,False
202,B_factorial,11,merge,2,1,1,False
202,B_factorial,11,merge,3,1,1,False
202,B_factorial,11,merge,4,1,1,False
202,B_factorial,11,merge,5,1,1,False
202,B_factorial,11,merge,6,1,1,False
202,B_factorial,11,merge,7,1,1,False
202,B_factorial,11,merge,8,1,1,False
202,B_factorial,11,merge,9,1,1,False
202,B_factorial,11,merge,10,1,1,False
202,B_factorial,11,merge,11,1,1,False
202,B_factorial,12,intersection,0,1,1,False
202,B_factorial,12,intersection,1,1,1,False
202,B_factorial,12,intersection,2,1,1,False
202,B_factorial,12,intersection,3,1,0,False
202,B_factorial,12,intersection,4,0,1,False
202,B_factorial,12,intersection,5,1,1,False
202,B_factorial,12,intersection,6,1,1,False
202,B_factorial,12,intersection,7,1,1,False
202,B_factorial,12,intersection,8,1,1,False
202,B_factorial,12,intersection,9,1,1,False
202,B_factorial,12,intersection,10,1,1,False
202,B_factorial,12,intersection,11,1,1,False
202,B_factorial,13,merge,0,1,1,False
202,B_factorial,13,merge,1,1,1,False
202,B_factorial,13,merge,2,1,1,False
202,B_factorial,13,merge,3,1,1,False
202,B_factorial,13,merge,4,1,1,False
202,B_factorial,13,merge,5,1,1,False
202,B_factorial,13,merge,6,1,1,False
202,B_factorial,13,merge,7,1,1,False
202,B_factorial,13,merge,8,1,1,False
202,B_factorial,13,merge,9,1,1,False
202,B_factorial,13,merge,10,1,1,False
202,B_factorial,13,merge,11,1,1,False
202,B_factorial,14,intersection,0,1,1,False
202,B_factorial,14,intersection,1,0,1,False
202,B_factorial,14,intersection,2,1,1,False
202,B_factorial,14,intersection,3,1,1,False
202,B_factorial,14,intersection,4,1,1,False
202,B_factorial,14,intersection,5,1,1,False
202,B_factorial,14,intersection,6,1,1,False
202,B_factorial,14,intersection,7,1,1,False
202,B_factorial,14,intersection,8,1,1,False
202,B_factorial,14,intersection,9,1,1,False
202,B_factorial,14,intersection,10,1,1,False
202,B_factorial,14,intersection,11,1,1,False
202,B_factorial,15,merge,0,1,1,False
202,B_factorial,15,merge,1,1,1,False
202,B_factorial,15,merge,2,1,1,False
202,B_factorial,15,merge,3,1,1,False
202,B_factorial,15,merge,4,1,1,False
202,B_factorial,15,merge,5,1,1,False
202,B_factorial,15,merge,6,1,1,False
202,B_factorial,15,merge,7,1,1,False
202,B_factorial,15,merge,8,1,1,False
202,B_factorial,15,merge,9,1,1,False
202,B_factorial,15,merge,10,1,1,False
202,B_factorial,15,merge,11,1,1,False
202,C_difference,0,intersection,0,1,1,False
202,C_difference,0,intersection,1,1,1,False
202,C_difference,0,intersection,2,1,1,False
202,C_difference,0,intersection,3,1,1,False
202,C_difference,0,intersection,4,1,1,False
202,C_difference,0,intersection,5,1,1,False
202,C_difference,0,intersection,6,1,1,False
202,C_difference,0,intersection,7,1,1,False
202,C_difference,0,intersection,8,1,1,False
202,C_difference,0,intersection,9,1,1,False
202,C_difference,0,intersection,10,1,1,False
202,C_difference,0,intersection,11,1,1,False
202,C_difference,1,merge,0,1,1,False
202,C_difference,1,merge,1,1,1,False
202,C_difference,1,merge,2,1,1,False
202,C_difference,1,merge,3,1,1,False
202,C_difference,1,merge,4,1,1,False
202,C_difference,1,merge,5,1,1,False
202,C_difference,1,merge,6,1,1,False
202,C_difference,1,merge,7,1,1,False
202,C_difference,1,merge,8,1,1,False
202,C_difference,1,merge,9,1,1,False
202,C_difference,1,merge,10,1,1,False
202,C_difference,1,merge,11,1,1,False
202,C_difference,2,intersection,0,1,1,False
202,C_difference,2,intersection,1,1,1,False
202,C_difference,2,intersection,2,1,1,False
202,C_difference,2,intersection,3,1,1,False
202,C_difference,2,intersection,4,1,1,False
202,C_difference,2,intersection,5,1,1,False
202,C_difference,2,intersection,6,1,1,False
202,C_difference,2,intersection,7,1,1,False
202,C_difference,2,intersection,8,1,1,False
202,C_difference,2,intersection,9,1,1,False
202,C_difference,2,intersection,10,1,1,False
202,C_difference,2,intersection,11,1,1,False
202,C_difference,3,merge,0,1,1,False
202,C_difference,3,merge,1,1,1,False
202,C_difference,3,merge,2,1,1,False
202,C_difference,3,merge,3,1,1,False
202,C_difference,3,merge,4,1,1,False
202,C_difference,3,merge,5,1,1,False
202,C_difference,3,merge,6,1,1,False
202,C_difference,3,merge,7,1,1,False
202,C_difference,3,merge,8,1,1,False
202,C_difference,3,merge,9,1,1,False
202,C_difference,3,merge,10,1,1,False
202,C_difference,3,merge,11,1,1,False
202,C_difference,4,intersection,0,1,1,False
202,C_difference,4,intersection,1,1,1,False
202,C_difference,4,intersection,2,1,1,False
202,C_difference,4,intersection,3,1,1,False
202,C_difference,4,intersection,4,1,1,False
202,C_difference,4,intersection,5,1,1,False
202,C_difference,4,intersection,6,1,1,False
202,C_difference,4,intersection,7,1,1,False
202,C_difference,4,intersection,8,1,1,False
202,C_difference,4,intersection,9,1,1,False
202,C_difference,4,intersection,10,1,1,False
202,C_difference,4,intersection,11,1,1,False
202,C_difference,5,merge,0,1,1,False
202,C_difference,5,merge,1,1,1,False
202,C_difference,5,merge,2,1,1,False
202,C_difference,5,merge,3,1,1,False
202,C_difference,5,merge,4,1,1,False
202,C_difference,5,merge,5,1,1,False
202,C_difference,5,merge,6,1,1,False
202,C_difference,5,merge,7,1,1,False
202,C_difference,5,merge,8,1,1,False
202,C_difference,5,merge,9,1,1,False
202,C_difference,5,merge,10,1,1,False
202,C_difference,5,merge,11,1,1,False
202,C_difference,6,intersection,0,1,1,False
202,C_difference,6,intersection,1,1,1,False
202,C_difference,6,intersection,2,1,1,False
202,C_difference,6,intersection,3,1,1,False
202,C_difference,6,intersection,4,1,1,False
202,C_difference,6,intersection,5,1,1,False
202,C_difference,6,intersection,6,1,1,False
202,C_difference,6,intersection,7,1,1,False
202,C_difference,6,intersection,8,1,1,False
202,C_difference,6,intersection,9,1,1,False
202,C_difference,6,intersection,10,1,1,False
202,C_difference,6,intersection,11,1,1,False
202,C_difference,7,merge,0,0,0,False
202,C_difference,7,merge,1,0,1,False
202,C_difference,7,merge,2,1,1,False
202,C_difference,7,merge,3,1,1,False
202,C_difference,7,merge,4,1,1,False
202,C_difference,7,merge,5,1,1,False
202,C_difference,7,merge,6,1,1,False
202,C_difference,7,merge,7,1,1,False
202,C_difference,7,merge,8,1,1,False
202,C_difference,7,merge,9,1,1,False
202,C_difference,7,merge,10,1,1,False
202,C_difference,7,merge,11,1,1,False
202,C_difference,8,intersection,0,1,1,False
202,C_difference,8,intersection,1,1,1,False
202,C_difference,8,intersection,2,1,1,False
202,C_difference,8,intersection,3,1,1,False
202,C_difference,8,intersection,4,1,1,False
202,C_difference,8,intersection,5,1,1,False
202,C_difference,8,intersection,6,1,1,False
202,C_difference,8,intersection,7,1,1,False
202,C_difference,8,intersection,8,1,1,False
202,C_difference,8,intersection,9,1,1,False
202,C_difference,8,intersection,10,1,1,False
202,C_difference,8,intersection,11,1,1,False
202,C_difference,9,merge,0,1,0,False
202,C_difference,9,merge,1,1,1,False
202,C_difference,9,merge,2,1,1,False
202,C_difference,9,merge,3,1,1,False
202,C_difference,9,merge,4,1,1,False
202,C_difference,9,merge,5,1,1,False
202,C_difference,9,merge,6,1,1,False
202,C_difference,9,merge,7,1,1,False
202,C_difference,9,merge,8,1,1,False
202,C_difference,9,merge,9,1,1,False
202,C_difference,9,merge,10,1,1,False
202,C_difference,9,merge,11,1,1,False
202,C_difference,10,intersection,0,1,1,False
202,C_difference,10,intersection,1,1,1,False
202,C_difference,10,intersection,2,1,1,False
202,C_difference,10,intersection,3,1,1,False
202,C_difference,10,intersection,4,1,1,False
202,C_difference,10,intersection,5,1,1,False
202,C_difference,10,intersection,6,1,1,False
202,C_difference,10,intersection,7,1,1,False
202,C_difference,10,intersection,8,1,1,False
202,C_difference,10,intersection,9,1,1,False
202,C_difference,10,intersection,10,1,1,False
202,C_difference,10,intersection,11,1,1,False
202,C_difference,11,merge,0,0,0,False
202,C_difference,11,merge,1,1,1,False
202,C_difference,11,merge,2,1,1,False
202,C_difference,11,merge,3,1,1,False
202,C_difference,11,merge,4,1,1,False
202,C_difference,11,merge,5,1,1,False
202,C_difference,11,merge,6,1,1,False
202,C_difference,11,merge,7,1,1,False
202,C_difference,11,merge,8,1,1,False
202,C_difference,11,merge,9,1,1,False
202,C_difference,11,merge,10,1,1,False
202,C_difference,11,merge,11,1,1,False
202,C_difference,12,intersection,0,0,0,False
202,C_difference,12,intersection,1,1,1,False
202,C_difference,12,intersection,2,1,1,False
202,C_difference,12,intersection,3,1,1,False
202,C_difference,12,intersection,4,1,1,False
202,C_difference,12,intersection,5,1,1,False
202,C_difference,12,intersection,6,1,1,False
202,C_difference,12,intersection,7,1,1,False
202,C_difference,12,intersection,8,1,1,False
202,C_difference,12,intersection,9,1,1,False
202,C_difference,12,intersection,10,1,1,False
202,C_difference,12,intersection,11,1,1,False
202,C_difference,13,merge,0,1,1,False
202,C_difference,13,merge,1,1,1,False
202,C_difference,13,merge,2,1,1,False
202,C_difference,13,merge,3,1,1,False
202,C_difference,13,merge,4,1,1,False
202,C_difference,13,merge,5,1,1,False
202,C_difference,13,merge,6,1,1,False
202,C_difference,13,merge,7,1,1,False
202,C_difference,13,merge,8,1,1,False
202,C_difference,13,merge,9,1,1,False
202,C_difference,13,merge,10,1,1,False
202,C_difference,13,merge,11,1,1,False
202,C_difference,14,intersection,0,1,1,False
202,C_difference,14,intersection,1,1,1,False
202,C_difference,14,intersection,2,1,1,False
202,C_difference,14,intersection,3,1,1,False
202,C_difference,14,intersection,4,1,1,False
202,C_difference,14,intersection,5,1,1,False
202,C_difference,14,intersection,6,1,1,False
202,C_difference,14,intersection,7,1,1,False
202,C_difference,14,intersection,8,1,1,False
202,C_difference,14,intersection,9,1,1,False
202,C_difference,14,intersection,10,1,1,False
202,C_difference,14,intersection,11,1,1,False
202,C_difference,15,merge,0,1,1,False
202,C_difference,15,merge,1,1,1,False
202,C_difference,15,merge,2,1,1,False
202,C_difference,15,merge,3,1,1,False
202,C_difference,15,merge,4,1,1,False
202,C_difference,15,merge,5,1,1,False
202,C_difference,15,merge,6,1,1,False
202,C_difference,15,merge,7,1,1,False
202,C_difference,15,merge,8,1,1,False
202,C_difference,15,merge,9,1,1,False
202,C_difference,15,merge,10,1,1,False
202,C_difference,15,merge,11,1,1,False
202,independent,0,intersection,0,1,1,False
202,independent,0,intersection,1,1,1,False
202,independent,0,intersection,2,1,1,False
202,independent,0,intersection,3,1,1,False
202,independent,0,intersection,4,1,1,False
202,independent,0,intersection,5,1,1,False
202,independent,0,intersection,6,1,1,False
202,independent,0,intersection,7,1,1,False
202,independent,0,intersection,8,1,1,False
202,independent,0,intersection,9,1,1,False
202,independent,0,intersection,10,1,1,False
202,independent,0,intersection,11,1,1,False
202,independent,1,merge,0,1,1,False
202,independent,1,merge,1,1,1,False
202,independent,1,merge,2,1,1,False
202,independent,1,merge,3,1,1,False
202,independent,1,merge,4,1,1,False
202,independent,1,merge,5,1,1,False
202,independent,1,merge,6,1,1,False
202,independent,1,merge,7,1,1,False
202,independent,1,merge,8,1,1,False
202,independent,1,merge,9,1,1,False
202,independent,1,merge,10,1,1,False
202,independent,1,merge,11,1,1,False
202,independent,2,intersection,0,1,1,False
202,independent,2,intersection,1,1,1,False
202,independent,2,intersection,2,1,1,False
202,independent,2,intersection,3,1,1,False
202,independent,2,intersection,4,1,1,False
202,independent,2,intersection,5,1,1,False
202,independent,2,intersection,6,1,1,False
202,independent,2,intersection,7,1,1,False
202,independent,2,intersection,8,1,1,False
202,independent,2,intersection,9,1,1,False
202,independent,2,intersection,10,1,1,False
202,independent,2,intersection,11,1,1,False
202,independent,3,merge,0,1,1,False
202,independent,3,merge,1,1,1,False
202,independent,3,merge,2,1,1,False
202,independent,3,merge,3,1,1,False
202,independent,3,merge,4,1,1,False
202,independent,3,merge,5,1,1,False
202,independent,3,merge,6,1,1,False
202,independent,3,merge,7,1,1,False
202,independent,3,merge,8,1,1,False
202,independent,3,merge,9,1,1,False
202,independent,3,merge,10,1,1,False
202,independent,3,merge,11,1,1,False
202,independent,4,intersection,0,1,1,False
202,independent,4,intersection,1,1,1,False
202,independent,4,intersection,2,1,1,False
202,independent,4,intersection,3,1,1,False
202,independent,4,intersection,4,1,1,False
202,independent,4,intersection,5,1,1,False
202,independent,4,intersection,6,1,1,False
202,independent,4,intersection,7,1,1,False
202,independent,4,intersection,8,1,1,False
202,independent,4,intersection,9,1,1,False
202,independent,4,intersection,10,1,1,False
202,independent,4,intersection,11,1,1,False
202,independent,5,merge,0,1,1,False
202,independent,5,merge,1,1,1,False
202,independent,5,merge,2,1,1,False
202,independent,5,merge,3,1,1,False
202,independent,5,merge,4,1,1,False
202,independent,5,merge,5,1,1,False
202,independent,5,merge,6,1,1,False
202,independent,5,merge,7,1,1,False
202,independent,5,merge,8,1,1,False
202,independent,5,merge,9,1,1,False
202,independent,5,merge,10,1,1,False
202,independent,5,merge,11,1,1,False
202,independent,6,intersection,0,1,1,False
202,independent,6,intersection,1,1,1,False
202,independent,6,intersection,2,1,1,False
202,independent,6,intersection,3,1,1,False
202,independent,6,intersection,4,1,1,False
202,independent,6,intersection,5,1,1,False
202,independent,6,intersection,6,1,1,False
202,independent,6,intersection,7,1,1,False
202,independent,6,intersection,8,1,1,False
202,independent,6,intersection,9,1,1,False
202,independent,6,intersection,10,1,1,False
202,independent,6,intersection,11,1,1,False
202,independent,7,merge,0,1,1,False
202,independent,7,merge,1,1,1,False
202,independent,7,merge,2,1,1,False
202,independent,7,merge,3,1,1,False
202,independent,7,merge,4,1,1,False
202,independent,7,merge,5,1,1,False
202,independent,7,merge,6,1,1,False
202,independent,7,merge,7,1,1,False
202,independent,7,merge,8,1,1,False
202,independent,7,merge,9,1,1,False
202,independent,7,merge,10,1,1,False
202,independent,7,merge,11,1,1,False
202,independent,8,intersection,0,1,1,False
202,independent,8,intersection,1,1,1,False
202,independent,8,intersection,2,1,1,False
202,independent,8,intersection,3,1,1,False
202,independent,8,intersection,4,1,1,False
202,independent,8,intersection,5,1,1,False
202,independent,8,intersection,6,1,1,False
202,independent,8,intersection,7,1,1,False
202,independent,8,intersection,8,1,1,False
202,independent,8,intersection,9,1,1,False
202,independent,8,intersection,10,1,1,False
202,independent,8,intersection,11,1,1,False
202,independent,9,merge,0,1,1,False
202,independent,9,merge,1,1,1,False
202,independent,9,merge,2,1,1,False
202,independent,9,merge,3,1,1,False
202,independent,9,merge,4,1,1,False
202,independent,9,merge,5,1,1,False
202,independent,9,merge,6,1,1,False
202,independent,9,merge,7,1,1,False
202,independent,9,merge,8,1,1,False
202,independent,9,merge,9,1,1,False
202,independent,9,merge,10,1,1,False
202,independent,9,merge,11,1,1,False
202,independent,10,intersection,0,1,1,False
202,independent,10,intersection,1,1,1,False
202,independent,10,intersection,2,1,1,False
202,independent,10,intersection,3,1,1,False
202,independent,10,intersection,4,1,1,False
202,independent,10,intersection,5,1,1,False
202,independent,10,intersection,6,1,1,False
202,independent,10,intersection,7,1,1,False
202,independent,10,intersection,8,1,1,False
202,independent,10,intersection,9,1,1,False
202,independent,10,intersection,10,1,1,False
202,independent,10,intersection,11,1,1,False
202,independent,11,merge,0,1,1,False
202,independent,11,merge,1,1,1,False
202,independent,11,merge,2,1,1,False
202,independent,11,merge,3,1,1,False
202,independent,11,merge,4,1,1,False
202,independent,11,merge,5,1,1,False
202,independent,11,merge,6,1,1,False
202,independent,11,merge,7,1,1,False
202,independent,11,merge,8,1,1,False
202,independent,11,merge,9,1,1,False
202,independent,11,merge,10,1,1,False
202,independent,11,merge,11,1,1,False
202,independent,12,intersection,0,1,1,False
202,independent,12,intersection,1,1,1,False
202,independent,12,intersection,2,1,1,False
202,independent,12,intersection,3,1,1,False
202,independent,12,intersection,4,1,1,False
202,independent,12,intersection,5,1,1,False
202,independent,12,intersection,6,1,1,False
202,independent,12,intersection,7,1,1,False
202,independent,12,intersection,8,1,1,False
202,independent,12,intersection,9,1,1,False
202,independent,12,intersection,10,1,1,False
202,independent,12,intersection,11,1,1,False
202,independent,13,merge,0,1,1,False
202,independent,13,merge,1,1,1,False
202,independent,13,merge,2,1,1,False
202,independent,13,merge,3,1,1,False
202,independent,13,merge,4,1,1,False
202,independent,13,merge,5,1,1,False
202,independent,13,merge,6,1,1,False
202,independent,13,merge,7,1,1,False
202,independent,13,merge,8,1,1,False
202,independent,13,merge,9,1,1,False
202,independent,13,merge,10,1,1,False
202,independent,13,merge,11,1,1,False
202,independent,14,intersection,0,1,1,False
202,independent,14,intersection,1,1,1,False
202,independent,14,intersection,2,1,1,False
202,independent,14,intersection,3,1,1,False
202,independent,14,intersection,4,1,1,False
202,independent,14,intersection,5,1,1,False
202,independent,14,intersection,6,1,1,False
202,independent,14,intersection,7,1,1,False
202,independent,14,intersection,8,1,1,False
202,independent,14,intersection,9,1,1,False
202,independent,14,intersection,10,1,1,False
202,independent,14,intersection,11,1,1,False
202,independent,15,merge,0,1,1,False
202,independent,15,merge,1,1,1,False
202,independent,15,merge,2,1,1,False
202,independent,15,merge,3,1,1,False
202,independent,15,merge,4,1,1,False
202,independent,15,merge,5,1,1,False
202,independent,15,merge,6,1,1,False
202,independent,15,merge,7,1,1,False
202,independent,15,merge,8,1,1,False
202,independent,15,merge,9,1,1,False
202,independent,15,merge,10,1,1,False
202,independent,15,merge,11,1,1,False
202,privileged,0,intersection,0,1,1,False
202,privileged,0,intersection,1,1,1,False
202,privileged,0,intersection,2,1,1,False
202,privileged,0,intersection,3,1,1,False
202,privileged,0,intersection,4,1,1,False
202,privileged,0,intersection,5,1,1,False
202,privileged,0,intersection,6,1,1,False
202,privileged,0,intersection,7,1,1,False
202,privileged,0,intersection,8,1,1,False
202,privileged,0,intersection,9,1,1,False
202,privileged,0,intersection,10,1,1,False
202,privileged,0,intersection,11,1,1,False
202,privileged,1,merge,0,1,1,False
202,privileged,1,merge,1,1,1,False
202,privileged,1,merge,2,1,1,False
202,privileged,1,merge,3,1,1,False
202,privileged,1,merge,4,1,1,False
202,privileged,1,merge,5,1,1,False
202,privileged,1,merge,6,1,1,False
202,privileged,1,merge,7,1,1,False
202,privileged,1,merge,8,1,1,False
202,privileged,1,merge,9,1,1,False
202,privileged,1,merge,10,1,1,False
202,privileged,1,merge,11,1,1,False
202,privileged,2,intersection,0,1,1,False
202,privileged,2,intersection,1,1,1,False
202,privileged,2,intersection,2,1,1,False
202,privileged,2,intersection,3,1,1,False
202,privileged,2,intersection,4,1,1,False
202,privileged,2,intersection,5,1,1,False
202,privileged,2,intersection,6,1,1,False
202,privileged,2,intersection,7,1,1,False
202,privileged,2,intersection,8,1,1,False
202,privileged,2,intersection,9,1,1,False
202,privileged,2,intersection,10,1,1,False
202,privileged,2,intersection,11,1,1,False
202,privileged,3,merge,0,1,1,False
202,privileged,3,merge,1,1,1,False
202,privileged,3,merge,2,1,1,False
202,privileged,3,merge,3,1,1,False
202,privileged,3,merge,4,1,1,False
202,privileged,3,merge,5,1,1,False
202,privileged,3,merge,6,1,1,False
202,privileged,3,merge,7,1,1,False
202,privileged,3,merge,8,1,1,False
202,privileged,3,merge,9,1,1,False
202,privileged,3,merge,10,1,1,False
202,privileged,3,merge,11,1,1,False
202,privileged,4,intersection,0,1,1,False
202,privileged,4,intersection,1,1,1,False
202,privileged,4,intersection,2,1,1,False
202,privileged,4,intersection,3,1,1,False
202,privileged,4,intersection,4,1,1,False
202,privileged,4,intersection,5,1,1,False
202,privileged,4,intersection,6,1,1,False
202,privileged,4,intersection,7,1,1,False
202,privileged,4,intersection,8,1,1,False
202,privileged,4,intersection,9,1,1,False
202,privileged,4,intersection,10,1,1,False
202,privileged,4,intersection,11,1,1,False
202,privileged,5,merge,0,1,1,False
202,privileged,5,merge,1,1,1,False
202,privileged,5,merge,2,1,1,False
202,privileged,5,merge,3,1,1,False
202,privileged,5,merge,4,1,1,False
202,privileged,5,merge,5,1,1,False
202,privileged,5,merge,6,1,1,False
202,privileged,5,merge,7,1,1,False
202,privileged,5,merge,8,1,1,False
202,privileged,5,merge,9,1,1,False
202,privileged,5,merge,10,1,1,False
202,privileged,5,merge,11,1,1,False
202,privileged,6,intersection,0,1,1,False
202,privileged,6,intersection,1,1,1,False
202,privileged,6,intersection,2,1,1,False
202,privileged,6,intersection,3,1,1,False
202,privileged,6,intersection,4,1,1,False
202,privileged,6,intersection,5,1,1,False
202,privileged,6,intersection,6,1,1,False
202,privileged,6,intersection,7,1,1,False
202,privileged,6,intersection,8,1,1,False
202,privileged,6,intersection,9,1,1,False
202,privileged,6,intersection,10,1,1,False
202,privileged,6,intersection,11,1,1,False
202,privileged,7,merge,0,1,1,False
202,privileged,7,merge,1,1,1,False
202,privileged,7,merge,2,1,1,False
202,privileged,7,merge,3,1,1,False
202,privileged,7,merge,4,1,1,False
202,privileged,7,merge,5,1,1,False
202,privileged,7,merge,6,1,1,False
202,privileged,7,merge,7,1,1,False
202,privileged,7,merge,8,1,1,False
202,privileged,7,merge,9,1,1,False
202,privileged,7,merge,10,1,1,False
202,privileged,7,merge,11,1,1,False
202,privileged,8,intersection,0,1,1,False
202,privileged,8,intersection,1,1,1,False
202,privileged,8,intersection,2,1,1,False
202,privileged,8,intersection,3,1,1,False
202,privileged,8,intersection,4,1,1,False
202,privileged,8,intersection,5,1,1,False
202,privileged,8,intersection,6,1,1,False
202,privileged,8,intersection,7,1,1,False
202,privileged,8,intersection,8,1,1,False
202,privileged,8,intersection,9,1,1,False
202,privileged,8,intersection,10,1,1,False
202,privileged,8,intersection,11,1,1,False
202,privileged,9,merge,0,1,1,False
202,privileged,9,merge,1,1,1,False
202,privileged,9,merge,2,1,1,False
202,privileged,9,merge,3,1,1,False
202,privileged,9,merge,4,1,1,False
202,privileged,9,merge,5,1,1,False
202,privileged,9,merge,6,1,1,False
202,privileged,9,merge,7,1,1,False
202,privileged,9,merge,8,1,1,False
202,privileged,9,merge,9,1,1,False
202,privileged,9,merge,10,1,1,False
202,privileged,9,merge,11,1,1,False
202,privileged,10,intersection,0,1,1,False
202,privileged,10,intersection,1,1,1,False
202,privileged,10,intersection,2,1,1,False
202,privileged,10,intersection,3,1,1,False
202,privileged,10,intersection,4,1,1,False
202,privileged,10,intersection,5,1,1,False
202,privileged,10,intersection,6,1,1,False
202,privileged,10,intersection,7,1,1,False
202,privileged,10,intersection,8,1,1,False
202,privileged,10,intersection,9,1,1,False
202,privileged,10,intersection,10,1,1,False
202,privileged,10,intersection,11,1,1,False
202,privileged,11,merge,0,1,1,False
202,privileged,11,merge,1,1,1,False
202,privileged,11,merge,2,1,1,False
202,privileged,11,merge,3,1,1,False
202,privileged,11,merge,4,1,1,False
202,privileged,11,merge,5,1,1,False
202,privileged,11,merge,6,1,1,False
202,privileged,11,merge,7,1,1,False
202,privileged,11,merge,8,1,1,False
202,privileged,11,merge,9,1,1,False
202,privileged,11,merge,10,1,1,False
202,privileged,11,merge,11,1,1,False
202,privileged,12,intersection,0,1,1,False
202,privileged,12,intersection,1,1,1,False
202,privileged,12,intersection,2,1,1,False
202,privileged,12,intersection,3,1,1,False
202,privileged,12,intersection,4,1,1,False
202,privileged,12,intersection,5,1,1,False
202,privileged,12,intersection,6,1,1,False
202,privileged,12,intersection,7,1,1,False
202,privileged,12,intersection,8,1,1,False
202,privileged,12,intersection,9,1,1,False
202,privileged,12,intersection,10,1,1,False
202,privileged,12,intersection,11,1,1,False
202,privileged,13,merge,0,1,1,False
202,privileged,13,merge,1,1,1,False
202,privileged,13,merge,2,1,1,False
202,privileged,13,merge,3,1,1,False
202,privileged,13,merge,4,1,1,False
202,privileged,13,merge,5,1,1,False
202,privileged,13,merge,6,1,1,False
202,privileged,13,merge,7,1,1,False
202,privileged,13,merge,8,1,1,False
202,privileged,13,merge,9,1,1,False
202,privileged,13,merge,10,1,1,False
202,privileged,13,merge,11,1,1,False
202,privileged,14,intersection,0,1,1,False
202,privileged,14,intersection,1,1,1,False
202,privileged,14,intersection,2,1,1,False
202,privileged,14,intersection,3,1,1,False
202,privileged,14,intersection,4,1,1,False
202,privileged,14,intersection,5,1,1,False
202,privileged,14,intersection,6,1,1,False
202,privileged,14,intersection,7,1,1,False
202,privileged,14,intersection,8,1,1,False
202,privileged,14,intersection,9,1,1,False
202,privileged,14,intersection,10,1,1,False
202,privileged,14,intersection,11,1,1,False
202,privileged,15,merge,0,1,1,False
202,privileged,15,merge,1,1,1,False
202,privileged,15,merge,2,1,1,False
202,privileged,15,merge,3,1,1,False
202,privileged,15,merge,4,1,1,False
202,privileged,15,merge,5,1,1,False
202,privileged,15,merge,6,1,1,False
202,privileged,15,merge,7,1,1,False
202,privileged,15,merge,8,1,1,False
202,privileged,15,merge,9,1,1,False
202,privileged,15,merge,10,1,1,False
202,privileged,15,merge,11,1,1,False
202,D_pairwise,0,intersection,0,1,1,False
202,D_pairwise,0,intersection,1,1,1,False
202,D_pairwise,0,intersection,2,1,1,False
202,D_pairwise,0,intersection,3,1,1,False
202,D_pairwise,0,intersection,4,1,1,False
202,D_pairwise,0,intersection,5,1,1,False
202,D_pairwise,0,intersection,6,1,1,False
202,D_pairwise,0,intersection,7,1,1,False
202,D_pairwise,0,intersection,8,1,1,False
202,D_pairwise,0,intersection,9,1,1,False
202,D_pairwise,0,intersection,10,1,1,False
202,D_pairwise,0,intersection,11,1,1,False
202,D_pairwise,1,merge,0,1,1,False
202,D_pairwise,1,merge,1,1,1,False
202,D_pairwise,1,merge,2,1,1,False
202,D_pairwise,1,merge,3,1,1,False
202,D_pairwise,1,merge,4,1,1,False
202,D_pairwise,1,merge,5,1,1,False
202,D_pairwise,1,merge,6,1,1,False
202,D_pairwise,1,merge,7,1,1,False
202,D_pairwise,1,merge,8,1,1,False
202,D_pairwise,1,merge,9,1,1,False
202,D_pairwise,1,merge,10,1,1,False
202,D_pairwise,1,merge,11,1,1,False
202,D_pairwise,2,intersection,0,1,1,False
202,D_pairwise,2,intersection,1,1,1,False
202,D_pairwise,2,intersection,2,1,1,False
202,D_pairwise,2,intersection,3,1,1,False
202,D_pairwise,2,intersection,4,1,1,False
202,D_pairwise,2,intersection,5,1,1,False
202,D_pairwise,2,intersection,6,1,1,False
202,D_pairwise,2,intersection,7,1,1,False
202,D_pairwise,2,intersection,8,1,1,False
202,D_pairwise,2,intersection,9,1,1,False
202,D_pairwise,2,intersection,10,1,1,False
202,D_pairwise,2,intersection,11,1,1,False
202,D_pairwise,3,merge,0,1,1,False
202,D_pairwise,3,merge,1,1,1,False
202,D_pairwise,3,merge,2,1,1,False
202,D_pairwise,3,merge,3,1,1,False
202,D_pairwise,3,merge,4,1,1,False
202,D_pairwise,3,merge,5,1,1,False
202,D_pairwise,3,merge,6,1,1,False
202,D_pairwise,3,merge,7,1,1,False
202,D_pairwise,3,merge,8,1,1,False
202,D_pairwise,3,merge,9,1,1,False
202,D_pairwise,3,merge,10,1,1,False
202,D_pairwise,3,merge,11,1,1,False
202,D_pairwise,4,intersection,0,1,1,False
202,D_pairwise,4,intersection,1,1,1,False
202,D_pairwise,4,intersection,2,1,1,False
202,D_pairwise,4,intersection,3,1,1,False
202,D_pairwise,4,intersection,4,1,1,False
202,D_pairwise,4,intersection,5,1,1,False
202,D_pairwise,4,intersection,6,1,1,False
202,D_pairwise,4,intersection,7,1,1,False
202,D_pairwise,4,intersection,8,1,1,False
202,D_pairwise,4,intersection,9,1,1,False
202,D_pairwise,4,intersection,10,1,1,False
202,D_pairwise,4,intersection,11,1,1,False
202,D_pairwise,5,merge,0,1,1,False
202,D_pairwise,5,merge,1,1,1,False
202,D_pairwise,5,merge,2,1,1,False
202,D_pairwise,5,merge,3,1,1,False
202,D_pairwise,5,merge,4,1,1,False
202,D_pairwise,5,merge,5,1,1,False
202,D_pairwise,5,merge,6,1,1,False
202,D_pairwise,5,merge,7,1,1,False
202,D_pairwise,5,merge,8,1,1,False
202,D_pairwise,5,merge,9,1,1,False
202,D_pairwise,5,merge,10,1,1,False
202,D_pairwise,5,merge,11,1,1,False
202,D_pairwise,6,intersection,0,1,1,False
202,D_pairwise,6,intersection,1,1,1,False
202,D_pairwise,6,intersection,2,1,1,False
202,D_pairwise,6,intersection,3,1,1,False
202,D_pairwise,6,intersection,4,1,1,False
202,D_pairwise,6,intersection,5,1,1,False
202,D_pairwise,6,intersection,6,1,1,False
202,D_pairwise,6,intersection,7,1,1,False
202,D_pairwise,6,intersection,8,1,1,False
202,D_pairwise,6,intersection,9,1,1,False
202,D_pairwise,6,intersection,10,1,1,False
202,D_pairwise,6,intersection,11,1,1,False
202,D_pairwise,7,merge,0,1,1,False
202,D_pairwise,7,merge,1,1,1,False
202,D_pairwise,7,merge,2,1,1,False
202,D_pairwise,7,merge,3,1,1,False
202,D_pairwise,7,merge,4,1,1,False
202,D_pairwise,7,merge,5,1,1,False
202,D_pairwise,7,merge,6,1,1,False
202,D_pairwise,7,merge,7,1,1,False
202,D_pairwise,7,merge,8,1,1,False
202,D_pairwise,7,merge,9,1,1,False
202,D_pairwise,7,merge,10,1,1,False
202,D_pairwise,7,merge,11,1,1,False
202,D_pairwise,8,intersection,0,1,1,False
202,D_pairwise,8,intersection,1,1,1,False
202,D_pairwise,8,intersection,2,1,1,False
202,D_pairwise,8,intersection,3,1,1,False
202,D_pairwise,8,intersection,4,1,1,False
202,D_pairwise,8,intersection,5,1,1,False
202,D_pairwise,8,intersection,6,1,1,False
202,D_pairwise,8,intersection,7,1,1,False
202,D_pairwise,8,intersection,8,1,1,False
202,D_pairwise,8,intersection,9,1,1,False
202,D_pairwise,8,intersection,10,1,1,False
202,D_pairwise,8,intersection,11,1,1,False
202,D_pairwise,9,merge,0,1,1,False
202,D_pairwise,9,merge,1,1,1,False
202,D_pairwise,9,merge,2,1,1,False
202,D_pairwise,9,merge,3,1,1,False
202,D_pairwise,9,merge,4,1,1,False
202,D_pairwise,9,merge,5,1,1,False
202,D_pairwise,9,merge,6,1,1,False
202,D_pairwise,9,merge,7,1,1,False
202,D_pairwise,9,merge,8,1,1,False
202,D_pairwise,9,merge,9,1,1,False
202,D_pairwise,9,merge,10,1,1,False
202,D_pairwise,9,merge,11,1,1,False
202,D_pairwise,10,intersection,0,1,1,False
202,D_pairwise,10,intersection,1,1,1,False
202,D_pairwise,10,intersection,2,1,1,False
202,D_pairwise,10,intersection,3,1,1,False
202,D_pairwise,10,intersection,4,1,1,False
202,D_pairwise,10,intersection,5,1,1,False
202,D_pairwise,10,intersection,6,1,1,False
202,D_pairwise,10,intersection,7,1,1,False
202,D_pairwise,10,intersection,8,1,1,False
202,D_pairwise,10,intersection,9,1,1,False
202,D_pairwise,10,intersection,10,1,1,False
202,D_pairwise,10,intersection,11,1,1,False
202,D_pairwise,11,merge,0,1,1,False
202,D_pairwise,11,merge,1,1,1,False
202,D_pairwise,11,merge,2,1,1,False
202,D_pairwise,11,merge,3,1,1,False
202,D_pairwise,11,merge,4,1,1,False
202,D_pairwise,11,merge,5,1,1,False
202,D_pairwise,11,merge,6,1,1,False
202,D_pairwise,11,merge,7,1,1,False
202,D_pairwise,11,merge,8,1,1,False
202,D_pairwise,11,merge,9,1,1,False
202,D_pairwise,11,merge,10,1,1,False
202,D_pairwise,11,merge,11,1,1,False
202,D_pairwise,12,intersection,0,1,1,False
202,D_pairwise,12,intersection,1,1,1,False
202,D_pairwise,12,intersection,2,1,1,False
202,D_pairwise,12,intersection,3,1,1,False
202,D_pairwise,12,intersection,4,1,1,False
202,D_pairwise,12,intersection,5,1,1,False
202,D_pairwise,12,intersection,6,1,1,False
202,D_pairwise,12,intersection,7,1,1,False
202,D_pairwise,12,intersection,8,1,1,False
202,D_pairwise,12,intersection,9,1,1,False
202,D_pairwise,12,intersection,10,1,1,False
202,D_pairwise,12,intersection,11,1,1,False
202,D_pairwise,13,merge,0,1,1,False
202,D_pairwise,13,merge,1,1,1,False
202,D_pairwise,13,merge,2,1,1,False
202,D_pairwise,13,merge,3,1,1,False
202,D_pairwise,13,merge,4,1,1,False
202,D_pairwise,13,merge,5,1,1,False
202,D_pairwise,13,merge,6,1,1,False
202,D_pairwise,13,merge,7,1,1,False
202,D_pairwise,13,merge,8,1,1,False
202,D_pairwise,13,merge,9,1,1,False
202,D_pairwise,13,merge,10,1,1,False
202,D_pairwise,13,merge,11,1,1,False
202,D_pairwise,14,intersection,0,1,1,False
202,D_pairwise,14,intersection,1,1,1,False
202,D_pairwise,14,intersection,2,1,1,False
202,D_pairwise,14,intersection,3,1,1,False
202,D_pairwise,14,intersection,4,1,1,False
202,D_pairwise,14,intersection,5,1,1,False
202,D_pairwise,14,intersection,6,1,1,False
202,D_pairwise,14,intersection,7,1,1,False
202,D_pairwise,14,intersection,8,1,1,False
202,D_pairwise,14,intersection,9,1,1,False
202,D_pairwise,14,intersection,10,1,1,False
202,D_pairwise,14,intersection,11,1,1,False
202,D_pairwise,15,merge,0,1,1,False
202,D_pairwise,15,merge,1,1,1,False
202,D_pairwise,15,merge,2,1,1,False
202,D_pairwise,15,merge,3,1,1,False
202,D_pairwise,15,merge,4,1,1,False
202,D_pairwise,15,merge,5,1,1,False
202,D_pairwise,15,merge,6,1,1,False
202,D_pairwise,15,merge,7,1,1,False
202,D_pairwise,15,merge,8,1,1,False
202,D_pairwise,15,merge,9,1,1,False
202,D_pairwise,15,merge,10,1,1,False
202,D_pairwise,15,merge,11,1,1,False
303,A_original,0,intersection,0,1,1,False
303,A_original,0,intersection,1,1,1,False
303,A_original,0,intersection,2,1,1,False
303,A_original,0,intersection,3,1,1,False
303,A_original,0,intersection,4,1,1,False
303,A_original,0,intersection,5,1,1,False
303,A_original,0,intersection,6,1,1,False
303,A_original,0,intersection,7,1,1,False
303,A_original,0,intersection,8,1,1,False
303,A_original,0,intersection,9,1,1,False
303,A_original,0,intersection,10,1,1,False
303,A_original,0,intersection,11,1,1,False
303,A_original,1,merge,0,1,1,False
303,A_original,1,merge,1,1,1,False
303,A_original,1,merge,2,1,1,False
303,A_original,1,merge,3,1,1,False
303,A_original,1,merge,4,1,1,False
303,A_original,1,merge,5,1,1,False
303,A_original,1,merge,6,1,1,False
303,A_original,1,merge,7,1,1,False
303,A_original,1,merge,8,1,1,False
303,A_original,1,merge,9,1,1,False
303,A_original,1,merge,10,1,1,False
303,A_original,1,merge,11,1,1,False
303,A_original,2,intersection,0,1,1,False
303,A_original,2,intersection,1,1,1,False
303,A_original,2,intersection,2,1,1,False
303,A_original,2,intersection,3,1,1,False
303,A_original,2,intersection,4,1,1,False
303,A_original,2,intersection,5,1,1,False
303,A_original,2,intersection,6,1,1,False
303,A_original,2,intersection,7,1,1,False
303,A_original,2,intersection,8,1,1,False
303,A_original,2,intersection,9,1,1,False
303,A_original,2,intersection,10,1,1,False
303,A_original,2,intersection,11,1,1,False
303,A_original,3,merge,0,1,1,False
303,A_original,3,merge,1,1,1,False
303,A_original,3,merge,2,1,1,False
303,A_original,3,merge,3,1,1,False
303,A_original,3,merge,4,1,1,False
303,A_original,3,merge,5,1,1,False
303,A_original,3,merge,6,1,1,False
303,A_original,3,merge,7,1,1,False
303,A_original,3,merge,8,1,1,False
303,A_original,3,merge,9,1,1,False
303,A_original,3,merge,10,1,1,False
303,A_original,3,merge,11,1,1,False
303,A_original,4,intersection,0,1,1,False
303,A_original,4,intersection,1,1,1,False
303,A_original,4,intersection,2,1,1,False
303,A_original,4,intersection,3,1,1,False
303,A_original,4,intersection,4,1,1,False
303,A_original,4,intersection,5,1,1,False
303,A_original,4,intersection,6,1,1,False
303,A_original,4,intersection,7,1,1,False
303,A_original,4,intersection,8,1,1,False
303,A_original,4,intersection,9,1,1,False
303,A_original,4,intersection,10,1,1,False
303,A_original,4,intersection,11,1,1,False
303,A_original,5,merge,0,1,1,False
303,A_original,5,merge,1,1,1,False
303,A_original,5,merge,2,1,1,False
303,A_original,5,merge,3,1,1,False
303,A_original,5,merge,4,1,1,False
303,A_original,5,merge,5,1,1,False
303,A_original,5,merge,6,1,1,False
303,A_original,5,merge,7,1,1,False
303,A_original,5,merge,8,1,1,False
303,A_original,5,merge,9,1,1,False
303,A_original,5,merge,10,1,1,False
303,A_original,5,merge,11,1,1,False
303,A_original,6,intersection,0,1,1,False
303,A_original,6,intersection,1,1,1,False
303,A_original,6,intersection,2,1,1,False
303,A_original,6,intersection,3,1,1,False
303,A_original,6,intersection,4,1,1,False
303,A_original,6,intersection,5,1,1,False
303,A_original,6,intersection,6,1,1,False
303,A_original,6,intersection,7,1,1,False
303,A_original,6,intersection,8,1,1,False
303,A_original,6,intersection,9,1,1,False
303,A_original,6,intersection,10,1,1,False
303,A_original,6,intersection,11,1,1,False
303,A_original,7,merge,0,1,1,False
303,A_original,7,merge,1,1,1,False
303,A_original,7,merge,2,1,1,False
303,A_original,7,merge,3,1,1,False
303,A_original,7,merge,4,1,1,False
303,A_original,7,merge,5,1,1,False
303,A_original,7,merge,6,1,1,False
303,A_original,7,merge,7,1,1,False
303,A_original,7,merge,8,1,1,False
303,A_original,7,merge,9,1,1,False
303,A_original,7,merge,10,1,1,False
303,A_original,7,merge,11,1,1,False
303,A_original,8,intersection,0,1,1,False
303,A_original,8,intersection,1,1,1,False
303,A_original,8,intersection,2,1,1,False
303,A_original,8,intersection,3,1,1,False
303,A_original,8,intersection,4,1,1,False
303,A_original,8,intersection,5,1,1,False
303,A_original,8,intersection,6,1,1,False
303,A_original,8,intersection,7,1,1,False
303,A_original,8,intersection,8,1,1,False
303,A_original,8,intersection,9,1,1,False
303,A_original,8,intersection,10,1,1,False
303,A_original,8,intersection,11,1,1,False
303,A_original,9,merge,0,1,1,False
303,A_original,9,merge,1,1,1,False
303,A_original,9,merge,2,1,1,False
303,A_original,9,merge,3,1,1,False
303,A_original,9,merge,4,1,1,False
303,A_original,9,merge,5,1,1,False
303,A_original,9,merge,6,1,1,False
303,A_original,9,merge,7,1,1,False
303,A_original,9,merge,8,1,1,False
303,A_original,9,merge,9,1,1,False
303,A_original,9,merge,10,1,1,False
303,A_original,9,merge,11,1,1,False
303,A_original,10,intersection,0,1,1,False
303,A_original,10,intersection,1,1,1,False
303,A_original,10,intersection,2,1,1,False
303,A_original,10,intersection,3,1,1,False
303,A_original,10,intersection,4,1,1,False
303,A_original,10,intersection,5,1,1,False
303,A_original,10,intersection,6,1,1,False
303,A_original,10,intersection,7,1,1,False
303,A_original,10,intersection,8,1,1,False
303,A_original,10,intersection,9,1,1,False
303,A_original,10,intersection,10,1,1,False
303,A_original,10,intersection,11,1,1,False
303,A_original,11,merge,0,1,1,False
303,A_original,11,merge,1,1,1,False
303,A_original,11,merge,2,1,1,False
303,A_original,11,merge,3,1,1,False
303,A_original,11,merge,4,1,1,False
303,A_original,11,merge,5,1,1,False
303,A_original,11,merge,6,1,1,False
303,A_original,11,merge,7,1,1,False
303,A_original,11,merge,8,1,1,False
303,A_original,11,merge,9,1,1,False
303,A_original,11,merge,10,1,1,False
303,A_original,11,merge,11,1,1,False
303,A_original,12,intersection,0,1,1,False
303,A_original,12,intersection,1,1,1,False
303,A_original,12,intersection,2,1,1,False
303,A_original,12,intersection,3,1,1,False
303,A_original,12,intersection,4,1,1,False
303,A_original,12,intersection,5,1,1,False
303,A_original,12,intersection,6,1,1,False
303,A_original,12,intersection,7,1,1,False
303,A_original,12,intersection,8,1,1,False
303,A_original,12,intersection,9,1,1,False
303,A_original,12,intersection,10,1,1,False
303,A_original,12,intersection,11,1,1,False
303,A_original,13,merge,0,1,1,False
303,A_original,13,merge,1,1,1,False
303,A_original,13,merge,2,1,1,False
303,A_original,13,merge,3,1,1,False
303,A_original,13,merge,4,1,1,False
303,A_original,13,merge,5,1,1,False
303,A_original,13,merge,6,1,1,False
303,A_original,13,merge,7,1,1,False
303,A_original,13,merge,8,1,1,False
303,A_original,13,merge,9,1,1,False
303,A_original,13,merge,10,1,1,False
303,A_original,13,merge,11,1,1,False
303,A_original,14,intersection,0,1,1,False
303,A_original,14,intersection,1,1,1,False
303,A_original,14,intersection,2,1,1,False
303,A_original,14,intersection,3,1,1,False
303,A_original,14,intersection,4,1,1,False
303,A_original,14,intersection,5,1,1,False
303,A_original,14,intersection,6,1,1,False
303,A_original,14,intersection,7,1,1,False
303,A_original,14,intersection,8,1,1,False
303,A_original,14,intersection,9,1,1,False
303,A_original,14,intersection,10,1,1,False
303,A_original,14,intersection,11,1,1,False
303,A_original,15,merge,0,1,1,False
303,A_original,15,merge,1,1,1,False
303,A_original,15,merge,2,1,1,False
303,A_original,15,merge,3,1,1,False
303,A_original,15,merge,4,1,1,False
303,A_original,15,merge,5,1,1,False
303,A_original,15,merge,6,1,1,False
303,A_original,15,merge,7,1,1,False
303,A_original,15,merge,8,1,1,False
303,A_original,15,merge,9,1,1,False
303,A_original,15,merge,10,1,1,False
303,A_original,15,merge,11,1,1,False
303,B_factorial,0,intersection,0,1,1,False
303,B_factorial,0,intersection,1,1,1,False
303,B_factorial,0,intersection,2,1,1,False
303,B_factorial,0,intersection,3,1,1,False
303,B_factorial,0,intersection,4,1,1,False
303,B_factorial,0,intersection,5,1,1,False
303,B_factorial,0,intersection,6,1,1,False
303,B_factorial,0,intersection,7,1,1,False
303,B_factorial,0,intersection,8,1,1,False
303,B_factorial,0,intersection,9,1,1,False
303,B_factorial,0,intersection,10,1,1,False
303,B_factorial,0,intersection,11,1,1,False
303,B_factorial,1,merge,0,1,1,False
303,B_factorial,1,merge,1,1,1,False
303,B_factorial,1,merge,2,1,1,False
303,B_factorial,1,merge,3,1,1,False
303,B_factorial,1,merge,4,1,1,False
303,B_factorial,1,merge,5,1,1,False
303,B_factorial,1,merge,6,1,1,False
303,B_factorial,1,merge,7,1,1,False
303,B_factorial,1,merge,8,1,1,False
303,B_factorial,1,merge,9,1,1,False
303,B_factorial,1,merge,10,1,1,False
303,B_factorial,1,merge,11,1,1,False
303,B_factorial,2,intersection,0,1,1,False
303,B_factorial,2,intersection,1,1,1,False
303,B_factorial,2,intersection,2,1,1,False
303,B_factorial,2,intersection,3,1,1,False
303,B_factorial,2,intersection,4,1,1,False
303,B_factorial,2,intersection,5,1,1,False
303,B_factorial,2,intersection,6,1,1,False
303,B_factorial,2,intersection,7,1,1,False
303,B_factorial,2,intersection,8,1,1,False
303,B_factorial,2,intersection,9,1,1,False
303,B_factorial,2,intersection,10,1,1,False
303,B_factorial,2,intersection,11,1,1,False
303,B_factorial,3,merge,0,1,1,False
303,B_factorial,3,merge,1,1,1,False
303,B_factorial,3,merge,2,1,1,False
303,B_factorial,3,merge,3,1,1,False
303,B_factorial,3,merge,4,1,1,False
303,B_factorial,3,merge,5,1,1,False
303,B_factorial,3,merge,6,1,1,False
303,B_factorial,3,merge,7,1,1,False
303,B_factorial,3,merge,8,1,1,False
303,B_factorial,3,merge,9,1,1,False
303,B_factorial,3,merge,10,1,1,False
303,B_factorial,3,merge,11,1,1,False
303,B_factorial,4,intersection,0,1,1,False
303,B_factorial,4,intersection,1,1,1,False
303,B_factorial,4,intersection,2,1,1,False
303,B_factorial,4,intersection,3,1,1,False
303,B_factorial,4,intersection,4,1,1,False
303,B_factorial,4,intersection,5,1,1,False
303,B_factorial,4,intersection,6,1,1,False
303,B_factorial,4,intersection,7,1,1,False
303,B_factorial,4,intersection,8,1,1,False
303,B_factorial,4,intersection,9,1,1,False
303,B_factorial,4,intersection,10,1,1,False
303,B_factorial,4,intersection,11,1,1,False
303,B_factorial,5,merge,0,1,1,False
303,B_factorial,5,merge,1,1,1,False
303,B_factorial,5,merge,2,1,1,False
303,B_factorial,5,merge,3,1,1,False
303,B_factorial,5,merge,4,1,1,False
303,B_factorial,5,merge,5,1,1,False
303,B_factorial,5,merge,6,1,1,False
303,B_factorial,5,merge,7,1,1,False
303,B_factorial,5,merge,8,1,1,False
303,B_factorial,5,merge,9,1,1,False
303,B_factorial,5,merge,10,1,1,False
303,B_factorial,5,merge,11,1,1,False
303,B_factorial,6,intersection,0,1,1,False
303,B_factorial,6,intersection,1,1,1,False
303,B_factorial,6,intersection,2,1,1,False
303,B_factorial,6,intersection,3,1,1,False
303,B_factorial,6,intersection,4,1,1,False
303,B_factorial,6,intersection,5,1,1,False
303,B_factorial,6,intersection,6,1,1,False
303,B_factorial,6,intersection,7,1,1,False
303,B_factorial,6,intersection,8,1,1,False
303,B_factorial,6,intersection,9,1,1,False
303,B_factorial,6,intersection,10,1,1,False
303,B_factorial,6,intersection,11,1,1,False
303,B_factorial,7,merge,0,1,1,False
303,B_factorial,7,merge,1,1,1,False
303,B_factorial,7,merge,2,1,1,False
303,B_factorial,7,merge,3,1,1,False
303,B_factorial,7,merge,4,1,1,False
303,B_factorial,7,merge,5,1,1,False
303,B_factorial,7,merge,6,1,1,False
303,B_factorial,7,merge,7,1,1,False
303,B_factorial,7,merge,8,1,1,False
303,B_factorial,7,merge,9,1,1,False
303,B_factorial,7,merge,10,1,1,False
303,B_factorial,7,merge,11,1,1,False
303,B_factorial,8,intersection,0,1,1,False
303,B_factorial,8,intersection,1,1,1,False
303,B_factorial,8,intersection,2,1,1,False
303,B_factorial,8,intersection,3,1,1,False
303,B_factorial,8,intersection,4,1,1,False
303,B_factorial,8,intersection,5,1,1,False
303,B_factorial,8,intersection,6,1,1,False
303,B_factorial,8,intersection,7,1,1,False
303,B_factorial,8,intersection,8,1,1,False
303,B_factorial,8,intersection,9,1,1,False
303,B_factorial,8,intersection,10,1,1,False
303,B_factorial,8,intersection,11,1,1,False
303,B_factorial,9,merge,0,1,1,False
303,B_factorial,9,merge,1,1,1,False
303,B_factorial,9,merge,2,1,1,False
303,B_factorial,9,merge,3,1,1,False
303,B_factorial,9,merge,4,1,1,False
303,B_factorial,9,merge,5,1,1,False
303,B_factorial,9,merge,6,1,1,False
303,B_factorial,9,merge,7,1,1,False
303,B_factorial,9,merge,8,1,1,False
303,B_factorial,9,merge,9,1,1,False
303,B_factorial,9,merge,10,1,1,False
303,B_factorial,9,merge,11,1,1,False
303,B_factorial,10,intersection,0,1,1,False
303,B_factorial,10,intersection,1,1,1,False
303,B_factorial,10,intersection,2,1,1,False
303,B_factorial,10,intersection,3,1,1,False
303,B_factorial,10,intersection,4,1,1,False
303,B_factorial,10,intersection,5,1,1,False
303,B_factorial,10,intersection,6,1,1,False
303,B_factorial,10,intersection,7,1,1,False
303,B_factorial,10,intersection,8,1,1,False
303,B_factorial,10,intersection,9,1,1,False
303,B_factorial,10,intersection,10,1,1,False
303,B_factorial,10,intersection,11,1,1,False
303,B_factorial,11,merge,0,1,1,False
303,B_factorial,11,merge,1,1,1,False
303,B_factorial,11,merge,2,1,1,False
303,B_factorial,11,merge,3,1,1,False
303,B_factorial,11,merge,4,1,1,False
303,B_factorial,11,merge,5,1,1,False
303,B_factorial,11,merge,6,1,1,False
303,B_factorial,11,merge,7,1,1,False
303,B_factorial,11,merge,8,1,1,False
303,B_factorial,11,merge,9,1,1,False
303,B_factorial,11,merge,10,1,1,False
303,B_factorial,11,merge,11,1,1,False
303,B_factorial,12,intersection,0,1,1,False
303,B_factorial,12,intersection,1,1,1,False
303,B_factorial,12,intersection,2,1,1,False
303,B_factorial,12,intersection,3,1,1,False
303,B_factorial,12,intersection,4,1,1,False
303,B_factorial,12,intersection,5,1,1,False
303,B_factorial,12,intersection,6,1,1,False
303,B_factorial,12,intersection,7,1,1,False
303,B_factorial,12,intersection,8,1,1,False
303,B_factorial,12,intersection,9,1,1,False
303,B_factorial,12,intersection,10,1,1,False
303,B_factorial,12,intersection,11,1,1,False
303,B_factorial,13,merge,0,1,1,False
303,B_factorial,13,merge,1,1,1,False
303,B_factorial,13,merge,2,1,1,False
303,B_factorial,13,merge,3,1,1,False
303,B_factorial,13,merge,4,1,1,False
303,B_factorial,13,merge,5,1,1,False
303,B_factorial,13,merge,6,1,1,False
303,B_factorial,13,merge,7,1,1,False
303,B_factorial,13,merge,8,1,1,False
303,B_factorial,13,merge,9,1,1,False
303,B_factorial,13,merge,10,1,1,False
303,B_factorial,13,merge,11,1,1,False
303,B_factorial,14,intersection,0,1,1,False
303,B_factorial,14,intersection,1,1,1,False
303,B_factorial,14,intersection,2,1,1,False
303,B_factorial,14,intersection,3,1,1,False
303,B_factorial,14,intersection,4,1,1,False
303,B_factorial,14,intersection,5,1,1,False
303,B_factorial,14,intersection,6,1,1,False
303,B_factorial,14,intersection,7,1,1,False
303,B_factorial,14,intersection,8,1,1,False
303,B_factorial,14,intersection,9,1,1,False
303,B_factorial,14,intersection,10,1,1,False
303,B_factorial,14,intersection,11,1,1,False
303,B_factorial,15,merge,0,1,1,False
303,B_factorial,15,merge,1,1,1,False
303,B_factorial,15,merge,2,1,1,False
303,B_factorial,15,merge,3,1,1,False
303,B_factorial,15,merge,4,1,1,False
303,B_factorial,15,merge,5,1,1,False
303,B_factorial,15,merge,6,1,1,False
303,B_factorial,15,merge,7,1,1,False
303,B_factorial,15,merge,8,1,1,False
303,B_factorial,15,merge,9,1,1,False
303,B_factorial,15,merge,10,1,1,False
303,B_factorial,15,merge,11,1,1,False
303,C_difference,0,intersection,0,1,1,False
303,C_difference,0,intersection,1,1,1,False
303,C_difference,0,intersection,2,1,1,False
303,C_difference,0,intersection,3,1,1,False
303,C_difference,0,intersection,4,1,1,False
303,C_difference,0,intersection,5,1,1,False
303,C_difference,0,intersection,6,1,1,False
303,C_difference,0,intersection,7,1,1,False
303,C_difference,0,intersection,8,1,1,False
303,C_difference,0,intersection,9,1,1,False
303,C_difference,0,intersection,10,1,1,False
303,C_difference,0,intersection,11,1,1,False
303,C_difference,1,merge,0,1,1,False
303,C_difference,1,merge,1,1,1,False
303,C_difference,1,merge,2,1,1,False
303,C_difference,1,merge,3,1,1,False
303,C_difference,1,merge,4,1,1,False
303,C_difference,1,merge,5,1,1,False
303,C_difference,1,merge,6,1,1,False
303,C_difference,1,merge,7,1,1,False
303,C_difference,1,merge,8,1,1,False
303,C_difference,1,merge,9,1,1,False
303,C_difference,1,merge,10,1,1,False
303,C_difference,1,merge,11,1,1,False
303,C_difference,2,intersection,0,1,1,False
303,C_difference,2,intersection,1,1,1,False
303,C_difference,2,intersection,2,1,1,False
303,C_difference,2,intersection,3,1,1,False
303,C_difference,2,intersection,4,1,1,False
303,C_difference,2,intersection,5,1,1,False
303,C_difference,2,intersection,6,1,1,False
303,C_difference,2,intersection,7,1,1,False
303,C_difference,2,intersection,8,1,1,False
303,C_difference,2,intersection,9,1,1,False
303,C_difference,2,intersection,10,1,1,False
303,C_difference,2,intersection,11,1,1,False
303,C_difference,3,merge,0,1,1,False
303,C_difference,3,merge,1,1,1,False
303,C_difference,3,merge,2,1,1,False
303,C_difference,3,merge,3,1,1,False
303,C_difference,3,merge,4,1,1,False
303,C_difference,3,merge,5,1,1,False
303,C_difference,3,merge,6,1,1,False
303,C_difference,3,merge,7,1,1,False
303,C_difference,3,merge,8,1,1,False
303,C_difference,3,merge,9,1,1,False
303,C_difference,3,merge,10,1,1,False
303,C_difference,3,merge,11,1,1,False
303,C_difference,4,intersection,0,1,1,False
303,C_difference,4,intersection,1,1,1,False
303,C_difference,4,intersection,2,1,1,False
303,C_difference,4,intersection,3,1,1,False
303,C_difference,4,intersection,4,1,1,False
303,C_difference,4,intersection,5,1,1,False
303,C_difference,4,intersection,6,1,1,False
303,C_difference,4,intersection,7,1,1,False
303,C_difference,4,intersection,8,1,1,False
303,C_difference,4,intersection,9,1,1,False
303,C_difference,4,intersection,10,1,1,False
303,C_difference,4,intersection,11,1,1,False
303,C_difference,5,merge,0,1,1,False
303,C_difference,5,merge,1,1,1,False
303,C_difference,5,merge,2,1,1,False
303,C_difference,5,merge,3,1,1,False
303,C_difference,5,merge,4,1,1,False
303,C_difference,5,merge,5,1,1,False
303,C_difference,5,merge,6,1,1,False
303,C_difference,5,merge,7,1,1,False
303,C_difference,5,merge,8,1,1,False
303,C_difference,5,merge,9,1,1,False
303,C_difference,5,merge,10,1,1,False
303,C_difference,5,merge,11,1,1,False
303,C_difference,6,intersection,0,1,1,False
303,C_difference,6,intersection,1,1,1,False
303,C_difference,6,intersection,2,1,1,False
303,C_difference,6,intersection,3,1,1,False
303,C_difference,6,intersection,4,1,1,False
303,C_difference,6,intersection,5,1,1,False
303,C_difference,6,intersection,6,1,1,False
303,C_difference,6,intersection,7,1,1,False
303,C_difference,6,intersection,8,1,1,False
303,C_difference,6,intersection,9,1,1,False
303,C_difference,6,intersection,10,1,1,False
303,C_difference,6,intersection,11,1,1,False
303,C_difference,7,merge,0,1,1,False
303,C_difference,7,merge,1,1,1,False
303,C_difference,7,merge,2,1,1,False
303,C_difference,7,merge,3,1,1,False
303,C_difference,7,merge,4,1,1,False
303,C_difference,7,merge,5,1,1,False
303,C_difference,7,merge,6,1,1,False
303,C_difference,7,merge,7,1,1,False
303,C_difference,7,merge,8,1,1,False
303,C_difference,7,merge,9,1,1,False
303,C_difference,7,merge,10,1,1,False
303,C_difference,7,merge,11,1,1,False
303,C_difference,8,intersection,0,1,1,False
303,C_difference,8,intersection,1,1,1,False
303,C_difference,8,intersection,2,1,1,False
303,C_difference,8,intersection,3,1,1,False
303,C_difference,8,intersection,4,1,1,False
303,C_difference,8,intersection,5,1,1,False
303,C_difference,8,intersection,6,1,1,False
303,C_difference,8,intersection,7,1,1,False
303,C_difference,8,intersection,8,1,1,False
303,C_difference,8,intersection,9,1,1,False
303,C_difference,8,intersection,10,1,1,False
303,C_difference,8,intersection,11,1,1,False
303,C_difference,9,merge,0,1,1,False
303,C_difference,9,merge,1,1,1,False
303,C_difference,9,merge,2,1,1,False
303,C_difference,9,merge,3,1,1,False
303,C_difference,9,merge,4,1,1,False
303,C_difference,9,merge,5,1,1,False
303,C_difference,9,merge,6,1,1,False
303,C_difference,9,merge,7,1,1,False
303,C_difference,9,merge,8,1,1,False
303,C_difference,9,merge,9,1,1,False
303,C_difference,9,merge,10,1,1,False
303,C_difference,9,merge,11,1,1,False
303,C_difference,10,intersection,0,1,1,False
303,C_difference,10,intersection,1,1,1,False
303,C_difference,10,intersection,2,1,1,False
303,C_difference,10,intersection,3,1,1,False
303,C_difference,10,intersection,4,1,1,False
303,C_difference,10,intersection,5,1,1,False
303,C_difference,10,intersection,6,1,1,False
303,C_difference,10,intersection,7,1,1,False
303,C_difference,10,intersection,8,1,1,False
303,C_difference,10,intersection,9,1,1,False
303,C_difference,10,intersection,10,1,1,False
303,C_difference,10,intersection,11,1,1,False
303,C_difference,11,merge,0,1,1,False
303,C_difference,11,merge,1,1,1,False
303,C_difference,11,merge,2,1,1,False
303,C_difference,11,merge,3,1,1,False
303,C_difference,11,merge,4,1,1,False
303,C_difference,11,merge,5,1,1,False
303,C_difference,11,merge,6,1,1,False
303,C_difference,11,merge,7,1,1,False
303,C_difference,11,merge,8,1,1,False
303,C_difference,11,merge,9,1,1,False
303,C_difference,11,merge,10,1,1,False
303,C_difference,11,merge,11,1,1,False
303,C_difference,12,intersection,0,1,1,False
303,C_difference,12,intersection,1,1,1,False
303,C_difference,12,intersection,2,1,1,False
303,C_difference,12,intersection,3,1,1,False
303,C_difference,12,intersection,4,1,1,False
303,C_difference,12,intersection,5,1,1,False
303,C_difference,12,intersection,6,1,1,False
303,C_difference,12,intersection,7,1,1,False
303,C_difference,12,intersection,8,1,1,False
303,C_difference,12,intersection,9,1,1,False
303,C_difference,12,intersection,10,1,1,False
303,C_difference,12,intersection,11,1,1,False
303,C_difference,13,merge,0,1,1,False
303,C_difference,13,merge,1,1,1,False
303,C_difference,13,merge,2,1,1,False
303,C_difference,13,merge,3,1,1,False
303,C_difference,13,merge,4,1,1,False
303,C_difference,13,merge,5,1,1,False
303,C_difference,13,merge,6,1,1,False
303,C_difference,13,merge,7,1,1,False
303,C_difference,13,merge,8,1,1,False
303,C_difference,13,merge,9,1,1,False
303,C_difference,13,merge,10,1,1,False
303,C_difference,13,merge,11,1,1,False
303,C_difference,14,intersection,0,1,1,False
303,C_difference,14,intersection,1,1,1,False
303,C_difference,14,intersection,2,1,1,False
303,C_difference,14,intersection,3,1,1,False
303,C_difference,14,intersection,4,1,1,False
303,C_difference,14,intersection,5,1,1,False
303,C_difference,14,intersection,6,1,1,False
303,C_difference,14,intersection,7,1,1,False
303,C_difference,14,intersection,8,1,1,False
303,C_difference,14,intersection,9,1,1,False
303,C_difference,14,intersection,10,1,1,False
303,C_difference,14,intersection,11,1,1,False
303,C_difference,15,merge,0,1,1,False
303,C_difference,15,merge,1,1,1,False
303,C_difference,15,merge,2,1,1,False
303,C_difference,15,merge,3,1,1,False
303,C_difference,15,merge,4,1,1,False
303,C_difference,15,merge,5,1,1,False
303,C_difference,15,merge,6,1,1,False
303,C_difference,15,merge,7,1,1,False
303,C_difference,15,merge,8,1,1,False
303,C_difference,15,merge,9,1,1,False
303,C_difference,15,merge,10,1,1,False
303,C_difference,15,merge,11,1,1,False
303,independent,0,intersection,0,1,1,False
303,independent,0,intersection,1,1,1,False
303,independent,0,intersection,2,1,1,False
303,independent,0,intersection,3,1,1,False
303,independent,0,intersection,4,1,1,False
303,independent,0,intersection,5,1,1,False
303,independent,0,intersection,6,1,1,False
303,independent,0,intersection,7,1,1,False
303,independent,0,intersection,8,1,1,False
303,independent,0,intersection,9,1,1,False
303,independent,0,intersection,10,1,1,False
303,independent,0,intersection,11,1,1,False
303,independent,1,merge,0,1,1,False
303,independent,1,merge,1,1,1,False
303,independent,1,merge,2,1,1,False
303,independent,1,merge,3,1,1,False
303,independent,1,merge,4,1,1,False
303,independent,1,merge,5,1,1,False
303,independent,1,merge,6,1,1,False
303,independent,1,merge,7,1,1,False
303,independent,1,merge,8,1,1,False
303,independent,1,merge,9,1,1,False
303,independent,1,merge,10,1,1,False
303,independent,1,merge,11,1,1,False
303,independent,2,intersection,0,1,1,False
303,independent,2,intersection,1,1,1,False
303,independent,2,intersection,2,1,1,False
303,independent,2,intersection,3,1,1,False
303,independent,2,intersection,4,1,1,False
303,independent,2,intersection,5,1,1,False
303,independent,2,intersection,6,1,1,False
303,independent,2,intersection,7,1,1,False
303,independent,2,intersection,8,1,1,False
303,independent,2,intersection,9,1,1,False
303,independent,2,intersection,10,1,1,False
303,independent,2,intersection,11,1,1,False
303,independent,3,merge,0,1,1,False
303,independent,3,merge,1,1,1,False
303,independent,3,merge,2,1,1,False
303,independent,3,merge,3,1,1,False
303,independent,3,merge,4,1,1,False
303,independent,3,merge,5,1,1,False
303,independent,3,merge,6,1,1,False
303,independent,3,merge,7,1,1,False
303,independent,3,merge,8,1,1,False
303,independent,3,merge,9,1,1,False
303,independent,3,merge,10,1,1,False
303,independent,3,merge,11,1,1,False
303,independent,4,intersection,0,1,1,False
303,independent,4,intersection,1,1,1,False
303,independent,4,intersection,2,1,1,False
303,independent,4,intersection,3,1,1,False
303,independent,4,intersection,4,1,1,False
303,independent,4,intersection,5,1,1,False
303,independent,4,intersection,6,1,1,False
303,independent,4,intersection,7,1,1,False
303,independent,4,intersection,8,1,1,False
303,independent,4,intersection,9,1,1,False
303,independent,4,intersection,10,1,1,False
303,independent,4,intersection,11,1,1,False
303,independent,5,merge,0,1,1,False
303,independent,5,merge,1,1,1,False
303,independent,5,merge,2,1,1,False
303,independent,5,merge,3,1,1,False
303,independent,5,merge,4,1,1,False
303,independent,5,merge,5,1,1,False
303,independent,5,merge,6,1,1,False
303,independent,5,merge,7,1,1,False
303,independent,5,merge,8,1,1,False
303,independent,5,merge,9,1,1,False
303,independent,5,merge,10,1,1,False
303,independent,5,merge,11,1,1,False
303,independent,6,intersection,0,1,1,False
303,independent,6,intersection,1,1,1,False
303,independent,6,intersection,2,1,1,False
303,independent,6,intersection,3,1,1,False
303,independent,6,intersection,4,1,1,False
303,independent,6,intersection,5,1,1,False
303,independent,6,intersection,6,1,1,False
303,independent,6,intersection,7,1,1,False
303,independent,6,intersection,8,1,1,False
303,independent,6,intersection,9,1,1,False
303,independent,6,intersection,10,1,1,False
303,independent,6,intersection,11,1,1,False
303,independent,7,merge,0,1,1,False
303,independent,7,merge,1,1,1,False
303,independent,7,merge,2,1,1,False
303,independent,7,merge,3,1,1,False
303,independent,7,merge,4,1,1,False
303,independent,7,merge,5,1,1,False
303,independent,7,merge,6,1,1,False
303,independent,7,merge,7,1,1,False
303,independent,7,merge,8,1,1,False
303,independent,7,merge,9,1,1,False
303,independent,7,merge,10,1,1,False
303,independent,7,merge,11,1,1,False
303,independent,8,intersection,0,1,1,False
303,independent,8,intersection,1,1,1,False
303,independent,8,intersection,2,1,1,False
303,independent,8,intersection,3,1,1,False
303,independent,8,intersection,4,1,1,False
303,independent,8,intersection,5,1,1,False
303,independent,8,intersection,6,1,1,False
303,independent,8,intersection,7,1,1,False
303,independent,8,intersection,8,1,1,False
303,independent,8,intersection,9,1,1,False
303,independent,8,intersection,10,1,1,False
303,independent,8,intersection,11,1,1,False
303,independent,9,merge,0,1,1,False
303,independent,9,merge,1,1,1,False
303,independent,9,merge,2,1,1,False
303,independent,9,merge,3,1,1,False
303,independent,9,merge,4,1,1,False
303,independent,9,merge,5,1,1,False
303,independent,9,merge,6,1,1,False
303,independent,9,merge,7,1,1,False
303,independent,9,merge,8,1,1,False
303,independent,9,merge,9,1,1,False
303,independent,9,merge,10,1,1,False
303,independent,9,merge,11,1,1,False
303,independent,10,intersection,0,1,1,False
303,independent,10,intersection,1,1,1,False
303,independent,10,intersection,2,1,1,False
303,independent,10,intersection,3,1,1,False
303,independent,10,intersection,4,1,1,False
303,independent,10,intersection,5,1,1,False
303,independent,10,intersection,6,1,1,False
303,independent,10,intersection,7,1,1,False
303,independent,10,intersection,8,1,1,False
303,independent,10,intersection,9,1,1,False
303,independent,10,intersection,10,1,1,False
303,independent,10,intersection,11,1,1,False
303,independent,11,merge,0,1,1,False
303,independent,11,merge,1,1,1,False
303,independent,11,merge,2,1,1,False
303,independent,11,merge,3,1,1,False
303,independent,11,merge,4,1,1,False
303,independent,11,merge,5,1,1,False
303,independent,11,merge,6,1,1,False
303,independent,11,merge,7,1,1,False
303,independent,11,merge,8,1,1,False
303,independent,11,merge,9,1,1,False
303,independent,11,merge,10,1,1,False
303,independent,11,merge,11,1,1,False
303,independent,12,intersection,0,1,1,False
303,independent,12,intersection,1,1,1,False
303,independent,12,intersection,2,1,1,False
303,independent,12,intersection,3,1,1,False
303,independent,12,intersection,4,1,1,False
303,independent,12,intersection,5,1,1,False
303,independent,12,intersection,6,1,1,False
303,independent,12,intersection,7,1,1,False
303,independent,12,intersection,8,1,1,False
303,independent,12,intersection,9,1,1,False
303,independent,12,intersection,10,1,1,False
303,independent,12,intersection,11,1,1,False
303,independent,13,merge,0,1,1,False
303,independent,13,merge,1,1,1,False
303,independent,13,merge,2,1,1,False
303,independent,13,merge,3,1,1,False
303,independent,13,merge,4,1,1,False
303,independent,13,merge,5,1,1,False
303,independent,13,merge,6,1,1,False
303,independent,13,merge,7,1,1,False
303,independent,13,merge,8,1,1,False
303,independent,13,merge,9,1,1,False
303,independent,13,merge,10,1,1,False
303,independent,13,merge,11,1,1,False
303,independent,14,intersection,0,1,1,False
303,independent,14,intersection,1,1,1,False
303,independent,14,intersection,2,1,1,False
303,independent,14,intersection,3,1,1,False
303,independent,14,intersection,4,1,1,False
303,independent,14,intersection,5,1,1,False
303,independent,14,intersection,6,1,1,False
303,independent,14,intersection,7,1,1,False
303,independent,14,intersection,8,1,1,False
303,independent,14,intersection,9,1,1,False
303,independent,14,intersection,10,1,1,False
303,independent,14,intersection,11,1,1,False
303,independent,15,merge,0,1,1,False
303,independent,15,merge,1,1,1,False
303,independent,15,merge,2,1,1,False
303,independent,15,merge,3,1,1,False
303,independent,15,merge,4,1,1,False
303,independent,15,merge,5,1,1,False
303,independent,15,merge,6,1,1,False
303,independent,15,merge,7,1,1,False
303,independent,15,merge,8,1,1,False
303,independent,15,merge,9,1,1,False
303,independent,15,merge,10,1,1,False
303,independent,15,merge,11,1,1,False
303,privileged,0,intersection,0,1,1,False
303,privileged,0,intersection,1,1,1,False
303,privileged,0,intersection,2,1,1,False
303,privileged,0,intersection,3,1,1,False
303,privileged,0,intersection,4,1,1,False
303,privileged,0,intersection,5,1,1,False
303,privileged,0,intersection,6,1,1,False
303,privileged,0,intersection,7,1,1,False
303,privileged,0,intersection,8,1,1,False
303,privileged,0,intersection,9,1,1,False
303,privileged,0,intersection,10,1,1,False
303,privileged,0,intersection,11,1,1,False
303,privileged,1,merge,0,1,1,False
303,privileged,1,merge,1,1,1,False
303,privileged,1,merge,2,1,1,False
303,privileged,1,merge,3,1,1,False
303,privileged,1,merge,4,1,1,False
303,privileged,1,merge,5,1,1,False
303,privileged,1,merge,6,1,1,False
303,privileged,1,merge,7,1,1,False
303,privileged,1,merge,8,1,1,False
303,privileged,1,merge,9,1,1,False
303,privileged,1,merge,10,1,1,False
303,privileged,1,merge,11,1,1,False
303,privileged,2,intersection,0,1,1,False
303,privileged,2,intersection,1,1,1,False
303,privileged,2,intersection,2,1,1,False
303,privileged,2,intersection,3,1,1,False
303,privileged,2,intersection,4,1,1,False
303,privileged,2,intersection,5,1,1,False
303,privileged,2,intersection,6,1,1,False
303,privileged,2,intersection,7,1,1,False
303,privileged,2,intersection,8,1,1,False
303,privileged,2,intersection,9,1,1,False
303,privileged,2,intersection,10,1,1,False
303,privileged,2,intersection,11,1,1,False
303,privileged,3,merge,0,1,1,False
303,privileged,3,merge,1,1,1,False
303,privileged,3,merge,2,1,1,False
303,privileged,3,merge,3,1,1,False
303,privileged,3,merge,4,1,1,False
303,privileged,3,merge,5,1,1,False
303,privileged,3,merge,6,1,1,False
303,privileged,3,merge,7,1,1,False
303,privileged,3,merge,8,1,1,False
303,privileged,3,merge,9,1,1,False
303,privileged,3,merge,10,1,1,False
303,privileged,3,merge,11,1,1,False
303,privileged,4,intersection,0,1,1,False
303,privileged,4,intersection,1,1,1,False
303,privileged,4,intersection,2,1,1,False
303,privileged,4,intersection,3,1,1,False
303,privileged,4,intersection,4,1,1,False
303,privileged,4,intersection,5,1,1,False
303,privileged,4,intersection,6,1,1,False
303,privileged,4,intersection,7,1,1,False
303,privileged,4,intersection,8,1,1,False
303,privileged,4,intersection,9,1,1,False
303,privileged,4,intersection,10,1,1,False
303,privileged,4,intersection,11,1,1,False
303,privileged,5,merge,0,1,1,False
303,privileged,5,merge,1,1,1,False
303,privileged,5,merge,2,1,1,False
303,privileged,5,merge,3,1,1,False
303,privileged,5,merge,4,1,1,False
303,privileged,5,merge,5,1,1,False
303,privileged,5,merge,6,1,1,False
303,privileged,5,merge,7,1,1,False
303,privileged,5,merge,8,1,1,False
303,privileged,5,merge,9,1,1,False
303,privileged,5,merge,10,1,1,False
303,privileged,5,merge,11,1,1,False
303,privileged,6,intersection,0,1,1,False
303,privileged,6,intersection,1,1,1,False
303,privileged,6,intersection,2,1,1,False
303,privileged,6,intersection,3,1,1,False
303,privileged,6,intersection,4,1,1,False
303,privileged,6,intersection,5,1,1,False
303,privileged,6,intersection,6,1,1,False
303,privileged,6,intersection,7,1,1,False
303,privileged,6,intersection,8,1,1,False
303,privileged,6,intersection,9,1,1,False
303,privileged,6,intersection,10,1,1,False
303,privileged,6,intersection,11,1,1,False
303,privileged,7,merge,0,1,1,False
303,privileged,7,merge,1,1,1,False
303,privileged,7,merge,2,1,1,False
303,privileged,7,merge,3,1,1,False
303,privileged,7,merge,4,1,1,False
303,privileged,7,merge,5,1,1,False
303,privileged,7,merge,6,1,1,False
303,privileged,7,merge,7,1,1,False
303,privileged,7,merge,8,1,1,False
303,privileged,7,merge,9,1,1,False
303,privileged,7,merge,10,1,1,False
303,privileged,7,merge,11,1,1,False
303,privileged,8,intersection,0,1,1,False
303,privileged,8,intersection,1,1,1,False
303,privileged,8,intersection,2,1,1,False
303,privileged,8,intersection,3,1,1,False
303,privileged,8,intersection,4,1,1,False
303,privileged,8,intersection,5,1,1,False
303,privileged,8,intersection,6,1,1,False
303,privileged,8,intersection,7,1,1,False
303,privileged,8,intersection,8,1,1,False
303,privileged,8,intersection,9,1,1,False
303,privileged,8,intersection,10,1,1,False
303,privileged,8,intersection,11,1,1,False
303,privileged,9,merge,0,1,1,False
303,privileged,9,merge,1,1,1,False
303,privileged,9,merge,2,1,1,False
303,privileged,9,merge,3,1,1,False
303,privileged,9,merge,4,1,1,False
303,privileged,9,merge,5,1,1,False
303,privileged,9,merge,6,1,1,False
303,privileged,9,merge,7,1,1,False
303,privileged,9,merge,8,1,1,False
303,privileged,9,merge,9,1,1,False
303,privileged,9,merge,10,1,1,False
303,privileged,9,merge,11,1,1,False
303,privileged,10,intersection,0,1,1,False
303,privileged,10,intersection,1,1,1,False
303,privileged,10,intersection,2,1,1,False
303,privileged,10,intersection,3,1,1,False
303,privileged,10,intersection,4,1,1,False
303,privileged,10,intersection,5,1,1,False
303,privileged,10,intersection,6,1,1,False
303,privileged,10,intersection,7,1,1,False
303,privileged,10,intersection,8,1,1,False
303,privileged,10,intersection,9,1,1,False
303,privileged,10,intersection,10,1,1,False
303,privileged,10,intersection,11,1,1,False
303,privileged,11,merge,0,1,1,False
303,privileged,11,merge,1,1,1,False
303,privileged,11,merge,2,1,1,False
303,privileged,11,merge,3,1,1,False
303,privileged,11,merge,4,1,1,False
303,privileged,11,merge,5,1,1,False
303,privileged,11,merge,6,1,1,False
303,privileged,11,merge,7,1,1,False
303,privileged,11,merge,8,1,1,False
303,privileged,11,merge,9,1,1,False
303,privileged,11,merge,10,1,1,False
303,privileged,11,merge,11,1,1,False
303,privileged,12,intersection,0,1,1,False
303,privileged,12,intersection,1,1,1,False
303,privileged,12,intersection,2,1,1,False
303,privileged,12,intersection,3,1,1,False
303,privileged,12,intersection,4,1,1,False
303,privileged,12,intersection,5,1,1,False
303,privileged,12,intersection,6,1,1,False
303,privileged,12,intersection,7,1,1,False
303,privileged,12,intersection,8,1,1,False
303,privileged,12,intersection,9,1,1,False
303,privileged,12,intersection,10,1,1,False
303,privileged,12,intersection,11,1,1,False
303,privileged,13,merge,0,1,1,False
303,privileged,13,merge,1,1,1,False
303,privileged,13,merge,2,1,1,False
303,privileged,13,merge,3,1,1,False
303,privileged,13,merge,4,1,1,False
303,privileged,13,merge,5,1,1,False
303,privileged,13,merge,6,1,1,False
303,privileged,13,merge,7,1,1,False
303,privileged,13,merge,8,1,1,False
303,privileged,13,merge,9,1,1,False
303,privileged,13,merge,10,1,1,False
303,privileged,13,merge,11,1,1,False
303,privileged,14,intersection,0,1,1,False
303,privileged,14,intersection,1,1,1,False
303,privileged,14,intersection,2,1,1,False
303,privileged,14,intersection,3,1,1,False
303,privileged,14,intersection,4,1,1,False
303,privileged,14,intersection,5,1,1,False
303,privileged,14,intersection,6,1,1,False
303,privileged,14,intersection,7,1,1,False
303,privileged,14,intersection,8,1,1,False
303,privileged,14,intersection,9,1,1,False
303,privileged,14,intersection,10,1,1,False
303,privileged,14,intersection,11,1,1,False
303,privileged,15,merge,0,1,1,False
303,privileged,15,merge,1,1,1,False
303,privileged,15,merge,2,1,1,False
303,privileged,15,merge,3,1,1,False
303,privileged,15,merge,4,1,1,False
303,privileged,15,merge,5,1,1,False
303,privileged,15,merge,6,1,1,False
303,privileged,15,merge,7,1,1,False
303,privileged,15,merge,8,1,1,False
303,privileged,15,merge,9,1,1,False
303,privileged,15,merge,10,1,1,False
303,privileged,15,merge,11,1,1,False
303,D_pairwise,0,intersection,0,1,1,False
303,D_pairwise,0,intersection,1,1,1,False
303,D_pairwise,0,intersection,2,1,1,False
303,D_pairwise,0,intersection,3,1,1,False
303,D_pairwise,0,intersection,4,1,1,False
303,D_pairwise,0,intersection,5,1,1,False
303,D_pairwise,0,intersection,6,1,1,False
303,D_pairwise,0,intersection,7,1,1,False
303,D_pairwise,0,intersection,8,1,1,False
303,D_pairwise,0,intersection,9,1,1,False
303,D_pairwise,0,intersection,10,1,1,False
303,D_pairwise,0,intersection,11,1,1,False
303,D_pairwise,1,merge,0,1,1,False
303,D_pairwise,1,merge,1,1,1,False
303,D_pairwise,1,merge,2,1,1,False
303,D_pairwise,1,merge,3,1,1,False
303,D_pairwise,1,merge,4,1,1,False
303,D_pairwise,1,merge,5,1,1,False
303,D_pairwise,1,merge,6,1,1,False
303,D_pairwise,1,merge,7,1,1,False
303,D_pairwise,1,merge,8,1,1,False
303,D_pairwise,1,merge,9,1,1,False
303,D_pairwise,1,merge,10,1,1,False
303,D_pairwise,1,merge,11,1,1,False
303,D_pairwise,2,intersection,0,1,1,False
303,D_pairwise,2,intersection,1,1,1,False
303,D_pairwise,2,intersection,2,1,1,False
303,D_pairwise,2,intersection,3,1,1,False
303,D_pairwise,2,intersection,4,1,1,False
303,D_pairwise,2,intersection,5,1,1,False
303,D_pairwise,2,intersection,6,1,1,False
303,D_pairwise,2,intersection,7,1,1,False
303,D_pairwise,2,intersection,8,1,1,False
303,D_pairwise,2,intersection,9,1,1,False
303,D_pairwise,2,intersection,10,1,1,False
303,D_pairwise,2,intersection,11,1,1,False
303,D_pairwise,3,merge,0,1,1,False
303,D_pairwise,3,merge,1,1,1,False
303,D_pairwise,3,merge,2,1,1,False
303,D_pairwise,3,merge,3,1,1,False
303,D_pairwise,3,merge,4,1,1,False
303,D_pairwise,3,merge,5,1,1,False
303,D_pairwise,3,merge,6,1,1,False
303,D_pairwise,3,merge,7,1,1,False
303,D_pairwise,3,merge,8,1,1,False
303,D_pairwise,3,merge,9,1,1,False
303,D_pairwise,3,merge,10,1,1,False
303,D_pairwise,3,merge,11,1,1,False
303,D_pairwise,4,intersection,0,1,1,False
303,D_pairwise,4,intersection,1,1,1,False
303,D_pairwise,4,intersection,2,1,1,False
303,D_pairwise,4,intersection,3,1,1,False
303,D_pairwise,4,intersection,4,1,1,False
303,D_pairwise,4,intersection,5,1,1,False
303,D_pairwise,4,intersection,6,1,1,False
303,D_pairwise,4,intersection,7,1,1,False
303,D_pairwise,4,intersection,8,1,1,False
303,D_pairwise,4,intersection,9,1,1,False
303,D_pairwise,4,intersection,10,1,1,False
303,D_pairwise,4,intersection,11,1,1,False
303,D_pairwise,5,merge,0,1,1,False
303,D_pairwise,5,merge,1,1,1,False
303,D_pairwise,5,merge,2,1,1,False
303,D_pairwise,5,merge,3,1,1,False
303,D_pairwise,5,merge,4,1,1,False
303,D_pairwise,5,merge,5,1,1,False
303,D_pairwise,5,merge,6,1,1,False
303,D_pairwise,5,merge,7,1,1,False
303,D_pairwise,5,merge,8,1,1,False
303,D_pairwise,5,merge,9,1,1,False
303,D_pairwise,5,merge,10,1,1,False
303,D_pairwise,5,merge,11,1,1,False
303,D_pairwise,6,intersection,0,1,1,False
303,D_pairwise,6,intersection,1,1,1,False
303,D_pairwise,6,intersection,2,1,1,False
303,D_pairwise,6,intersection,3,1,1,False
303,D_pairwise,6,intersection,4,1,1,False
303,D_pairwise,6,intersection,5,1,1,False
303,D_pairwise,6,intersection,6,1,1,False
303,D_pairwise,6,intersection,7,1,1,False
303,D_pairwise,6,intersection,8,1,1,False
303,D_pairwise,6,intersection,9,1,1,False
303,D_pairwise,6,intersection,10,1,1,False
303,D_pairwise,6,intersection,11,1,1,False
303,D_pairwise,7,merge,0,1,1,False
303,D_pairwise,7,merge,1,1,1,False
303,D_pairwise,7,merge,2,1,1,False
303,D_pairwise,7,merge,3,1,1,False
303,D_pairwise,7,merge,4,1,1,False
303,D_pairwise,7,merge,5,1,1,False
303,D_pairwise,7,merge,6,1,1,False
303,D_pairwise,7,merge,7,1,1,False
303,D_pairwise,7,merge,8,1,1,False
303,D_pairwise,7,merge,9,1,1,False
303,D_pairwise,7,merge,10,1,1,False
303,D_pairwise,7,merge,11,1,1,False
303,D_pairwise,8,intersection,0,1,1,False
303,D_pairwise,8,intersection,1,1,1,False
303,D_pairwise,8,intersection,2,1,1,False
303,D_pairwise,8,intersection,3,1,1,False
303,D_pairwise,8,intersection,4,1,1,False
303,D_pairwise,8,intersection,5,1,1,False
303,D_pairwise,8,intersection,6,1,1,False
303,D_pairwise,8,intersection,7,1,1,False
303,D_pairwise,8,intersection,8,1,1,False
303,D_pairwise,8,intersection,9,1,1,False
303,D_pairwise,8,intersection,10,1,1,False
303,D_pairwise,8,intersection,11,1,1,False
303,D_pairwise,9,merge,0,1,1,False
303,D_pairwise,9,merge,1,1,1,False
303,D_pairwise,9,merge,2,1,1,False
303,D_pairwise,9,merge,3,1,1,False
303,D_pairwise,9,merge,4,1,1,False
303,D_pairwise,9,merge,5,1,1,False
303,D_pairwise,9,merge,6,1,1,False
303,D_pairwise,9,merge,7,1,1,False
303,D_pairwise,9,merge,8,1,1,False
303,D_pairwise,9,merge,9,1,1,False
303,D_pairwise,9,merge,10,1,1,False
303,D_pairwise,9,merge,11,1,1,False
303,D_pairwise,10,intersection,0,1,1,False
303,D_pairwise,10,intersection,1,1,1,False
303,D_pairwise,10,intersection,2,1,1,False
303,D_pairwise,10,intersection,3,1,1,False
303,D_pairwise,10,intersection,4,1,1,False
303,D_pairwise,10,intersection,5,1,1,False
303,D_pairwise,10,intersection,6,1,1,False
303,D_pairwise,10,intersection,7,1,1,False
303,D_pairwise,10,intersection,8,1,1,False
303,D_pairwise,10,intersection,9,1,1,False
303,D_pairwise,10,intersection,10,1,1,False
303,D_pairwise,10,intersection,11,1,1,False
303,D_pairwise,11,merge,0,1,1,False
303,D_pairwise,11,merge,1,1,1,False
303,D_pairwise,11,merge,2,1,1,False
303,D_pairwise,11,merge,3,1,1,False
303,D_pairwise,11,merge,4,1,1,False
303,D_pairwise,11,merge,5,1,1,False
303,D_pairwise,11,merge,6,1,1,False
303,D_pairwise,11,merge,7,1,1,False
303,D_pairwise,11,merge,8,1,1,False
303,D_pairwise,11,merge,9,1,1,False
303,D_pairwise,11,merge,10,1,1,False
303,D_pairwise,11,merge,11,1,1,False
303,D_pairwise,12,intersection,0,1,1,False
303,D_pairwise,12,intersection,1,1,1,False
303,D_pairwise,12,intersection,2,1,1,False
303,D_pairwise,12,intersection,3,1,1,False
303,D_pairwise,12,intersection,4,1,1,False
303,D_pairwise,12,intersection,5,1,1,False
303,D_pairwise,12,intersection,6,1,1,False
303,D_pairwise,12,intersection,7,1,1,False
303,D_pairwise,12,intersection,8,1,1,False
303,D_pairwise,12,intersection,9,1,1,False
303,D_pairwise,12,intersection,10,1,1,False
303,D_pairwise,12,intersection,11,1,1,False
303,D_pairwise,13,merge,0,1,1,False
303,D_pairwise,13,merge,1,1,1,False
303,D_pairwise,13,merge,2,1,1,False
303,D_pairwise,13,merge,3,1,1,False
303,D_pairwise,13,merge,4,1,1,False
303,D_pairwise,13,merge,5,1,1,False
303,D_pairwise,13,merge,6,1,1,False
303,D_pairwise,13,merge,7,1,1,False
303,D_pairwise,13,merge,8,1,1,False
303,D_pairwise,13,merge,9,1,1,False
303,D_pairwise,13,merge,10,1,1,False
303,D_pairwise,13,merge,11,1,1,False
303,D_pairwise,14,intersection,0,1,1,False
303,D_pairwise,14,intersection,1,1,1,False
303,D_pairwise,14,intersection,2,1,1,False
303,D_pairwise,14,intersection,3,1,1,False
303,D_pairwise,14,intersection,4,1,1,False
303,D_pairwise,14,intersection,5,1,1,False
303,D_pairwise,14,intersection,6,1,1,False
303,D_pairwise,14,intersection,7,1,1,False
303,D_pairwise,14,intersection,8,1,1,False
303,D_pairwise,14,intersection,9,1,1,False
303,D_pairwise,14,intersection,10,1,1,False
303,D_pairwise,14,intersection,11,1,1,False
303,D_pairwise,15,merge,0,1,1,False
303,D_pairwise,15,merge,1,1,1,False
303,D_pairwise,15,merge,2,1,1,False
303,D_pairwise,15,merge,3,1,1,False
303,D_pairwise,15,merge,4,1,1,False
303,D_pairwise,15,merge,5,1,1,False
303,D_pairwise,15,merge,6,1,1,False
303,D_pairwise,15,merge,7,1,1,False
303,D_pairwise,15,merge,8,1,1,False
303,D_pairwise,15,merge,9,1,1,False
303,D_pairwise,15,merge,10,1,1,False
303,D_pairwise,15,merge,11,1,1,False
