analysis,metric,model,scenario,horizon,mean,std,count,sem,condition,controller,occlusion_steps,plan
prediction,position_error,constant_velocity,intersection,1.0,3.689466893672943,3.2254861247994007,3,1.862235282420337,,,,
prediction,position_error,constant_velocity,intersection,2.0,3.6171420017878213,2.969307974212805,3,1.7143307582186653,,,,
prediction,position_error,constant_velocity,intersection,5.0,4.365676959355672,1.6803239528734408,3,0.9701354865172571,,,,
prediction,position_error,constant_velocity,intersection,10.0,7.847109794616699,1.6348502825048419,3,0.9438812506889063,,,,
prediction,position_error,constant_velocity,intersection,20.0,15.540923436482748,2.631673234666224,3,1.5193972504536777,,,,
prediction,position_error,constant_velocity,intersection,40.0,34.766161600748696,8.155371946624479,3,4.708506188725165,,,,
prediction,position_error,constant_velocity,merge,1.0,4.899023870627086,4.836345268390346,3,2.7922652425991394,,,,
prediction,position_error,constant_velocity,merge,2.0,5.042776683966319,4.719936217350601,3,2.7250564456452335,,,,
prediction,position_error,constant_velocity,merge,5.0,6.487626949946086,4.037482539302079,3,2.3310416309144695,,,,
prediction,position_error,constant_velocity,merge,10.0,10.04872496922811,3.749890777172649,3,2.165000449632324,,,,
prediction,position_error,constant_velocity,merge,20.0,15.197404861450195,5.011908991229177,3,2.8936270052400714,,,,
prediction,position_error,constant_velocity,merge,40.0,27.73039372762044,3.2950379939945185,3,1.9023910728227797,,,,
prediction,position_error,independent,intersection,1.0,0.47632312774658203,0.10984222348297089,3,0.06341743729628029,,,,
prediction,position_error,independent,intersection,2.0,0.7583263119061788,0.17723307714976613,3,0.1023255648017232,,,,
prediction,position_error,independent,intersection,5.0,2.887495676676432,0.10095504700179467,3,0.05828642356253748,,,,
prediction,position_error,independent,intersection,10.0,7.363545894622803,1.681879037129512,3,0.9710333148311124,,,,
prediction,position_error,independent,intersection,20.0,15.080190658569336,2.3208870914509077,3,1.3399647870079092,,,,
prediction,position_error,independent,intersection,40.0,30.311843872070312,6.711660567212076,3,3.8749790351892885,,,,
prediction,position_error,independent,merge,1.0,0.4938693841298421,0.20222334157491248,3,0.11675370069470137,,,,
prediction,position_error,independent,merge,2.0,0.8447785377502441,0.2496538177760971,3,0.14413769889724745,,,,
prediction,position_error,independent,merge,5.0,2.9236881732940674,0.038155993036606974,3,0.022029372850882523,,,,
prediction,position_error,independent,merge,10.0,7.3460845947265625,1.3808309320257317,3,0.797223110310418,,,,
prediction,position_error,independent,merge,20.0,12.877913157145182,3.346741231143266,3,1.9322419507085844,,,,
prediction,position_error,independent,merge,40.0,22.995668411254883,2.598799302646002,3,1.5004174769524812,,,,
prediction,position_error,memoryless,intersection,1.0,3.668779949347178,3.225369583841334,3,1.8621679974668255,,,,
prediction,position_error,memoryless,intersection,2.0,3.598990380764008,3.021874991084497,3,1.7446803395600325,,,,
prediction,position_error,memoryless,intersection,5.0,4.5373226801554365,2.0496723749241927,3,1.1833788974130224,,,,
prediction,position_error,memoryless,intersection,10.0,8.70358943939209,2.247515264650233,3,1.2976035430536053,,,,
prediction,position_error,memoryless,intersection,20.0,22.49067560831706,3.3138523283056824,3,1.913253533801954,,,,
prediction,position_error,memoryless,intersection,40.0,62.84922536214193,7.990617082983836,3,4.613384923851941,,,,
prediction,position_error,memoryless,merge,1.0,3.9556776682535806,3.6365680615020186,3,2.099573549234586,,,,
prediction,position_error,memoryless,merge,2.0,3.693166136741638,3.3111630890478394,3,1.911700900792523,,,,
prediction,position_error,memoryless,merge,5.0,6.20845627784729,3.142050260318274,3,1.8140635636020892,,,,
prediction,position_error,memoryless,merge,10.0,11.380668004353842,4.504537814749388,3,2.600696119920408,,,,
prediction,position_error,memoryless,merge,20.0,23.13715171813965,5.2553875772469585,3,3.0341994324193466,,,,
prediction,position_error,memoryless,merge,40.0,52.01143900553385,7.135450024251552,3,4.119653992290756,,,,
prediction,position_error,no_actions,intersection,1.0,0.4916226863861084,0.09702395613117752,3,0.056016807190177785,,,,
prediction,position_error,no_actions,intersection,2.0,0.7637351950009664,0.16899554219481708,3,0.0975696217780244,,,,
prediction,position_error,no_actions,intersection,5.0,2.849171797434489,0.21574270849757793,3,0.1245591108267756,,,,
prediction,position_error,no_actions,intersection,10.0,7.215435187021892,1.5909899293123988,3,0.9185584639664972,,,,
prediction,position_error,no_actions,intersection,20.0,17.73534393310547,3.782022994615253,3,2.183551994022471,,,,
prediction,position_error,no_actions,intersection,40.0,52.019779205322266,7.610786985289277,3,4.394089914701665,,,,
prediction,position_error,no_actions,merge,1.0,0.49746764699618023,0.20985561971093192,3,0.12116019853106229,,,,
prediction,position_error,no_actions,merge,2.0,0.8521584272384644,0.26018373200584344,3,0.15021714771233516,,,,
prediction,position_error,no_actions,merge,5.0,2.9205686251322427,0.05650935858994678,3,0.03262569339363887,,,,
prediction,position_error,no_actions,merge,10.0,7.5406850179036455,1.4635364042566636,3,0.8449731369664017,,,,
prediction,position_error,no_actions,merge,20.0,15.638219197591146,5.319995957941921,3,3.071501098405489,,,,
prediction,position_error,no_actions,merge,40.0,49.16072463989258,10.057825884822527,3,5.8068884820646725,,,,
prediction,position_error,orchestra,intersection,1.0,0.5148681402206421,0.08944548711864345,3,0.051641376065746,,,,
prediction,position_error,orchestra,intersection,2.0,0.8262772361437479,0.19948894262987282,3,0.1151749947277109,,,,
prediction,position_error,orchestra,intersection,5.0,2.9502762953440347,0.5850166742719771,3,0.33775953437134565,,,,
prediction,position_error,orchestra,intersection,10.0,8.36870543162028,2.652506136160727,3,1.53142513173953,,,,
prediction,position_error,orchestra,intersection,20.0,18.31000296274821,3.87538329106526,3,2.2374535863095057,,,,
prediction,position_error,orchestra,intersection,40.0,35.792120615641274,1.5245351446433069,3,0.8801907761488583,,,,
prediction,position_error,orchestra,merge,1.0,0.5266726811726888,0.171085262825185,3,0.09877612254649844,,,,
prediction,position_error,orchestra,merge,2.0,0.9063602685928345,0.21627404068305559,3,0.12486587560709023,,,,
prediction,position_error,orchestra,merge,5.0,2.6809298197428384,0.19678530821691903,3,0.11361405067160169,,,,
prediction,position_error,orchestra,merge,10.0,5.968722820281982,2.4829015187373753,3,1.4335038602143544,,,,
prediction,position_error,orchestra,merge,20.0,14.13879648844401,3.4929093566973983,3,2.0166321573442056,,,,
prediction,position_error,orchestra,merge,40.0,35.36517016092936,3.8470141955061914,3,2.221074681351811,,,,
prediction,position_error,persistence,intersection,1.0,5.165249149004619,3.1231135038821782,3,1.803130422176131,,,,
prediction,position_error,persistence,intersection,2.0,6.571532249450684,2.7863054557095466,3,1.6086742048984297,,,,
prediction,position_error,persistence,intersection,5.0,11.109456380208334,1.8688325350849546,3,1.0789709672016294,,,,
prediction,position_error,persistence,intersection,10.0,19.171725908915203,5.23866269183756,3,3.0245433153260652,,,,
prediction,position_error,persistence,intersection,20.0,30.997305552164715,8.1147046653338,3,4.685026922924782,,,,
prediction,position_error,persistence,intersection,40.0,43.50988006591797,6.821411829073561,3,3.9383439557689184,,,,
prediction,position_error,persistence,merge,1.0,5.8528387149175005,4.547196616639323,3,2.625325190674869,,,,
prediction,position_error,persistence,merge,2.0,6.843153794606526,4.169301377318743,3,2.407147272527654,,,,
prediction,position_error,persistence,merge,5.0,9.945265134175617,2.7681881627096616,3,1.5982141809079589,,,,
prediction,position_error,persistence,merge,10.0,16.055814425150555,2.763210750962469,3,1.5953404708958496,,,,
prediction,position_error,persistence,merge,20.0,23.468974431355793,2.6773298535234904,3,1.5457571116412085,,,,
prediction,position_error,persistence,merge,40.0,41.23628234863282,6.99817741805736,3,4.040399616152177,,,,
prediction,position_error,privileged,intersection,1.0,0.14354123671849567,0.022525346981539556,3,0.013005015143381588,,,,
prediction,position_error,privileged,intersection,2.0,0.5771588683128357,0.1070757943383387,3,0.06182023868493286,,,,
prediction,position_error,privileged,intersection,5.0,3.238575537999471,0.8055346673196597,3,0.4650756570185812,,,,
prediction,position_error,privileged,intersection,10.0,8.821747303009033,1.2041677859475444,3,0.6952265953662904,,,,
prediction,position_error,privileged,intersection,20.0,20.097736358642578,3.201746270315978,3,1.8485290710438103,,,,
prediction,position_error,privileged,intersection,40.0,44.339263916015625,13.567924723930782,3,7.833444991706016,,,,
prediction,position_error,privileged,merge,1.0,0.14586315800746277,0.022737593643271745,3,0.013127555810667267,,,,
prediction,position_error,privileged,merge,2.0,0.6110959450403849,0.08657608995517925,3,0.049984728841008,,,,
prediction,position_error,privileged,merge,5.0,3.2228763898213706,0.7427069395414383,3,0.4288020514732525,,,,
prediction,position_error,privileged,merge,10.0,8.334438482920328,0.9568715311876395,3,0.552450036111073,,,,
prediction,position_error,privileged,merge,20.0,18.2417418162028,4.671207792858868,3,2.6969230766477454,,,,
prediction,position_error,privileged,merge,40.0,42.684862772623696,18.363604639197664,3,10.602232081732632,,,,
prediction,speed_error,constant_velocity,intersection,1.0,0.9808954397837321,0.5782097892139579,3,0.3338295774507554,,,,
prediction,speed_error,constant_velocity,intersection,2.0,1.4815622568130493,0.5373135347397309,3,0.31021811392121296,,,,
prediction,speed_error,constant_velocity,intersection,5.0,2.4251624743143716,0.34488179753087084,3,0.1991175986430503,,,,
prediction,speed_error,constant_velocity,intersection,10.0,2.5754961172739663,0.5697967572983006,3,0.32897231120954973,,,,
prediction,speed_error,constant_velocity,intersection,20.0,2.3682733376820884,0.15948539250225677,3,0.09207893429299108,,,,
prediction,speed_error,constant_velocity,intersection,40.0,2.74807341893514,0.5095507364521402,3,0.2941892548564152,,,,
prediction,speed_error,constant_velocity,merge,1.0,0.9454757968584696,0.2940306874771043,3,0.1697586965649169,,,,
prediction,speed_error,constant_velocity,merge,2.0,1.3907111883163452,0.26181875387444686,3,0.15116112802830428,,,,
prediction,speed_error,constant_velocity,merge,5.0,1.923559268315633,0.09870082791294868,3,0.056984949564779855,,,,
prediction,speed_error,constant_velocity,merge,10.0,2.1077329317728677,0.5713700650786533,3,0.32988066088005447,,,,
prediction,speed_error,constant_velocity,merge,20.0,1.470608075459798,0.43086308139704255,3,0.24875891602845415,,,,
prediction,speed_error,constant_velocity,merge,40.0,2.5171162287394204,0.503410676518565,3,0.29064428960092514,,,,
prediction,speed_error,independent,intersection,1.0,0.547197033961614,0.11267158185162274,3,0.06505096811205534,,,,
prediction,speed_error,independent,intersection,2.0,1.0493464072545369,0.061263724502251884,3,0.0353706278329342,,,,
prediction,speed_error,independent,intersection,5.0,2.0237004359563193,0.2172471866669717,3,0.125427721702865,,,,
prediction,speed_error,independent,intersection,10.0,2.9422409534454346,0.5664251254247877,3,0.32702569863976877,,,,
prediction,speed_error,independent,intersection,20.0,2.376934766769409,0.17366630782809758,3,0.10026628957372055,,,,
prediction,speed_error,independent,intersection,40.0,2.400994857152303,0.5943746805555757,3,0.3431623818182595,,,,
prediction,speed_error,independent,merge,1.0,0.6284027894337972,0.08927554887628249,3,0.05154326217577329,,,,
prediction,speed_error,independent,merge,2.0,1.0435514847437541,0.11439006999326116,3,0.06604313770322948,,,,
prediction,speed_error,independent,merge,5.0,1.7025060653686523,0.24213833560403983,3,0.13979863324212036,,,,
prediction,speed_error,independent,merge,10.0,2.206238587697347,0.5526046234199066,3,0.31904642808691486,,,,
prediction,speed_error,independent,merge,20.0,1.2805557052294414,0.29009298840928444,3,0.16748526494812335,,,,
prediction,speed_error,independent,merge,40.0,2.0565320253372192,0.5995389999992079,3,0.3461440030392217,,,,
prediction,speed_error,memoryless,intersection,1.0,0.8926140864690145,0.3910862539843113,3,0.22579375401420448,,,,
prediction,speed_error,memoryless,intersection,2.0,1.3132015466690063,0.46548587968819016,3,0.2687483979419464,,,,
prediction,speed_error,memoryless,intersection,5.0,1.9600345293680828,0.5162575735827165,3,0.29806144907916443,,,,
prediction,speed_error,memoryless,intersection,10.0,2.997638384501139,0.6775040395603423,3,0.39115713961722254,,,,
prediction,speed_error,memoryless,intersection,20.0,3.7072911262512207,0.466044928285341,3,0.2690711648000015,,,,
prediction,speed_error,memoryless,intersection,40.0,5.587094624837239,0.3819351860095784,3,0.22051038245561988,,,,
prediction,speed_error,memoryless,merge,1.0,0.9321898221969604,0.1429093770710939,3,0.0825087673217178,,,,
prediction,speed_error,memoryless,merge,2.0,1.348126490910848,0.21799034122715863,3,0.12585678218823843,,,,
prediction,speed_error,memoryless,merge,5.0,1.814230481783549,0.20313021597960423,3,0.11727728487637133,,,,
prediction,speed_error,memoryless,merge,10.0,2.140360633532206,0.6953500964644295,3,0.4014605653747706,,,,
prediction,speed_error,memoryless,merge,20.0,2.224834601084391,0.4286821387462319,3,0.2474997482019215,,,,
prediction,speed_error,memoryless,merge,40.0,3.67327872912089,0.4891673698984534,3,0.2824209126896533,,,,
prediction,speed_error,no_actions,intersection,1.0,0.5572393536567688,0.11684768750186494,3,0.067462043833387,,,,
prediction,speed_error,no_actions,intersection,2.0,1.043277899424235,0.0885928528659407,3,0.05114910745042777,,,,
prediction,speed_error,no_actions,intersection,5.0,1.9185213247934978,0.12639707380569332,3,0.07297538458649803,,,,
prediction,speed_error,no_actions,intersection,10.0,3.0789998372395835,0.7524702809632378,3,0.43443891927131867,,,,
prediction,speed_error,no_actions,intersection,20.0,3.388992706934611,0.38900277383155685,3,0.22459085618716046,,,,
prediction,speed_error,no_actions,intersection,40.0,5.037899812062581,0.29992508094591275,3,0.17316182622084303,,,,
prediction,speed_error,no_actions,merge,1.0,0.625235358874003,0.08690256316017167,3,0.05017321823379357,,,,
prediction,speed_error,no_actions,merge,2.0,1.0402315060297649,0.11238491124517166,3,0.06488545876025206,,,,
prediction,speed_error,no_actions,merge,5.0,1.6930723190307617,0.20604089646360393,3,0.11895776703733354,,,,
prediction,speed_error,no_actions,merge,10.0,2.2392282088597617,0.6178895020675262,3,0.3567386703481301,,,,
prediction,speed_error,no_actions,merge,20.0,2.179369568824768,0.4689284436273497,3,0.2707359631589226,,,,
prediction,speed_error,no_actions,merge,40.0,4.487498998641968,0.5961879666298805,3,0.34420928302137715,,,,
prediction,speed_error,orchestra,intersection,1.0,0.6814355055491129,0.14333153319358566,3,0.08275249927267847,,,,
prediction,speed_error,orchestra,intersection,2.0,1.1467574834823608,0.1882122916426202,3,0.10866441724466314,,,,
prediction,speed_error,orchestra,intersection,5.0,2.268916686375936,0.5028178302728966,3,0.29030200966140046,,,,
prediction,speed_error,orchestra,intersection,10.0,2.295052448908488,0.9366605527335333,3,0.5407812222600091,,,,
prediction,speed_error,orchestra,intersection,20.0,2.208526253700257,0.37569702663864,3,0.21690877946356082,,,,
prediction,speed_error,orchestra,intersection,40.0,2.391969680786133,0.32174454332413166,3,0.18575929869848062,,,,
prediction,speed_error,orchestra,merge,1.0,0.6649560928344727,0.05234280856648352,3,0.03022013461600031,,,,
prediction,speed_error,orchestra,merge,2.0,1.069967806339264,0.12001380279747867,3,0.06929000135159498,,,,
prediction,speed_error,orchestra,merge,5.0,1.5690731604894002,0.26153325663465166,3,0.15099629612005563,,,,
prediction,speed_error,orchestra,merge,10.0,2.1501627763112388,0.8844002305643007,3,0.5106087111876662,,,,
prediction,speed_error,orchestra,merge,20.0,1.9560401439666748,0.2144470760300241,3,0.12381107707286257,,,,
prediction,speed_error,orchestra,merge,40.0,2.1979356606801352,0.2686915355548902,3,0.1551291303815898,,,,
prediction,speed_error,persistence,intersection,1.0,0.9808954397837321,0.5782097892139579,3,0.3338295774507554,,,,
prediction,speed_error,persistence,intersection,2.0,1.4815622568130493,0.5373135347397309,3,0.31021811392121296,,,,
prediction,speed_error,persistence,intersection,5.0,2.4251624743143716,0.34488179753087084,3,0.1991175986430503,,,,
prediction,speed_error,persistence,intersection,10.0,2.5754961172739663,0.5697967572983006,3,0.32897231120954973,,,,
prediction,speed_error,persistence,intersection,20.0,2.3682733376820884,0.15948539250225677,3,0.09207893429299108,,,,
prediction,speed_error,persistence,intersection,40.0,2.74807341893514,0.5095507364521402,3,0.2941892548564152,,,,
prediction,speed_error,persistence,merge,1.0,0.9454757968584696,0.2940306874771043,3,0.1697586965649169,,,,
prediction,speed_error,persistence,merge,2.0,1.3907111883163452,0.26181875387444686,3,0.15116112802830428,,,,
prediction,speed_error,persistence,merge,5.0,1.923559268315633,0.09870082791294868,3,0.056984949564779855,,,,
prediction,speed_error,persistence,merge,10.0,2.1077329317728677,0.5713700650786533,3,0.32988066088005447,,,,
prediction,speed_error,persistence,merge,20.0,1.470608075459798,0.43086308139704255,3,0.24875891602845415,,,,
prediction,speed_error,persistence,merge,40.0,2.5171162287394204,0.503410676518565,3,0.29064428960092514,,,,
prediction,speed_error,privileged,intersection,1.0,0.6850162347157797,0.1670318264753148,3,0.09643586997875787,,,,
prediction,speed_error,privileged,intersection,2.0,1.2935285568237305,0.2965755150200624,3,0.17122795343188493,,,,
prediction,speed_error,privileged,intersection,5.0,2.3057735761006675,0.4478849277590454,3,0.25858648360766096,,,,
prediction,speed_error,privileged,intersection,10.0,2.8581607341766357,0.4744964795034334,3,0.273950670170837,,,,
prediction,speed_error,privileged,intersection,20.0,3.098156452178955,0.9408333965211978,3,0.5431904147441035,,,,
prediction,speed_error,privileged,intersection,40.0,3.1503295501073203,1.530718953868348,3,0.8837610000695532,,,,
prediction,speed_error,privileged,merge,1.0,0.7267887194951376,0.17122569119038994,3,0.09885719890095138,,,,
prediction,speed_error,privileged,merge,2.0,1.2955499490102131,0.3744771564676492,3,0.21620448709196288,,,,
prediction,speed_error,privileged,merge,5.0,1.8593535820643108,0.6127543582587096,3,0.3537738936877824,,,,
prediction,speed_error,privileged,merge,10.0,2.3439016342163086,0.6671684789220488,3,0.38518990090047805,,,,
prediction,speed_error,privileged,merge,20.0,2.2776859203974404,0.8342976828402847,3,0.48168199177211946,,,,
prediction,speed_error,privileged,merge,40.0,3.590521812438965,1.5092246205991897,3,0.871351240970553,,,,
prediction,world_error,constant_velocity,intersection,1.0,0.03768977087262704,0.03753869314056035,3,0.02167297458972928,,,,
prediction,world_error,constant_velocity,intersection,2.0,0.03849858662579204,0.03758687844698894,3,0.021700794389366812,,,,
prediction,world_error,constant_velocity,intersection,5.0,0.04103922106636063,0.03710374146772162,3,0.021421855124331358,,,,
prediction,world_error,constant_velocity,intersection,10.0,0.04242516914382571,0.03351118402636304,3,0.019347691118483792,,,,
prediction,world_error,constant_velocity,intersection,20.0,0.0462107316901286,0.03189887794071519,3,0.018416825765918934,,,,
prediction,world_error,constant_velocity,intersection,40.0,0.07630884088575833,0.046154395574735683,3,0.02664725270935812,,,,
prediction,world_error,constant_velocity,merge,1.0,0.03813317440411384,0.03801719072102853,3,0.021949235296619164,,,,
prediction,world_error,constant_velocity,merge,2.0,0.04082722399228556,0.03799110738477866,3,0.021934176075413942,,,,
prediction,world_error,constant_velocity,merge,5.0,0.044121768946448904,0.03580400106886759,3,0.020671449655176352,,,,
prediction,world_error,constant_velocity,merge,10.0,0.05265233262131606,0.03514321538793244,3,0.020289944864411796,,,,
prediction,world_error,constant_velocity,merge,20.0,0.062303721904754604,0.03746250638956445,3,0.02162898814853311,,,,
prediction,world_error,constant_velocity,merge,40.0,0.08109349136551217,0.034901136788812646,3,0.020150180720044934,,,,
prediction,world_error,independent,intersection,1.0,0.0003674096854713333,7.279238335773366e-05,3,4.2026702126541966e-05,,,,
prediction,world_error,independent,intersection,2.0,0.0011135837218413335,0.00012001160345763201,3,6.928873156214247e-05,,,,
prediction,world_error,independent,intersection,5.0,0.004015820100903467,0.0006633639027607875,3,0.0003829933278296214,,,,
prediction,world_error,independent,intersection,10.0,0.010171202321847267,0.0036633195793786323,3,0.00211501854528188,,,,
prediction,world_error,independent,intersection,20.0,0.013223065063357332,0.001061071425723353,3,0.000612609873270798,,,,
prediction,world_error,independent,intersection,40.0,0.03615171896914637,0.012199397150874189,3,0.0070433252290083665,,,,
prediction,world_error,independent,merge,1.0,0.0004029489646199667,7.390682993874507e-05,3,4.267012816008636e-05,,,,
prediction,world_error,independent,merge,2.0,0.0031765336558843,0.0034462598003242536,3,0.0019896990234145938,,,,
prediction,world_error,independent,merge,5.0,0.007340252865105801,0.003256877424138781,3,0.0018803590575441403,,,,
prediction,world_error,independent,merge,10.0,0.019764994891981233,0.010839906859368567,3,0.006258423143246913,,,,
prediction,world_error,independent,merge,20.0,0.027890798325339933,0.011423647216856214,3,0.006595445795779254,,,,
prediction,world_error,independent,merge,40.0,0.04861453548073763,0.005186806745866265,3,0.002994604270960455,,,,
prediction,world_error,memoryless,intersection,1.0,0.03522219776641573,0.03670940525541305,3,0.02119418500600379,,,,
prediction,world_error,memoryless,intersection,2.0,0.03571594813062493,0.03680541215579164,3,0.02124961461578143,,,,
prediction,world_error,memoryless,intersection,5.0,0.037505347281694364,0.038007870121037964,3,0.021943854045705605,,,,
prediction,world_error,memoryless,intersection,10.0,0.046501143835484926,0.03813074333998882,3,0.022014794931743076,,,,
prediction,world_error,memoryless,intersection,20.0,0.08216745903094604,0.03331729055818195,3,0.019235746672435328,,,,
prediction,world_error,memoryless,intersection,40.0,0.2747784008582433,0.028989047146254936,3,0.016736834173441042,,,,
prediction,world_error,memoryless,merge,1.0,0.027999639782744137,0.02760117372288252,3,0.015935545078855848,,,,
prediction,world_error,memoryless,merge,2.0,0.02766683317410447,0.024381051171754386,3,0.014076406457138436,,,,
prediction,world_error,memoryless,merge,5.0,0.027454713359475066,0.019372804607989864,3,0.01118489395538097,,,,
prediction,world_error,memoryless,merge,10.0,0.038096983917057466,0.020454497586166832,3,0.011809409687511973,,,,
prediction,world_error,memoryless,merge,20.0,0.05665566027164457,0.02380578709010146,3,0.013744277584740996,,,,
prediction,world_error,memoryless,merge,40.0,0.10623127718766523,0.028217259156653175,3,0.016291242169887143,,,,
prediction,world_error,no_actions,intersection,1.0,0.00037083358620289996,8.913897393200694e-05,3,5.1464410594931245e-05,,,,
prediction,world_error,no_actions,intersection,2.0,0.0011125479747230334,0.0001625283016147732,3,9.3835758688222e-05,,,,
prediction,world_error,no_actions,intersection,5.0,0.0036964186777670334,0.0005038466656274647,3,0.0002908960080303121,,,,
prediction,world_error,no_actions,intersection,10.0,0.011484026598433601,0.004439480535050412,3,0.002563135281973459,,,,
prediction,world_error,no_actions,intersection,20.0,0.022028653572002968,0.0040620450050884585,3,0.0023452227771481966,,,,
prediction,world_error,no_actions,intersection,40.0,0.11650425940752022,0.021224355605031917,3,0.01225388742194152,,,,
prediction,world_error,no_actions,merge,1.0,0.0004005669810188,7.289940733165202e-05,3,4.208849244669347e-05,,,,
prediction,world_error,no_actions,merge,2.0,0.0031563188337410003,0.0034130558967805993,3,0.001970528740765519,,,,
prediction,world_error,no_actions,merge,5.0,0.0072949851552644674,0.0030703634944760634,3,0.0017726751900457554,,,,
prediction,world_error,no_actions,merge,10.0,0.019921578466892166,0.010216359899732382,3,0.005898418138248589,,,,
prediction,world_error,no_actions,merge,20.0,0.03330520726740357,0.012637924635726185,3,0.007296509190434716,,,,
prediction,world_error,no_actions,merge,40.0,0.08783471832672747,0.022111963009415307,3,0.012766347795796976,,,,
prediction,world_error,orchestra,intersection,1.0,0.0005848434617897333,0.00020261083744096826,3,0.00011697742153727854,,,,
prediction,world_error,orchestra,intersection,2.0,0.0015890216842914331,0.0004268336549551507,3,0.00024643252558754814,,,,
prediction,world_error,orchestra,intersection,5.0,0.0067751465054849335,0.0020386186119240963,3,0.0011769970043693583,,,,
prediction,world_error,orchestra,intersection,10.0,0.009326967100302333,0.004874329616471169,3,0.002814195516188595,,,,
prediction,world_error,orchestra,intersection,20.0,0.0202558714275558,0.004183611880286393,3,0.0024154094452682653,,,,
prediction,world_error,orchestra,intersection,40.0,0.0714658324917157,0.011522835218998826,3,0.006652712015516673,,,,
prediction,world_error,orchestra,merge,1.0,0.0004692888566447667,0.00011528103579423121,3,6.655753704825827e-05,,,,
prediction,world_error,orchestra,merge,2.0,0.0032196167157962333,0.0033211882652722452,3,0.001917488938984357,,,,
prediction,world_error,orchestra,merge,5.0,0.006676895078271568,0.0036182731636993748,3,0.002089010985063433,,,,
prediction,world_error,orchestra,merge,10.0,0.0193639642869432,0.011177368124867653,3,0.006453256495723882,,,,
prediction,world_error,orchestra,merge,20.0,0.028998191778858432,0.008889183898276672,3,0.005132172716546124,,,,
prediction,world_error,orchestra,merge,40.0,0.053462995837132064,0.005770564067524967,3,0.003331636717761522,,,,
prediction,world_error,persistence,intersection,1.0,0.03777129152634487,0.037533804491127504,3,0.02167015212666325,,,,
prediction,world_error,persistence,intersection,2.0,0.038815576932392966,0.03757370831752134,3,0.02169319061157343,,,,
prediction,world_error,persistence,intersection,5.0,0.043044102533409956,0.036859965886429306,3,0.021281111226850384,,,,
prediction,world_error,persistence,intersection,10.0,0.049281097327669394,0.03180686136375213,3,0.0183636999704394,,,,
prediction,world_error,persistence,intersection,20.0,0.06208895146846769,0.02354468988140198,3,0.013593533041013692,,,,
prediction,world_error,persistence,intersection,40.0,0.0857116021215915,0.03261938588533706,3,0.018832811221699632,,,,
prediction,world_error,persistence,merge,1.0,0.03817832728964273,0.03800338376481129,3,0.021941263846730456,,,,
prediction,world_error,persistence,merge,2.0,0.041000369703397134,0.037946895653634655,3,0.02190865042053661,,,,
prediction,world_error,persistence,merge,5.0,0.04508191486820573,0.03539951384381718,3,0.020437918846909736,,,,
prediction,world_error,persistence,merge,10.0,0.05603554720679917,0.03349719747717132,3,0.01933961598054292,,,,
prediction,world_error,persistence,merge,20.0,0.0663211507101853,0.03250309387459998,3,0.018765669997995976,,,,
prediction,world_error,persistence,merge,40.0,0.0965824052691459,0.021780251302598197,3,0.012574833952572768,,,,
prediction,world_error,privileged,intersection,1.0,0.0005643260956276,0.00026164676477960535,3,0.00015106183007809984,,,,
prediction,world_error,privileged,intersection,2.0,0.0018477656024818,0.0007849719795533538,3,0.00045320378370144223,,,,
prediction,world_error,privileged,intersection,5.0,0.0053374480145672335,0.001966045814584755,3,0.0011350970802896454,,,,
prediction,world_error,privileged,intersection,10.0,0.009905621254195734,0.0019290200751145997,3,0.0011137202596396064,,,,
prediction,world_error,privileged,intersection,20.0,0.022068263031542232,0.008334319133061298,3,0.004811821394985189,,,,
prediction,world_error,privileged,intersection,40.0,0.08288293083508806,0.06215441642324375,3,0.03588486905328388,,,,
prediction,world_error,privileged,merge,1.0,0.0005972524231765,0.00027857758684528934,3,0.00016083684475532415,,,,
prediction,world_error,privileged,merge,2.0,0.003994621840926434,0.0029746000418179887,3,0.0017173861348750879,,,,
prediction,world_error,privileged,merge,5.0,0.008482960363229068,0.0017030785227678063,3,0.0009832728435710631,,,,
prediction,world_error,privileged,merge,10.0,0.02110899363954857,0.0070483364988508145,3,0.004069358974950582,,,,
prediction,world_error,privileged,merge,20.0,0.0385232872019211,0.01461123670973943,3,0.008435801447561403,,,,
prediction,world_error,privileged,merge,40.0,0.1057975217700004,0.05884501862088633,3,0.033974187341237264,,,,
prediction,lane_error,constant_velocity,intersection,1.0,0.0,0.0,3,0.0,,,,
prediction,lane_error,constant_velocity,intersection,2.0,0.0,0.0,3,0.0,,,,
prediction,lane_error,constant_velocity,intersection,5.0,0.0,0.0,3,0.0,,,,
prediction,lane_error,constant_velocity,intersection,10.0,0.0,0.0,3,0.0,,,,
prediction,lane_error,constant_velocity,intersection,20.0,0.0,0.0,3,0.0,,,,
prediction,lane_error,constant_velocity,intersection,40.0,0.0416666697710752,0.014433759095617723,3,0.008333334699273102,,,,
prediction,lane_error,constant_velocity,merge,1.0,0.0,0.0,3,0.0,,,,
prediction,lane_error,constant_velocity,merge,2.0,0.0,0.0,3,0.0,,,,
prediction,lane_error,constant_velocity,merge,5.0,0.0,0.0,3,0.0,,,,
prediction,lane_error,constant_velocity,merge,10.0,0.0,0.0,3,0.0,,,,
prediction,lane_error,constant_velocity,merge,20.0,0.0333333313465118,0.028867511738843367,3,0.0166666656732559,,,,
prediction,lane_error,constant_velocity,merge,40.0,0.049999997019767733,0.04999999701976775,3,0.028867511738843398,,,,
prediction,lane_error,independent,intersection,1.0,0.06668497870365774,0.0015691242631637793,3,0.0009059343157295812,,,,
prediction,lane_error,independent,intersection,2.0,0.06668497870365774,0.0015691242631637793,3,0.0009059343157295812,,,,
prediction,lane_error,independent,intersection,5.0,0.06668497870365774,0.0015691242631637793,3,0.0009059343157295812,,,,
prediction,lane_error,independent,intersection,10.0,0.06668497870365774,0.0015691242631637793,3,0.0009059343157295812,,,,
prediction,lane_error,independent,intersection,20.0,0.06668497870365774,0.0015691242631637793,3,0.0009059343157295812,,,,
prediction,lane_error,independent,intersection,40.0,0.07501831402381257,0.012882132923058605,3,0.007437502910864427,,,,
prediction,lane_error,independent,merge,1.0,0.14772625267505637,0.0005247528551818591,3,0.0003029662021972711,,,,
prediction,lane_error,independent,merge,2.0,0.14772625267505637,0.0005247528551818591,3,0.0003029662021972711,,,,
prediction,lane_error,independent,merge,5.0,0.14772625267505637,0.0005247528551818591,3,0.0003029662021972711,,,,
prediction,lane_error,independent,merge,10.0,0.14772625267505637,0.0005247528551818591,3,0.0003029662021972711,,,,
prediction,lane_error,independent,merge,20.0,0.11439292132854456,0.02933521966493587,3,0.01693669697028753,,,,
prediction,lane_error,independent,merge,40.0,0.09772625565528863,0.05028620100038312,3,0.029032751684094825,,,,
prediction,lane_error,memoryless,intersection,1.0,0.0098641750713189,0.004320994778232422,3,0.002494727498379456,,,,
prediction,lane_error,memoryless,intersection,2.0,0.0079951807856559,0.0014741986138176386,3,0.0008511289665265868,,,,
prediction,lane_error,memoryless,intersection,5.0,0.018349623928467368,0.005726772273489309,3,0.003306353513686738,,,,
prediction,lane_error,memoryless,intersection,10.0,0.07130211964249607,0.02542893124419448,3,0.014681400299040168,,,,
prediction,lane_error,memoryless,intersection,20.0,0.19465190172195432,0.06263217492986396,3,0.03616070305568869,,,,
prediction,lane_error,memoryless,intersection,40.0,0.6347563068072001,0.0914451789998979,3,0.05279589871168457,,,,
prediction,lane_error,memoryless,merge,1.0,0.012547185023625666,0.009005894813446328,3,0.005199555794836692,,,,
prediction,lane_error,memoryless,merge,2.0,0.0473649203777313,0.00812518987597138,3,0.004691080562108899,,,,
prediction,lane_error,memoryless,merge,5.0,0.1472688217957814,0.0016668699719238154,3,0.0009623678269943188,,,,
prediction,lane_error,memoryless,merge,10.0,0.30743112166722614,0.017149548810977043,3,0.009901296622498224,,,,
prediction,lane_error,memoryless,merge,20.0,0.5847317775090536,0.03786190005248716,3,0.021859578187334167,,,,
prediction,lane_error,memoryless,merge,40.0,1.1410136620203655,0.19954816737916875,3,0.11520918815265958,,,,
prediction,lane_error,no_actions,intersection,1.0,0.005911450833082167,0.001247871633532965,3,0.0007204590235343555,,,,
prediction,lane_error,no_actions,intersection,2.0,0.0035080177088577997,0.001870090246869056,3,0.0010796971074387434,,,,
prediction,lane_error,no_actions,intersection,5.0,0.0079247343043486,0.001607699867874813,3,0.0009282059514936492,,,,
prediction,lane_error,no_actions,intersection,10.0,0.05557366460561747,0.003988819941367737,3,0.00230294626689761,,,,
prediction,lane_error,no_actions,intersection,20.0,0.13889625668525693,0.0034055250077720885,3,0.0019661807799692178,,,,
prediction,lane_error,no_actions,intersection,40.0,0.1792377630869547,0.012830545524483037,3,0.00740771891241003,,,,
prediction,lane_error,no_actions,merge,1.0,0.016000280777613268,0.002238196264156,3,0.0012922232156096815,,,,
prediction,lane_error,no_actions,merge,2.0,0.011542007327079733,0.003517020394954448,3,0.0020305526717723545,,,,
prediction,lane_error,no_actions,merge,5.0,0.007465307911237034,0.004185469743423532,3,0.00241648208305061,,,,
prediction,lane_error,no_actions,merge,10.0,0.0816722561915715,0.0072047143798624974,3,0.0041596437866479805,,,,
prediction,lane_error,no_actions,merge,20.0,0.21930154661337534,0.02432534490060951,3,0.014044244426497392,,,,
prediction,lane_error,no_actions,merge,40.0,0.38596323132514954,0.04975225219206631,3,0.028724476195879634,,,,
prediction,lane_error,orchestra,intersection,1.0,0.021761052310466735,0.005388699095842515,3,0.003111166873566569,,,,
prediction,lane_error,orchestra,intersection,2.0,0.015526574105024301,0.004756824803810444,3,0.002746354080967849,,,,
prediction,lane_error,orchestra,intersection,5.0,0.012834099431832599,0.0050532366482397605,3,0.0029174875391401083,,,,
prediction,lane_error,orchestra,intersection,10.0,0.0108013699452082,0.004869613013001128,3,0.002811472383905506,,,,
prediction,lane_error,orchestra,intersection,20.0,0.10513361295064283,0.011507295465990173,3,0.006643740134933986,,,,
prediction,lane_error,orchestra,intersection,40.0,0.18074498573939002,0.02026676232815602,3,0.011701020685763045,,,,
prediction,lane_error,orchestra,merge,1.0,0.023138582706451402,0.007860712635912223,3,0.004538384556366215,,,,
prediction,lane_error,orchestra,merge,2.0,0.0235111018021901,0.00638354445816906,3,0.0036855411113078506,,,,
prediction,lane_error,orchestra,merge,5.0,0.007918412486712099,0.004775669570726785,3,0.002757234112219814,,,,
prediction,lane_error,orchestra,merge,10.0,0.015805090467135068,0.01036036158761192,3,0.0059815575515096,,,,
prediction,lane_error,orchestra,merge,20.0,0.0913494378328323,0.021913468139142866,3,0.012651746729012422,,,,
prediction,lane_error,orchestra,merge,40.0,0.31392457087834674,0.04327914293454225,3,0.02498722482355426,,,,
prediction,lane_error,persistence,intersection,1.0,0.0,0.0,3,0.0,,,,
prediction,lane_error,persistence,intersection,2.0,0.0,0.0,3,0.0,,,,
prediction,lane_error,persistence,intersection,5.0,0.0,0.0,3,0.0,,,,
prediction,lane_error,persistence,intersection,10.0,0.0,0.0,3,0.0,,,,
prediction,lane_error,persistence,intersection,20.0,0.0,0.0,3,0.0,,,,
prediction,lane_error,persistence,intersection,40.0,0.0416666697710752,0.014433759095617723,3,0.008333334699273102,,,,
prediction,lane_error,persistence,merge,1.0,0.0,0.0,3,0.0,,,,
prediction,lane_error,persistence,merge,2.0,0.0,0.0,3,0.0,,,,
prediction,lane_error,persistence,merge,5.0,0.0,0.0,3,0.0,,,,
prediction,lane_error,persistence,merge,10.0,0.0,0.0,3,0.0,,,,
prediction,lane_error,persistence,merge,20.0,0.0333333313465118,0.028867511738843367,3,0.0166666656732559,,,,
prediction,lane_error,persistence,merge,40.0,0.049999997019767733,0.04999999701976775,3,0.028867511738843398,,,,
prediction,lane_error,privileged,intersection,1.0,0.0187999494373798,0.004256482509416205,3,0.00245748132261238,,,,
prediction,lane_error,privileged,intersection,2.0,0.0343827828764915,0.005553366593078702,3,0.0032062376974226637,,,,
prediction,lane_error,privileged,intersection,5.0,0.10109710196653997,0.008065608376514363,3,0.004656681167358668,,,,
prediction,lane_error,privileged,intersection,10.0,0.1595126589139302,0.009249582471073612,3,0.005340248929565994,,,,
prediction,lane_error,privileged,intersection,20.0,0.1481151978174845,0.018959361389135784,3,0.010946192401680942,,,,
prediction,lane_error,privileged,intersection,40.0,0.05624262988567347,0.0037009350226114503,3,0.0021367358315580345,,,,
prediction,lane_error,privileged,merge,1.0,0.0129781365394592,0.004758346683872377,3,0.00274723273883128,,,,
prediction,lane_error,privileged,merge,2.0,0.04678843418757117,0.0054141482007700635,3,0.0031258599211471242,,,,
prediction,lane_error,privileged,merge,5.0,0.1297987103462219,0.0073350499303858245,3,0.004234893051827602,,,,
prediction,lane_error,privileged,merge,10.0,0.17518672347068784,0.013849802198004763,3,0.007996187027241121,,,,
prediction,lane_error,privileged,merge,20.0,0.16278876860936478,0.05410182550850168,3,0.031235703520983607,,,,
prediction,lane_error,privileged,merge,40.0,0.09297945598761237,0.07738573798672345,3,0.04467867665807263,,,,
prediction,queue_error,constant_velocity,intersection,1.0,0.06666666766007737,0.028867513889640786,3,0.01666666691501937,,,,
prediction,queue_error,constant_velocity,intersection,2.0,0.06666666766007737,0.028867513889640786,3,0.01666666691501937,,,,
prediction,queue_error,constant_velocity,intersection,5.0,0.058333333581686,0.05773502670388286,3,0.033333333209157004,,,,
prediction,queue_error,constant_velocity,intersection,10.0,0.12500000248352683,0.06614378305822025,3,0.03818813095388367,,,,
prediction,queue_error,constant_velocity,intersection,20.0,0.17500000695387516,8.603189428509036e-09,3,4.9670537324390355e-09,,,,
prediction,queue_error,constant_velocity,intersection,40.0,0.125,0.0,3,0.0,,,,
prediction,queue_error,constant_velocity,merge,1.0,0.18333333730697624,0.057735023477686845,3,0.03333333134651187,,,,
prediction,queue_error,constant_velocity,merge,2.0,0.23333333929379776,0.05773503208087621,3,0.03333333631356556,,,,
prediction,queue_error,constant_velocity,merge,5.0,0.21666667362054182,0.07637626515946735,3,0.044095857249516715,,,,
prediction,queue_error,constant_velocity,merge,10.0,0.24999999999999992,0.17320507043306044,3,0.09999999403953554,,,,
prediction,queue_error,constant_velocity,merge,20.0,0.3166666825612386,0.028867520342032858,3,0.016666670640309668,,,,
prediction,queue_error,constant_velocity,merge,40.0,0.30000001192092896,0.05000001192092895,3,0.028867520342032826,,,,
prediction,queue_error,independent,intersection,1.0,0.10907386243343346,0.020946424807956308,3,0.01209342400143383,,,,
prediction,queue_error,independent,intersection,2.0,0.10907386243343346,0.020946424807956308,3,0.01209342400143383,,,,
prediction,queue_error,independent,intersection,5.0,0.1348351786533991,0.011699741118543893,3,0.00675484868424025,,,,
prediction,queue_error,independent,intersection,10.0,0.08708836883306496,0.023308269363437956,3,0.013457035591325212,,,,
prediction,queue_error,independent,intersection,20.0,0.05792949100335437,0.018106392273617555,3,0.010453730453226055,,,,
prediction,queue_error,independent,intersection,40.0,0.0709744791189829,0.0025779833900630325,3,0.001488399404219276,,,,
prediction,queue_error,independent,merge,1.0,0.08639894550045328,0.049627905014333104,3,0.028652684319342397,,,,
prediction,queue_error,independent,merge,2.0,0.10649588704109186,0.09003336960995524,3,0.051980790180356735,,,,
prediction,queue_error,independent,merge,5.0,0.1195669919252395,0.021575012977449973,3,0.012456339550300411,,,,
prediction,queue_error,independent,merge,10.0,0.1239190200964609,0.12106976689496801,3,0.06989966250753503,,,,
prediction,queue_error,independent,merge,20.0,0.12963739782571787,0.028811246123945068,3,0.016634180705348247,,,,
prediction,queue_error,independent,merge,40.0,0.11297072966893511,0.050399193944775315,3,0.029097988190956187,,,,
prediction,queue_error,memoryless,intersection,1.0,0.0830685546000798,0.03507442966931692,3,0.02025023141125272,,,,
prediction,queue_error,memoryless,intersection,2.0,0.07794439544280364,0.03540075088598307,3,0.02043863305353721,,,,
prediction,queue_error,memoryless,intersection,5.0,0.07213278363148366,0.03885944500477824,3,0.022435511034068177,,,,
prediction,queue_error,memoryless,intersection,10.0,0.11747743189334865,0.052160259219326016,3,0.030114739701278537,,,,
prediction,queue_error,memoryless,intersection,20.0,0.17078148325284323,0.000584039774822725,3,0.00033719552121134875,,,,
prediction,queue_error,memoryless,intersection,40.0,0.1248869424064954,2.403891737389206e-05,3,1.3878875416843753e-05,,,,
prediction,queue_error,memoryless,merge,1.0,0.10226546848813688,0.046978350485342955,3,0.027122963298797344,,,,
prediction,queue_error,memoryless,merge,2.0,0.1629253228505452,0.06402810117503285,3,0.036966641449105817,,,,
prediction,queue_error,memoryless,merge,5.0,0.17628644406795502,0.047043345292928605,3,0.027160488068452848,,,,
prediction,queue_error,memoryless,merge,10.0,0.21441588799158726,0.16602677052451262,3,0.09585560065501159,,,,
prediction,queue_error,memoryless,merge,20.0,0.30718449751536053,0.03015697698383438,3,0.01741113877956213,,,,
prediction,queue_error,memoryless,merge,40.0,0.29958546161651606,0.04975182569993072,3,0.028724229960530343,,,,
prediction,queue_error,no_actions,intersection,1.0,0.09701343874136603,0.02787722515586732,3,0.016094923447999804,,,,
prediction,queue_error,no_actions,intersection,2.0,0.09741882234811776,0.02798012530256746,3,0.016154332875396783,,,,
prediction,queue_error,no_actions,intersection,5.0,0.10961357752482093,0.006583499630746359,3,0.0038009852840212126,,,,
prediction,queue_error,no_actions,intersection,10.0,0.09704272697369254,0.009380410817620024,3,0.005415782710662198,,,,
prediction,queue_error,no_actions,intersection,20.0,0.0841240957379341,0.0029906100669370634,3,0.0017266295271873185,,,,
prediction,queue_error,no_actions,intersection,40.0,0.0860401441653569,0.0020734380094651604,3,0.0011970999929127122,,,,
prediction,queue_error,no_actions,merge,1.0,0.09554013982415195,0.04427478750444899,3,0.025562060484007106,,,,
prediction,queue_error,no_actions,merge,2.0,0.11728867640097933,0.078798675952563,3,0.04549443677299834,,,,
prediction,queue_error,no_actions,merge,5.0,0.11890908579031623,0.01890685701272522,3,0.010915878985826669,,,,
prediction,queue_error,no_actions,merge,10.0,0.12637681762377417,0.119514594894829,3,0.0690017835346186,,,,
prediction,queue_error,no_actions,merge,20.0,0.16997416814168287,0.03417331063974869,3,0.01972997009695961,,,,
prediction,queue_error,no_actions,merge,40.0,0.23283984760443366,0.047628380463002946,3,0.027498258281380666,,,,
prediction,queue_error,orchestra,intersection,1.0,0.08478673547506331,0.03445360063320938,3,0.0198917956001353,,,,
prediction,queue_error,orchestra,intersection,2.0,0.08396989355484641,0.03522935515320633,3,0.02033967768108061,,,,
prediction,queue_error,orchestra,intersection,5.0,0.08730737616618471,0.01684030614489461,3,0.009722755285990613,,,,
prediction,queue_error,orchestra,intersection,10.0,0.09335890909036,0.003129125771761702,3,0.0018066016066548142,,,,
prediction,queue_error,orchestra,intersection,20.0,0.09289002170165377,0.006156363721055666,3,0.0035543782515807354,,,,
prediction,queue_error,orchestra,intersection,40.0,0.06005692233641937,0.013199782840121263,3,0.007620898175988614,,,,
prediction,queue_error,orchestra,merge,1.0,0.10567045335968334,0.04633566340432841,3,0.0267519077395689,,,,
prediction,queue_error,orchestra,merge,2.0,0.15063701321681336,0.06692873069630402,3,0.038641320684031095,,,,
prediction,queue_error,orchestra,merge,5.0,0.13952622065941492,0.03535265709389492,3,0.020410866089728766,,,,
prediction,queue_error,orchestra,merge,10.0,0.15013989061117164,0.14984248667257755,3,0.08651160001645557,,,,
prediction,queue_error,orchestra,merge,20.0,0.2218244721492131,0.05339869051200365,3,0.030829748341478825,,,,
prediction,queue_error,orchestra,merge,40.0,0.22184798618157697,0.01703829298732995,3,0.00983706304276666,,,,
prediction,queue_error,persistence,intersection,1.0,0.06666666766007737,0.028867513889640786,3,0.01666666691501937,,,,
prediction,queue_error,persistence,intersection,2.0,0.06666666766007737,0.028867513889640786,3,0.01666666691501937,,,,
prediction,queue_error,persistence,intersection,5.0,0.058333333581686,0.05773502670388286,3,0.033333333209157004,,,,
prediction,queue_error,persistence,intersection,10.0,0.12500000248352683,0.06614378305822025,3,0.03818813095388367,,,,
prediction,queue_error,persistence,intersection,20.0,0.17500000695387516,8.603189428509036e-09,3,4.9670537324390355e-09,,,,
prediction,queue_error,persistence,intersection,40.0,0.125,0.0,3,0.0,,,,
prediction,queue_error,persistence,merge,1.0,0.18333333730697624,0.057735023477686845,3,0.03333333134651187,,,,
prediction,queue_error,persistence,merge,2.0,0.23333333929379776,0.05773503208087621,3,0.03333333631356556,,,,
prediction,queue_error,persistence,merge,5.0,0.21666667362054182,0.07637626515946735,3,0.044095857249516715,,,,
prediction,queue_error,persistence,merge,10.0,0.24999999999999992,0.17320507043306044,3,0.09999999403953554,,,,
prediction,queue_error,persistence,merge,20.0,0.3166666825612386,0.028867520342032858,3,0.016666670640309668,,,,
prediction,queue_error,persistence,merge,40.0,0.30000001192092896,0.05000001192092895,3,0.028867520342032826,,,,
prediction,queue_error,privileged,intersection,1.0,0.08411411568522449,0.034888975661302724,3,0.02014315948980343,,,,
prediction,queue_error,privileged,intersection,2.0,0.08028296505411463,0.03669384991858838,3,0.02118520412810073,,,,
prediction,queue_error,privileged,intersection,5.0,0.08042682458957033,0.028297016918349446,3,0.01633729033507245,,,,
prediction,queue_error,privileged,intersection,10.0,0.1081790377696355,0.03666358719730163,3,0.021167731937819415,,,,
prediction,queue_error,privileged,intersection,20.0,0.1586078306039174,0.005293641863056522,3,0.0030562855546291553,,,,
prediction,queue_error,privileged,intersection,40.0,0.12368889649709064,0.0008140869872435801,3,0.00047001334122885244,,,,
prediction,queue_error,privileged,merge,1.0,0.09676054492592806,0.046000570478539234,3,0.02655844174866098,,,,
prediction,queue_error,privileged,merge,2.0,0.1377629588047663,0.07264039532371505,3,0.04193895179418772,,,,
prediction,queue_error,privileged,merge,5.0,0.1463528970877329,0.04258041710014476,3,0.024583815274975124,,,,
prediction,queue_error,privileged,merge,10.0,0.18382366498311356,0.16394533831573802,3,0.09465388520897562,,,,
prediction,queue_error,privileged,merge,20.0,0.2942585150400797,0.03304184757909113,3,0.01907671959431085,,,,
prediction,queue_error,privileged,merge,40.0,0.2983709176381429,0.048919918201263096,3,0.028243927942233724,,,,
prediction,collision_proxy_error,constant_velocity,intersection,1.0,,,0,,,,,
prediction,collision_proxy_error,constant_velocity,intersection,2.0,,,0,,,,,
prediction,collision_proxy_error,constant_velocity,intersection,5.0,,,0,,,,,
prediction,collision_proxy_error,constant_velocity,intersection,10.0,,,0,,,,,
prediction,collision_proxy_error,constant_velocity,intersection,20.0,,,0,,,,,
prediction,collision_proxy_error,constant_velocity,intersection,40.0,,,0,,,,,
prediction,collision_proxy_error,constant_velocity,merge,1.0,,,0,,,,,
prediction,collision_proxy_error,constant_velocity,merge,2.0,,,0,,,,,
prediction,collision_proxy_error,constant_velocity,merge,5.0,,,0,,,,,
prediction,collision_proxy_error,constant_velocity,merge,10.0,,,0,,,,,
prediction,collision_proxy_error,constant_velocity,merge,20.0,,,0,,,,,
prediction,collision_proxy_error,constant_velocity,merge,40.0,,,0,,,,,
prediction,collision_proxy_error,independent,intersection,1.0,0.0173819574217001,6.227371424833419e-05,3,3.595374568471358e-05,,,,
prediction,collision_proxy_error,independent,intersection,2.0,0.016956274708112035,3.78947714265118e-05,3,2.1878556483975927e-05,,,,
prediction,collision_proxy_error,independent,intersection,5.0,0.016442553450663866,3.0324568111039562e-05,3,1.7507897561967835e-05,,,,
prediction,collision_proxy_error,independent,intersection,10.0,0.015997887899478234,2.5380761518882032e-05,3,1.4653589495164237e-05,,,,
prediction,collision_proxy_error,independent,intersection,20.0,0.015560247314472966,1.924092510582575e-05,3,1.1108753289305927e-05,,,,
prediction,collision_proxy_error,independent,intersection,40.0,0.015228532565136699,1.635245483189137e-05,3,9.44109419910368e-06,,,,
prediction,collision_proxy_error,independent,merge,1.0,0.0172858946025371,5.339862265016018e-05,3,3.082970916142523e-05,,,,
prediction,collision_proxy_error,independent,merge,2.0,0.016895678515235532,3.5786920074986854e-05,3,2.0661587938761282e-05,,,,
prediction,collision_proxy_error,independent,merge,5.0,0.03877596929669377,0.0387867837479879,3,0.022393560037900617,,,,
prediction,collision_proxy_error,independent,merge,10.0,0.0159652885049581,2.7316654743858652e-05,3,1.5771277969726862e-05,,,,
prediction,collision_proxy_error,independent,merge,20.0,0.015539039236803798,2.0808605212729424e-05,3,1.2013853821029983e-05,,,,
prediction,collision_proxy_error,independent,merge,40.0,0.015218600941201,1.7748676351435375e-05,3,1.024720306926076e-05,,,,
prediction,collision_proxy_error,memoryless,intersection,1.0,0.019236521795391967,0.000175410802542396,3,0.00010127347406662064,,,,
prediction,collision_proxy_error,memoryless,intersection,2.0,0.016554464896519933,0.0002311605463697088,3,0.00013346060367257237,,,,
prediction,collision_proxy_error,memoryless,intersection,5.0,0.015355377147595032,0.0007169383737966385,3,0.0004139245631038618,,,,
prediction,collision_proxy_error,memoryless,intersection,10.0,0.013551576063036868,0.0006437887518751297,3,0.0003716916091963594,,,,
prediction,collision_proxy_error,memoryless,intersection,20.0,0.0124071755756934,0.00037281453818657274,3,0.0002152445739798238,,,,
prediction,collision_proxy_error,memoryless,intersection,40.0,0.0108189148207505,0.00022027207626099593,3,0.0001271741425242438,,,,
prediction,collision_proxy_error,memoryless,merge,1.0,0.009909707121550966,4.418237958340255e-05,3,2.550870874591569e-05,,,,
prediction,collision_proxy_error,memoryless,merge,2.0,0.009107660812636167,4.636562095026505e-05,3,2.676920373677968e-05,,,,
prediction,collision_proxy_error,memoryless,merge,5.0,0.03652764918903503,0.04749242976473657,3,0.027419767109140056,,,,
prediction,collision_proxy_error,memoryless,merge,10.0,0.008310642714301734,0.00023885417000139324,3,0.00013790251934736903,,,,
prediction,collision_proxy_error,memoryless,merge,20.0,0.008171004553635867,0.00023111024729762097,3,0.00013343156348976246,,,,
prediction,collision_proxy_error,memoryless,merge,40.0,0.0079917283728718,0.00019499910107385795,3,0.00011258278349672693,,,,
prediction,collision_proxy_error,no_actions,intersection,1.0,0.015668881436188966,0.0003371548163943043,3,0.00019465642400383045,,,,
prediction,collision_proxy_error,no_actions,intersection,2.0,0.013908063371976165,0.000280201548700409,3,0.00016177443956953116,,,,
prediction,collision_proxy_error,no_actions,intersection,5.0,0.012958942291637235,0.00025263118275325325,3,0.0001458566813682843,,,,
prediction,collision_proxy_error,no_actions,intersection,10.0,0.012037836946546967,0.000209862668364569,3,0.00012116426807313707,,,,
prediction,collision_proxy_error,no_actions,intersection,20.0,0.011221343340973034,0.00015881523982821827,3,9.16920214662368e-05,,,,
prediction,collision_proxy_error,no_actions,intersection,40.0,0.010593875311314999,0.00010747729560458954,3,6.205204554908276e-05,,,,
prediction,collision_proxy_error,no_actions,merge,1.0,0.012647792386511867,0.00033396660487294697,3,0.00019281570922374133,,,,
prediction,collision_proxy_error,no_actions,merge,2.0,0.011730406122903,0.0003192713537025974,3,0.00018433140200473086,,,,
prediction,collision_proxy_error,no_actions,merge,5.0,0.037278410978615235,0.04487510134123318,3,0.025908651839272715,,,,
prediction,collision_proxy_error,no_actions,merge,10.0,0.010607822798192432,0.0001896417897047395,3,0.00010948973833563376,,,,
prediction,collision_proxy_error,no_actions,merge,20.0,0.010087724154194165,0.0001189567684891298,3,6.867972230912709e-05,,,,
prediction,collision_proxy_error,no_actions,merge,40.0,0.009779633333285567,8.370672181840408e-05,3,4.832809837483672e-05,,,,
prediction,collision_proxy_error,orchestra,intersection,1.0,0.015946970010797132,0.00026864324455530406,3,0.00015510124955997928,,,,
prediction,collision_proxy_error,orchestra,intersection,2.0,0.0154044466714064,0.00049330770453775,3,0.00028481133600818633,,,,
prediction,collision_proxy_error,orchestra,intersection,5.0,0.016202940916021633,0.00037725273691223123,3,0.00021780696920879977,,,,
prediction,collision_proxy_error,orchestra,intersection,10.0,0.015086427951852435,0.0006580864000047429,3,0.00037994636019277007,,,,
prediction,collision_proxy_error,orchestra,intersection,20.0,0.014082654379308166,0.00029848781971046574,3,0.00017233202305966188,,,,
prediction,collision_proxy_error,orchestra,intersection,40.0,0.0126334130764007,0.00037261471918138763,3,0.00021512920842339098,,,,
prediction,collision_proxy_error,orchestra,merge,1.0,0.013678494530419466,0.0003730885706363078,3,0.00021540278668844503,,,,
prediction,collision_proxy_error,orchestra,merge,2.0,0.013669903700550332,0.00055525291791651,3,0.00032057542162742224,,,,
prediction,collision_proxy_error,orchestra,merge,5.0,0.03847449459135526,0.04066710799963667,3,0.023479165750753817,,,,
prediction,collision_proxy_error,orchestra,merge,10.0,0.013818993233144233,0.0008952114588137682,3,0.0005168505767277667,,,,
prediction,collision_proxy_error,orchestra,merge,20.0,0.0129987994829813,0.00028873093604213894,3,0.00016669888364730155,,,,
prediction,collision_proxy_error,orchestra,merge,40.0,0.011592329479753935,0.0003748515588879368,3,0.00021642064843010116,,,,
prediction,collision_proxy_error,persistence,intersection,1.0,,,0,,,,,
prediction,collision_proxy_error,persistence,intersection,2.0,,,0,,,,,
prediction,collision_proxy_error,persistence,intersection,5.0,,,0,,,,,
prediction,collision_proxy_error,persistence,intersection,10.0,,,0,,,,,
prediction,collision_proxy_error,persistence,intersection,20.0,,,0,,,,,
prediction,collision_proxy_error,persistence,intersection,40.0,,,0,,,,,
prediction,collision_proxy_error,persistence,merge,1.0,,,0,,,,,
prediction,collision_proxy_error,persistence,merge,2.0,,,0,,,,,
prediction,collision_proxy_error,persistence,merge,5.0,,,0,,,,,
prediction,collision_proxy_error,persistence,merge,10.0,,,0,,,,,
prediction,collision_proxy_error,persistence,merge,20.0,,,0,,,,,
prediction,collision_proxy_error,persistence,merge,40.0,,,0,,,,,
prediction,collision_proxy_error,privileged,intersection,1.0,0.0149345444515347,0.0006152976347141688,3,0.0003552422550339654,,,,
prediction,collision_proxy_error,privileged,intersection,2.0,0.0137727325782179,0.000611343203253552,3,0.0003529591629656864,,,,
prediction,collision_proxy_error,privileged,intersection,5.0,0.014363986129562032,0.0006138424128573061,3,0.0003544020823031751,,,,
prediction,collision_proxy_error,privileged,intersection,10.0,0.014102518868943,0.0010535676421036986,3,0.0006082775617780497,,,,
prediction,collision_proxy_error,privileged,intersection,20.0,0.013943655416369367,0.00037935171008517403,3,0.00021901881193522012,,,,
prediction,collision_proxy_error,privileged,intersection,40.0,0.012740492199857968,0.0004729599347619168,3,0.00027306354565070055,,,,
prediction,collision_proxy_error,privileged,merge,1.0,0.014133337264259567,5.032659253008589e-05,3,2.90560717446417e-05,,,,
prediction,collision_proxy_error,privileged,merge,2.0,0.012676019842425933,5.7107595346850405e-05,3,3.29710855462763e-05,,,,
prediction,collision_proxy_error,privileged,merge,5.0,0.03813102686156823,0.042419261715145345,3,0.024490772170064352,,,,
prediction,collision_proxy_error,privileged,merge,10.0,0.013315903954207868,0.000630630272028313,3,0.0003640945573146735,,,,
prediction,collision_proxy_error,privileged,merge,20.0,0.013398752858241334,0.0002476957622642811,3,0.00014300721502041224,,,,
prediction,collision_proxy_error,privileged,merge,40.0,0.012376965334018034,0.00023755553203679138,3,0.0001371527503689263,,,,
action_shuffle,position_error,constant_velocity,intersection,1.0,3.689466893672943,3.2254861247994007,3,1.862235282420337,correct,,,
action_shuffle,position_error,constant_velocity,intersection,2.0,3.6171420017878213,2.969307974212805,3,1.7143307582186653,correct,,,
action_shuffle,position_error,constant_velocity,intersection,5.0,4.365676959355672,1.6803239528734408,3,0.9701354865172571,correct,,,
action_shuffle,position_error,constant_velocity,intersection,10.0,7.847109794616699,1.6348502825048419,3,0.9438812506889063,correct,,,
action_shuffle,position_error,constant_velocity,intersection,20.0,15.540923436482748,2.631673234666224,3,1.5193972504536777,correct,,,
action_shuffle,position_error,constant_velocity,intersection,40.0,34.766161600748696,8.155371946624479,3,4.708506188725165,correct,,,
action_shuffle,position_error,constant_velocity,intersection,1.0,3.689466893672943,3.2254861247994007,3,1.862235282420337,noop,,,
action_shuffle,position_error,constant_velocity,intersection,2.0,3.6171420017878213,2.969307974212805,3,1.7143307582186653,noop,,,
action_shuffle,position_error,constant_velocity,intersection,5.0,4.365676959355672,1.6803239528734408,3,0.9701354865172571,noop,,,
action_shuffle,position_error,constant_velocity,intersection,10.0,7.847109794616699,1.6348502825048419,3,0.9438812506889063,noop,,,
action_shuffle,position_error,constant_velocity,intersection,20.0,15.540923436482748,2.631673234666224,3,1.5193972504536777,noop,,,
action_shuffle,position_error,constant_velocity,intersection,40.0,34.766161600748696,8.155371946624479,3,4.708506188725165,noop,,,
action_shuffle,position_error,constant_velocity,intersection,1.0,3.689466893672943,3.2254861247994007,3,1.862235282420337,opposite,,,
action_shuffle,position_error,constant_velocity,intersection,2.0,3.6171420017878213,2.969307974212805,3,1.7143307582186653,opposite,,,
action_shuffle,position_error,constant_velocity,intersection,5.0,4.365676959355672,1.6803239528734408,3,0.9701354865172571,opposite,,,
action_shuffle,position_error,constant_velocity,intersection,10.0,7.847109794616699,1.6348502825048419,3,0.9438812506889063,opposite,,,
action_shuffle,position_error,constant_velocity,intersection,20.0,15.540923436482748,2.631673234666224,3,1.5193972504536777,opposite,,,
action_shuffle,position_error,constant_velocity,intersection,40.0,34.766161600748696,8.155371946624479,3,4.708506188725165,opposite,,,
action_shuffle,position_error,constant_velocity,intersection,1.0,3.689466893672943,3.2254861247994007,3,1.862235282420337,shuffled,,,
action_shuffle,position_error,constant_velocity,intersection,2.0,3.6171420017878213,2.969307974212805,3,1.7143307582186653,shuffled,,,
action_shuffle,position_error,constant_velocity,intersection,5.0,4.365676959355672,1.6803239528734408,3,0.9701354865172571,shuffled,,,
action_shuffle,position_error,constant_velocity,intersection,10.0,7.847109794616699,1.6348502825048419,3,0.9438812506889063,shuffled,,,
action_shuffle,position_error,constant_velocity,intersection,20.0,15.540923436482748,2.631673234666224,3,1.5193972504536777,shuffled,,,
action_shuffle,position_error,constant_velocity,intersection,40.0,34.766161600748696,8.155371946624479,3,4.708506188725165,shuffled,,,
action_shuffle,position_error,constant_velocity,merge,1.0,4.899023870627086,4.836345268390346,3,2.7922652425991394,correct,,,
action_shuffle,position_error,constant_velocity,merge,2.0,5.042776683966319,4.719936217350601,3,2.7250564456452335,correct,,,
action_shuffle,position_error,constant_velocity,merge,5.0,6.487626949946086,4.037482539302079,3,2.3310416309144695,correct,,,
action_shuffle,position_error,constant_velocity,merge,10.0,10.04872496922811,3.749890777172649,3,2.165000449632324,correct,,,
action_shuffle,position_error,constant_velocity,merge,20.0,15.197404861450195,5.011908991229177,3,2.8936270052400714,correct,,,
action_shuffle,position_error,constant_velocity,merge,40.0,27.73039372762044,3.2950379939945185,3,1.9023910728227797,correct,,,
action_shuffle,position_error,constant_velocity,merge,1.0,4.899023870627086,4.836345268390346,3,2.7922652425991394,noop,,,
action_shuffle,position_error,constant_velocity,merge,2.0,5.042776683966319,4.719936217350601,3,2.7250564456452335,noop,,,
action_shuffle,position_error,constant_velocity,merge,5.0,6.487626949946086,4.037482539302079,3,2.3310416309144695,noop,,,
action_shuffle,position_error,constant_velocity,merge,10.0,10.04872496922811,3.749890777172649,3,2.165000449632324,noop,,,
action_shuffle,position_error,constant_velocity,merge,20.0,15.197404861450195,5.011908991229177,3,2.8936270052400714,noop,,,
action_shuffle,position_error,constant_velocity,merge,40.0,27.73039372762044,3.2950379939945185,3,1.9023910728227797,noop,,,
action_shuffle,position_error,constant_velocity,merge,1.0,4.899023870627086,4.836345268390346,3,2.7922652425991394,opposite,,,
action_shuffle,position_error,constant_velocity,merge,2.0,5.042776683966319,4.719936217350601,3,2.7250564456452335,opposite,,,
action_shuffle,position_error,constant_velocity,merge,5.0,6.487626949946086,4.037482539302079,3,2.3310416309144695,opposite,,,
action_shuffle,position_error,constant_velocity,merge,10.0,10.04872496922811,3.749890777172649,3,2.165000449632324,opposite,,,
action_shuffle,position_error,constant_velocity,merge,20.0,15.197404861450195,5.011908991229177,3,2.8936270052400714,opposite,,,
action_shuffle,position_error,constant_velocity,merge,40.0,27.73039372762044,3.2950379939945185,3,1.9023910728227797,opposite,,,
action_shuffle,position_error,constant_velocity,merge,1.0,4.899023870627086,4.836345268390346,3,2.7922652425991394,shuffled,,,
action_shuffle,position_error,constant_velocity,merge,2.0,5.042776683966319,4.719936217350601,3,2.7250564456452335,shuffled,,,
action_shuffle,position_error,constant_velocity,merge,5.0,6.487626949946086,4.037482539302079,3,2.3310416309144695,shuffled,,,
action_shuffle,position_error,constant_velocity,merge,10.0,10.04872496922811,3.749890777172649,3,2.165000449632324,shuffled,,,
action_shuffle,position_error,constant_velocity,merge,20.0,15.197404861450195,5.011908991229177,3,2.8936270052400714,shuffled,,,
action_shuffle,position_error,constant_velocity,merge,40.0,27.73039372762044,3.2950379939945185,3,1.9023910728227797,shuffled,,,
action_shuffle,position_error,independent,intersection,1.0,0.47632312774658203,0.10984222348297089,3,0.06341743729628029,correct,,,
action_shuffle,position_error,independent,intersection,2.0,0.7583263119061788,0.17723307714976613,3,0.1023255648017232,correct,,,
action_shuffle,position_error,independent,intersection,5.0,2.887495676676432,0.10095504700179467,3,0.05828642356253748,correct,,,
action_shuffle,position_error,independent,intersection,10.0,7.363545894622803,1.681879037129512,3,0.9710333148311124,correct,,,
action_shuffle,position_error,independent,intersection,20.0,15.080190658569336,2.3208870914509077,3,1.3399647870079092,correct,,,
action_shuffle,position_error,independent,intersection,40.0,30.311843872070312,6.711660567212076,3,3.8749790351892885,correct,,,
action_shuffle,position_error,independent,intersection,1.0,0.47622071703275043,0.10997393151534185,3,0.0634934789642241,noop,,,
action_shuffle,position_error,independent,intersection,2.0,0.7582378586133321,0.17748927575274887,3,0.10247348113412127,noop,,,
action_shuffle,position_error,independent,intersection,5.0,2.8870078722635903,0.10214607264749649,3,0.05897406253969517,noop,,,
action_shuffle,position_error,independent,intersection,10.0,7.3609849611918134,1.6822118296189355,3,0.9712254526644654,noop,,,
action_shuffle,position_error,independent,intersection,20.0,15.073466936747232,2.3231111923293364,3,1.341248872248775,noop,,,
action_shuffle,position_error,independent,intersection,40.0,30.30540657043457,6.711076930584638,3,3.8746420724253285,noop,,,
action_shuffle,position_error,independent,intersection,1.0,0.47612319389979046,0.11009889771278891,3,0.06356562823195976,opposite,,,
action_shuffle,position_error,independent,intersection,2.0,0.7581526041030884,0.17774473140268038,3,0.10262096852237525,opposite,,,
action_shuffle,position_error,independent,intersection,5.0,2.8864777088165283,0.10337305672332393,3,0.05968246212616553,opposite,,,
action_shuffle,position_error,independent,intersection,10.0,7.358224391937256,1.6825831733596879,3,0.9714398480731506,opposite,,,
action_shuffle,position_error,independent,intersection,20.0,15.066449165344238,2.3259611877854134,3,1.34289431789253,opposite,,,
action_shuffle,position_error,independent,intersection,40.0,30.299416224161785,6.711106231264422,3,3.874658989180689,opposite,,,
action_shuffle,position_error,independent,intersection,1.0,0.4763163725535075,0.10986134550523462,3,0.06342847740098169,shuffled,,,
action_shuffle,position_error,independent,intersection,2.0,0.7583925922711691,0.17730953864873913,3,0.1023697098687379,shuffled,,,
action_shuffle,position_error,independent,intersection,5.0,2.8872137864430747,0.10212241802772916,3,0.058960405538604925,shuffled,,,
action_shuffle,position_error,independent,intersection,10.0,7.36127249399821,1.6820510625794456,3,0.9711326337709391,shuffled,,,
action_shuffle,position_error,independent,intersection,20.0,15.071627616882324,2.319190297928568,3,1.338985142811027,shuffled,,,
action_shuffle,position_error,independent,intersection,40.0,30.28717549641927,6.68845282032213,3,3.8615800362750936,shuffled,,,
action_shuffle,position_error,independent,merge,1.0,0.4938693841298421,0.20222334157491248,3,0.11675370069470137,correct,,,
action_shuffle,position_error,independent,merge,2.0,0.8447785377502441,0.2496538177760971,3,0.14413769889724745,correct,,,
action_shuffle,position_error,independent,merge,5.0,2.9236881732940674,0.038155993036606974,3,0.022029372850882523,correct,,,
action_shuffle,position_error,independent,merge,10.0,7.3460845947265625,1.3808309320257317,3,0.797223110310418,correct,,,
action_shuffle,position_error,independent,merge,20.0,12.877913157145182,3.346741231143266,3,1.9322419507085844,correct,,,
action_shuffle,position_error,independent,merge,40.0,22.995668411254883,2.598799302646002,3,1.5004174769524812,correct,,,
action_shuffle,position_error,independent,merge,1.0,0.49375633398691815,0.20217106622928693,3,0.11672351950983248,noop,,,
action_shuffle,position_error,independent,merge,2.0,0.8448257048924764,0.24922146823247016,3,0.14388808177185042,noop,,,
action_shuffle,position_error,independent,merge,5.0,2.9241276582082114,0.03894289662763052,3,0.022483691850986254,noop,,,
action_shuffle,position_error,independent,merge,10.0,7.346621195475261,1.382389719872685,3,0.7981230768934662,noop,,,
action_shuffle,position_error,independent,merge,20.0,12.878173192342123,3.3489105241346118,3,1.933494392601089,noop,,,
action_shuffle,position_error,independent,merge,40.0,22.989852905273438,2.6102088675393325,3,1.5070047923149819,noop,,,
action_shuffle,position_error,independent,merge,1.0,0.49364981055259705,0.20212122773150593,3,0.1166947452397226,opposite,,,
action_shuffle,position_error,independent,merge,2.0,0.8448772430419922,0.24878113818514716,3,0.1436338571004962,opposite,,,
action_shuffle,position_error,independent,merge,5.0,2.9246137142181396,0.03984667633601811,3,0.023005489308911945,opposite,,,
action_shuffle,position_error,independent,merge,10.0,7.347253322601318,1.384015538709247,3,0.7990617438364087,opposite,,,
action_shuffle,position_error,independent,merge,20.0,12.879086176554361,3.351514775239777,3,1.9349979576776934,opposite,,,
action_shuffle,position_error,independent,merge,40.0,22.985275904337566,2.622779546294638,3,1.5142624770782538,opposite,,,
action_shuffle,position_error,independent,merge,1.0,0.4936241904894511,0.20220130411362755,3,0.11674097736049625,shuffled,,,
action_shuffle,position_error,independent,merge,2.0,0.8446082671483358,0.2493213949407792,3,0.1439457744837919,shuffled,,,
action_shuffle,position_error,independent,merge,5.0,2.924038807551066,0.03889944046170054,3,0.02245860242188863,shuffled,,,
action_shuffle,position_error,independent,merge,10.0,7.346474965413411,1.3823289297114114,3,0.7980879796774907,shuffled,,,
action_shuffle,position_error,independent,merge,20.0,12.873231252034506,3.3403327501527165,3,1.928542012483594,shuffled,,,
action_shuffle,position_error,independent,merge,40.0,22.977348963419598,2.6024566669123157,3,1.5025290571961618,shuffled,,,
action_shuffle,position_error,memoryless,intersection,1.0,3.668779949347178,3.225369583841334,3,1.8621679974668255,correct,,,
action_shuffle,position_error,memoryless,intersection,2.0,3.598990380764008,3.021874991084497,3,1.7446803395600325,correct,,,
action_shuffle,position_error,memoryless,intersection,5.0,4.5373226801554365,2.0496723749241927,3,1.1833788974130224,correct,,,
action_shuffle,position_error,memoryless,intersection,10.0,8.70358943939209,2.247515264650233,3,1.2976035430536053,correct,,,
action_shuffle,position_error,memoryless,intersection,20.0,22.49067560831706,3.3138523283056824,3,1.913253533801954,correct,,,
action_shuffle,position_error,memoryless,intersection,40.0,62.84922536214193,7.990617082983836,3,4.613384923851941,correct,,,
action_shuffle,position_error,memoryless,intersection,1.0,3.6649945875008902,3.2242069367112984,3,1.861496742833327,noop,,,
action_shuffle,position_error,memoryless,intersection,2.0,3.594060242176056,3.017723327546753,3,1.742283375498931,noop,,,
action_shuffle,position_error,memoryless,intersection,5.0,4.542888720830281,1.9850224941380759,3,1.1460532713380804,noop,,,
action_shuffle,position_error,memoryless,intersection,10.0,8.961216608683268,2.348682292572957,3,1.3560123538579043,noop,,,
action_shuffle,position_error,memoryless,intersection,20.0,25.010355631510418,4.198970333853458,3,2.4242766525695467,noop,,,
action_shuffle,position_error,memoryless,intersection,40.0,71.17695871988933,5.9875755109996085,3,3.456928333068835,noop,,,
action_shuffle,position_error,memoryless,intersection,1.0,3.645902285973231,3.230193819724669,3,1.8649532713527033,opposite,,,
action_shuffle,position_error,memoryless,intersection,2.0,3.6227874159812927,2.9750482267978895,3,1.7176448945938805,opposite,,,
action_shuffle,position_error,memoryless,intersection,5.0,4.8625257809956866,1.4841832385220246,3,0.8568935922874215,opposite,,,
action_shuffle,position_error,memoryless,intersection,10.0,9.80757967631022,1.0786808494694968,3,0.6227766788109083,opposite,,,
action_shuffle,position_error,memoryless,intersection,20.0,22.718573252360027,3.630634208566032,3,2.0961476376446626,opposite,,,
action_shuffle,position_error,memoryless,intersection,40.0,52.295570373535156,12.717765534211935,3,7.342605354667806,opposite,,,
action_shuffle,position_error,memoryless,intersection,1.0,3.666875203450521,3.222823399541118,3,1.8606979572756894,shuffled,,,
action_shuffle,position_error,memoryless,intersection,2.0,3.6164564291636148,3.036828653209076,3,1.7533138404130288,shuffled,,,
action_shuffle,position_error,memoryless,intersection,5.0,4.558498064676921,1.898945466106859,3,1.0963566760332144,shuffled,,,
action_shuffle,position_error,memoryless,intersection,10.0,8.816466331481934,1.849053558874116,3,1.0675515699620064,shuffled,,,
action_shuffle,position_error,memoryless,intersection,20.0,23.0569273630778,3.996659753116096,3,2.307472584320921,shuffled,,,
action_shuffle,position_error,memoryless,intersection,40.0,62.24363327026367,12.26930484629722,3,7.083686455779281,shuffled,,,
action_shuffle,position_error,memoryless,merge,1.0,3.9556776682535806,3.6365680615020186,3,2.099573549234586,correct,,,
action_shuffle,position_error,memoryless,merge,2.0,3.693166136741638,3.3111630890478394,3,1.911700900792523,correct,,,
action_shuffle,position_error,memoryless,merge,5.0,6.20845627784729,3.142050260318274,3,1.8140635636020892,correct,,,
action_shuffle,position_error,memoryless,merge,10.0,11.380668004353842,4.504537814749388,3,2.600696119920408,correct,,,
action_shuffle,position_error,memoryless,merge,20.0,23.13715171813965,5.2553875772469585,3,3.0341994324193466,correct,,,
action_shuffle,position_error,memoryless,merge,40.0,52.01143900553385,7.135450024251552,3,4.119653992290756,correct,,,
action_shuffle,position_error,memoryless,merge,1.0,3.9622605244318643,3.617842769566446,3,2.088762496894929,noop,,,
action_shuffle,position_error,memoryless,merge,2.0,3.627280334631602,3.268071663477894,3,1.8868220546399501,noop,,,
action_shuffle,position_error,memoryless,merge,5.0,5.963808059692383,2.929352745682696,3,1.6912625962712742,noop,,,
action_shuffle,position_error,memoryless,merge,10.0,11.419369379679361,4.6984643114270845,3,2.712659634980277,noop,,,
action_shuffle,position_error,memoryless,merge,20.0,26.246370951334637,7.836980129382305,3,4.524682587332623,noop,,,
action_shuffle,position_error,memoryless,merge,40.0,64.57502746582031,13.6149947976636,3,7.860620911446435,noop,,,
action_shuffle,position_error,memoryless,merge,1.0,3.900446057319641,3.6441929755659785,3,2.1039757954219613,opposite,,,
action_shuffle,position_error,memoryless,merge,2.0,3.5579581459363303,3.19039246888973,3,1.8419739507340405,opposite,,,
action_shuffle,position_error,memoryless,merge,5.0,5.6606747309366865,1.997182021031275,3,1.1530735774630876,opposite,,,
action_shuffle,position_error,memoryless,merge,10.0,10.459795633951822,2.3113906289666115,3,1.3344820018362515,opposite,,,
action_shuffle,position_error,memoryless,merge,20.0,20.8995418548584,6.846124808512873,3,3.952612001100683,opposite,,,
action_shuffle,position_error,memoryless,merge,40.0,44.31673940022787,10.559458755857383,3,6.0965063551910115,opposite,,,
action_shuffle,position_error,memoryless,merge,1.0,3.95049915711085,3.610277468343957,3,2.0843946681976244,shuffled,,,
action_shuffle,position_error,memoryless,merge,2.0,3.6269654830296836,3.2152402467369314,3,1.8563198219628863,shuffled,,,
action_shuffle,position_error,memoryless,merge,5.0,5.806422074635823,2.59765022576858,3,1.499754057107982,shuffled,,,
action_shuffle,position_error,memoryless,merge,10.0,10.787438869476318,3.6423028307297276,3,2.102884519791944,shuffled,,,
action_shuffle,position_error,memoryless,merge,20.0,22.966712951660156,6.1615596809340065,3,3.5573781404151936,shuffled,,,
action_shuffle,position_error,memoryless,merge,40.0,53.290000915527344,9.936076043867681,3,5.7365961786155975,shuffled,,,
action_shuffle,position_error,no_actions,intersection,1.0,0.4916226863861084,0.09702395613117752,3,0.056016807190177785,correct,,,
action_shuffle,position_error,no_actions,intersection,2.0,0.7637351950009664,0.16899554219481708,3,0.0975696217780244,correct,,,
action_shuffle,position_error,no_actions,intersection,5.0,2.849171797434489,0.21574270849757793,3,0.1245591108267756,correct,,,
action_shuffle,position_error,no_actions,intersection,10.0,7.215435187021892,1.5909899293123988,3,0.9185584639664972,correct,,,
action_shuffle,position_error,no_actions,intersection,20.0,17.73534393310547,3.782022994615253,3,2.183551994022471,correct,,,
action_shuffle,position_error,no_actions,intersection,40.0,52.019779205322266,7.610786985289277,3,4.394089914701665,correct,,,
action_shuffle,position_error,no_actions,intersection,1.0,0.4916226863861084,0.09702395613117752,3,0.056016807190177785,noop,,,
action_shuffle,position_error,no_actions,intersection,2.0,0.7637351950009664,0.16899554219481708,3,0.0975696217780244,noop,,,
action_shuffle,position_error,no_actions,intersection,5.0,2.849171797434489,0.21574270849757793,3,0.1245591108267756,noop,,,
action_shuffle,position_error,no_actions,intersection,10.0,7.215435187021892,1.5909899293123988,3,0.9185584639664972,noop,,,
action_shuffle,position_error,no_actions,intersection,20.0,17.73534393310547,3.782022994615253,3,2.183551994022471,noop,,,
action_shuffle,position_error,no_actions,intersection,40.0,52.019779205322266,7.610786985289277,3,4.394089914701665,noop,,,
action_shuffle,position_error,no_actions,intersection,1.0,0.4916226863861084,0.09702395613117752,3,0.056016807190177785,opposite,,,
action_shuffle,position_error,no_actions,intersection,2.0,0.7637351950009664,0.16899554219481708,3,0.0975696217780244,opposite,,,
action_shuffle,position_error,no_actions,intersection,5.0,2.849171797434489,0.21574270849757793,3,0.1245591108267756,opposite,,,
action_shuffle,position_error,no_actions,intersection,10.0,7.215435187021892,1.5909899293123988,3,0.9185584639664972,opposite,,,
action_shuffle,position_error,no_actions,intersection,20.0,17.73534393310547,3.782022994615253,3,2.183551994022471,opposite,,,
action_shuffle,position_error,no_actions,intersection,40.0,52.019779205322266,7.610786985289277,3,4.394089914701665,opposite,,,
action_shuffle,position_error,no_actions,intersection,1.0,0.4916226863861084,0.09702395613117752,3,0.056016807190177785,shuffled,,,
action_shuffle,position_error,no_actions,intersection,2.0,0.7637351950009664,0.16899554219481708,3,0.0975696217780244,shuffled,,,
action_shuffle,position_error,no_actions,intersection,5.0,2.849171797434489,0.21574270849757793,3,0.1245591108267756,shuffled,,,
action_shuffle,position_error,no_actions,intersection,10.0,7.215435187021892,1.5909899293123988,3,0.9185584639664972,shuffled,,,
action_shuffle,position_error,no_actions,intersection,20.0,17.73534393310547,3.782022994615253,3,2.183551994022471,shuffled,,,
action_shuffle,position_error,no_actions,intersection,40.0,52.019779205322266,7.610786985289277,3,4.394089914701665,shuffled,,,
action_shuffle,position_error,no_actions,merge,1.0,0.49746764699618023,0.20985561971093192,3,0.12116019853106229,correct,,,
action_shuffle,position_error,no_actions,merge,2.0,0.8521584272384644,0.26018373200584344,3,0.15021714771233516,correct,,,
action_shuffle,position_error,no_actions,merge,5.0,2.9205686251322427,0.05650935858994678,3,0.03262569339363887,correct,,,
action_shuffle,position_error,no_actions,merge,10.0,7.5406850179036455,1.4635364042566636,3,0.8449731369664017,correct,,,
action_shuffle,position_error,no_actions,merge,20.0,15.638219197591146,5.319995957941921,3,3.071501098405489,correct,,,
action_shuffle,position_error,no_actions,merge,40.0,49.16072463989258,10.057825884822527,3,5.8068884820646725,correct,,,
action_shuffle,position_error,no_actions,merge,1.0,0.49746764699618023,0.20985561971093192,3,0.12116019853106229,noop,,,
action_shuffle,position_error,no_actions,merge,2.0,0.8521584272384644,0.26018373200584344,3,0.15021714771233516,noop,,,
action_shuffle,position_error,no_actions,merge,5.0,2.9205686251322427,0.05650935858994678,3,0.03262569339363887,noop,,,
action_shuffle,position_error,no_actions,merge,10.0,7.5406850179036455,1.4635364042566636,3,0.8449731369664017,noop,,,
action_shuffle,position_error,no_actions,merge,20.0,15.638219197591146,5.319995957941921,3,3.071501098405489,noop,,,
action_shuffle,position_error,no_actions,merge,40.0,49.16072463989258,10.057825884822527,3,5.8068884820646725,noop,,,
action_shuffle,position_error,no_actions,merge,1.0,0.49746764699618023,0.20985561971093192,3,0.12116019853106229,opposite,,,
action_shuffle,position_error,no_actions,merge,2.0,0.8521584272384644,0.26018373200584344,3,0.15021714771233516,opposite,,,
action_shuffle,position_error,no_actions,merge,5.0,2.9205686251322427,0.05650935858994678,3,0.03262569339363887,opposite,,,
action_shuffle,position_error,no_actions,merge,10.0,7.5406850179036455,1.4635364042566636,3,0.8449731369664017,opposite,,,
action_shuffle,position_error,no_actions,merge,20.0,15.638219197591146,5.319995957941921,3,3.071501098405489,opposite,,,
action_shuffle,position_error,no_actions,merge,40.0,49.16072463989258,10.057825884822527,3,5.8068884820646725,opposite,,,
action_shuffle,position_error,no_actions,merge,1.0,0.49746764699618023,0.20985561971093192,3,0.12116019853106229,shuffled,,,
action_shuffle,position_error,no_actions,merge,2.0,0.8521584272384644,0.26018373200584344,3,0.15021714771233516,shuffled,,,
action_shuffle,position_error,no_actions,merge,5.0,2.9205686251322427,0.05650935858994678,3,0.03262569339363887,shuffled,,,
action_shuffle,position_error,no_actions,merge,10.0,7.5406850179036455,1.4635364042566636,3,0.8449731369664017,shuffled,,,
action_shuffle,position_error,no_actions,merge,20.0,15.638219197591146,5.319995957941921,3,3.071501098405489,shuffled,,,
action_shuffle,position_error,no_actions,merge,40.0,49.16072463989258,10.057825884822527,3,5.8068884820646725,shuffled,,,
action_shuffle,position_error,orchestra,intersection,1.0,0.5148681402206421,0.08944548711864345,3,0.051641376065746,correct,,,
action_shuffle,position_error,orchestra,intersection,2.0,0.8262772361437479,0.19948894262987282,3,0.1151749947277109,correct,,,
action_shuffle,position_error,orchestra,intersection,5.0,2.9502762953440347,0.5850166742719771,3,0.33775953437134565,correct,,,
action_shuffle,position_error,orchestra,intersection,10.0,8.36870543162028,2.652506136160727,3,1.53142513173953,correct,,,
action_shuffle,position_error,orchestra,intersection,20.0,18.31000296274821,3.87538329106526,3,2.2374535863095057,correct,,,
action_shuffle,position_error,orchestra,intersection,40.0,35.792120615641274,1.5245351446433069,3,0.8801907761488583,correct,,,
action_shuffle,position_error,orchestra,intersection,1.0,0.5099846522013346,0.09868033432345313,3,0.05697311758536794,noop,,,
action_shuffle,position_error,orchestra,intersection,2.0,0.8108973105748495,0.21907898714903618,3,0.1264853122042866,noop,,,
action_shuffle,position_error,orchestra,intersection,5.0,3.2478744983673096,0.35095804700505745,3,0.20262572291263525,noop,,,
action_shuffle,position_error,orchestra,intersection,10.0,9.6647736231486,3.2461346871343584,3,1.8741567354428035,noop,,,
action_shuffle,position_error,orchestra,intersection,20.0,20.867190678914387,6.274271208626471,3,3.622452171269212,noop,,,
action_shuffle,position_error,orchestra,intersection,40.0,37.85249710083008,3.132610738759575,3,1.8086136532891532,noop,,,
action_shuffle,position_error,orchestra,intersection,1.0,0.5407775441805521,0.08816425009793566,3,0.050901653526944646,opposite,,,
action_shuffle,position_error,orchestra,intersection,2.0,0.8889861504236857,0.18604841449048673,3,0.1074151021883856,opposite,,,
action_shuffle,position_error,orchestra,intersection,5.0,3.988177537918091,0.20473759605579453,3,0.11820530619604984,opposite,,,
action_shuffle,position_error,orchestra,intersection,10.0,11.715856552124023,3.7983107913800502,3,2.1929557578691328,opposite,,,
action_shuffle,position_error,orchestra,intersection,20.0,22.30907408396403,7.4888619466684,3,4.323696460832946,opposite,,,
action_shuffle,position_error,orchestra,intersection,40.0,37.15215174357096,4.763710157255561,3,2.750329341632853,opposite,,,
action_shuffle,position_error,orchestra,intersection,1.0,0.5153971910476685,0.10585955759347894,3,0.06111804407288976,shuffled,,,
action_shuffle,position_error,orchestra,intersection,2.0,0.7965212265650431,0.24441368696422958,3,0.14111230796242688,shuffled,,,
action_shuffle,position_error,orchestra,intersection,5.0,3.126521190007528,0.36918667890054324,3,0.21315002844445258,shuffled,,,
action_shuffle,position_error,orchestra,intersection,10.0,9.828307469685873,2.8607884476092793,3,1.651676980321789,shuffled,,,
action_shuffle,position_error,orchestra,intersection,20.0,20.04596201578776,4.802390550863391,3,2.7726614772946943,shuffled,,,
action_shuffle,position_error,orchestra,intersection,40.0,35.24815368652344,0.5800421927221385,3,0.3348875161094675,shuffled,,,
action_shuffle,position_error,orchestra,merge,1.0,0.5266726811726888,0.171085262825185,3,0.09877612254649844,correct,,,
action_shuffle,position_error,orchestra,merge,2.0,0.9063602685928345,0.21627404068305559,3,0.12486587560709023,correct,,,
action_shuffle,position_error,orchestra,merge,5.0,2.6809298197428384,0.19678530821691903,3,0.11361405067160169,correct,,,
action_shuffle,position_error,orchestra,merge,10.0,5.968722820281982,2.4829015187373753,3,1.4335038602143544,correct,,,
action_shuffle,position_error,orchestra,merge,20.0,14.13879648844401,3.4929093566973983,3,2.0166321573442056,correct,,,
action_shuffle,position_error,orchestra,merge,40.0,35.36517016092936,3.8470141955061914,3,2.221074681351811,correct,,,
action_shuffle,position_error,orchestra,merge,1.0,0.5092348059018453,0.15031650859071924,3,0.08678527669849645,noop,,,
action_shuffle,position_error,orchestra,merge,2.0,0.8207075595855713,0.1722895697368825,3,0.09947142946615392,noop,,,
action_shuffle,position_error,orchestra,merge,5.0,2.5742886861165366,0.44352366417994565,3,0.2560685069062608,noop,,,
action_shuffle,position_error,orchestra,merge,10.0,6.743898073832194,2.934183892548314,3,1.694051860214633,noop,,,
action_shuffle,position_error,orchestra,merge,20.0,14.59187126159668,5.066687628594454,3,2.925253466268755,noop,,,
action_shuffle,position_error,orchestra,merge,40.0,37.372641245524086,6.6018074086966685,3,3.8115552845490877,noop,,,
action_shuffle,position_error,orchestra,merge,1.0,0.5146293938159943,0.0921060188284077,3,0.05317743476456593,opposite,,,
action_shuffle,position_error,orchestra,merge,2.0,0.7817420760790507,0.04063762657805334,3,0.023462144644066586,opposite,,,
action_shuffle,position_error,orchestra,merge,5.0,2.8919448852539062,0.8697103006271865,3,0.5021274761840965,opposite,,,
action_shuffle,position_error,orchestra,merge,10.0,8.640024979909262,4.220630346883153,3,2.436782066922892,opposite,,,
action_shuffle,position_error,orchestra,merge,20.0,17.04868729909261,5.9877882584026265,3,3.457051162839237,opposite,,,
action_shuffle,position_error,orchestra,merge,40.0,39.657033920288086,8.931418514170895,3,5.156556883401774,opposite,,,
action_shuffle,position_error,orchestra,merge,1.0,0.4810664157072703,0.13397060183695492,3,0.07734796303406209,shuffled,,,
action_shuffle,position_error,orchestra,merge,2.0,0.738841195901235,0.12816989814345697,3,0.0739989251951318,shuffled,,,
action_shuffle,position_error,orchestra,merge,5.0,2.432002147038778,0.4473275437318388,3,0.25826467778951123,shuffled,,,
action_shuffle,position_error,orchestra,merge,10.0,6.997838656107585,2.883854421893465,3,1.6649941267838846,shuffled,,,
action_shuffle,position_error,orchestra,merge,20.0,16.56611665089925,4.336864943072054,3,2.5038901423217013,shuffled,,,
action_shuffle,position_error,orchestra,merge,40.0,36.49497858683268,3.1476569851869556,3,1.8173006077142948,shuffled,,,
action_shuffle,position_error,persistence,intersection,1.0,5.165249149004619,3.1231135038821782,3,1.803130422176131,correct,,,
action_shuffle,position_error,persistence,intersection,2.0,6.571532249450684,2.7863054557095466,3,1.6086742048984297,correct,,,
action_shuffle,position_error,persistence,intersection,5.0,11.109456380208334,1.8688325350849546,3,1.0789709672016294,correct,,,
action_shuffle,position_error,persistence,intersection,10.0,19.171725908915203,5.23866269183756,3,3.0245433153260652,correct,,,
action_shuffle,position_error,persistence,intersection,20.0,30.997305552164715,8.1147046653338,3,4.685026922924782,correct,,,
action_shuffle,position_error,persistence,intersection,40.0,43.50988006591797,6.821411829073561,3,3.9383439557689184,correct,,,
action_shuffle,position_error,persistence,intersection,1.0,5.165249149004619,3.1231135038821782,3,1.803130422176131,noop,,,
action_shuffle,position_error,persistence,intersection,2.0,6.571532249450684,2.7863054557095466,3,1.6086742048984297,noop,,,
action_shuffle,position_error,persistence,intersection,5.0,11.109456380208334,1.8688325350849546,3,1.0789709672016294,noop,,,
action_shuffle,position_error,persistence,intersection,10.0,19.171725908915203,5.23866269183756,3,3.0245433153260652,noop,,,
action_shuffle,position_error,persistence,intersection,20.0,30.997305552164715,8.1147046653338,3,4.685026922924782,noop,,,
action_shuffle,position_error,persistence,intersection,40.0,43.50988006591797,6.821411829073561,3,3.9383439557689184,noop,,,
action_shuffle,position_error,persistence,intersection,1.0,5.165249149004619,3.1231135038821782,3,1.803130422176131,opposite,,,
action_shuffle,position_error,persistence,intersection,2.0,6.571532249450684,2.7863054557095466,3,1.6086742048984297,opposite,,,
action_shuffle,position_error,persistence,intersection,5.0,11.109456380208334,1.8688325350849546,3,1.0789709672016294,opposite,,,
action_shuffle,position_error,persistence,intersection,10.0,19.171725908915203,5.23866269183756,3,3.0245433153260652,opposite,,,
action_shuffle,position_error,persistence,intersection,20.0,30.997305552164715,8.1147046653338,3,4.685026922924782,opposite,,,
action_shuffle,position_error,persistence,intersection,40.0,43.50988006591797,6.821411829073561,3,3.9383439557689184,opposite,,,
action_shuffle,position_error,persistence,intersection,1.0,5.165249149004619,3.1231135038821782,3,1.803130422176131,shuffled,,,
action_shuffle,position_error,persistence,intersection,2.0,6.571532249450684,2.7863054557095466,3,1.6086742048984297,shuffled,,,
action_shuffle,position_error,persistence,intersection,5.0,11.109456380208334,1.8688325350849546,3,1.0789709672016294,shuffled,,,
action_shuffle,position_error,persistence,intersection,10.0,19.171725908915203,5.23866269183756,3,3.0245433153260652,shuffled,,,
action_shuffle,position_error,persistence,intersection,20.0,30.997305552164715,8.1147046653338,3,4.685026922924782,shuffled,,,
action_shuffle,position_error,persistence,intersection,40.0,43.50988006591797,6.821411829073561,3,3.9383439557689184,shuffled,,,
action_shuffle,position_error,persistence,merge,1.0,5.8528387149175005,4.547196616639323,3,2.625325190674869,correct,,,
action_shuffle,position_error,persistence,merge,2.0,6.843153794606526,4.169301377318743,3,2.407147272527654,correct,,,
action_shuffle,position_error,persistence,merge,5.0,9.945265134175617,2.7681881627096616,3,1.5982141809079589,correct,,,
action_shuffle,position_error,persistence,merge,10.0,16.055814425150555,2.763210750962469,3,1.5953404708958496,correct,,,
action_shuffle,position_error,persistence,merge,20.0,23.468974431355793,2.6773298535234904,3,1.5457571116412085,correct,,,
action_shuffle,position_error,persistence,merge,40.0,41.23628234863282,6.99817741805736,3,4.040399616152177,correct,,,
action_shuffle,position_error,persistence,merge,1.0,5.8528387149175005,4.547196616639323,3,2.625325190674869,noop,,,
action_shuffle,position_error,persistence,merge,2.0,6.843153794606526,4.169301377318743,3,2.407147272527654,noop,,,
action_shuffle,position_error,persistence,merge,5.0,9.945265134175617,2.7681881627096616,3,1.5982141809079589,noop,,,
action_shuffle,position_error,persistence,merge,10.0,16.055814425150555,2.763210750962469,3,1.5953404708958496,noop,,,
action_shuffle,position_error,persistence,merge,20.0,23.468974431355793,2.6773298535234904,3,1.5457571116412085,noop,,,
action_shuffle,position_error,persistence,merge,40.0,41.23628234863282,6.99817741805736,3,4.040399616152177,noop,,,
action_shuffle,position_error,persistence,merge,1.0,5.8528387149175005,4.547196616639323,3,2.625325190674869,opposite,,,
action_shuffle,position_error,persistence,merge,2.0,6.843153794606526,4.169301377318743,3,2.407147272527654,opposite,,,
action_shuffle,position_error,persistence,merge,5.0,9.945265134175617,2.7681881627096616,3,1.5982141809079589,opposite,,,
action_shuffle,position_error,persistence,merge,10.0,16.055814425150555,2.763210750962469,3,1.5953404708958496,opposite,,,
action_shuffle,position_error,persistence,merge,20.0,23.468974431355793,2.6773298535234904,3,1.5457571116412085,opposite,,,
action_shuffle,position_error,persistence,merge,40.0,41.23628234863282,6.99817741805736,3,4.040399616152177,opposite,,,
action_shuffle,position_error,persistence,merge,1.0,5.8528387149175005,4.547196616639323,3,2.625325190674869,shuffled,,,
action_shuffle,position_error,persistence,merge,2.0,6.843153794606526,4.169301377318743,3,2.407147272527654,shuffled,,,
action_shuffle,position_error,persistence,merge,5.0,9.945265134175617,2.7681881627096616,3,1.5982141809079589,shuffled,,,
action_shuffle,position_error,persistence,merge,10.0,16.055814425150555,2.763210750962469,3,1.5953404708958496,shuffled,,,
action_shuffle,position_error,persistence,merge,20.0,23.468974431355793,2.6773298535234904,3,1.5457571116412085,shuffled,,,
action_shuffle,position_error,persistence,merge,40.0,41.23628234863282,6.99817741805736,3,4.040399616152177,shuffled,,,
action_shuffle,position_error,privileged,intersection,1.0,0.14354123671849567,0.022525346981539556,3,0.013005015143381588,correct,,,
action_shuffle,position_error,privileged,intersection,2.0,0.5771588683128357,0.1070757943383387,3,0.06182023868493286,correct,,,
action_shuffle,position_error,privileged,intersection,5.0,3.238575537999471,0.8055346673196597,3,0.4650756570185812,correct,,,
action_shuffle,position_error,privileged,intersection,10.0,8.821747303009033,1.2041677859475444,3,0.6952265953662904,correct,,,
action_shuffle,position_error,privileged,intersection,20.0,20.097736358642578,3.201746270315978,3,1.8485290710438103,correct,,,
action_shuffle,position_error,privileged,intersection,40.0,44.339263916015625,13.567924723930782,3,7.833444991706016,correct,,,
action_shuffle,position_error,privileged,intersection,1.0,0.14320698628822956,0.02226635843614013,3,0.0128554880369782,noop,,,
action_shuffle,position_error,privileged,intersection,2.0,0.5477156738440195,0.1128467688425705,3,0.06515211236843756,noop,,,
action_shuffle,position_error,privileged,intersection,5.0,3.1208117802937827,0.8411688421384568,3,0.48564905744256387,noop,,,
action_shuffle,position_error,privileged,intersection,10.0,9.82131576538086,2.4452688646657674,3,1.4117766372557914,noop,,,
action_shuffle,position_error,privileged,intersection,20.0,29.456525166829426,6.7730970857299635,3,3.9104494256936646,noop,,,
action_shuffle,position_error,privileged,intersection,40.0,89.50152079264323,14.105258067286826,3,8.14367454213719,noop,,,
action_shuffle,position_error,privileged,intersection,1.0,0.13980837166309354,0.022556336776007605,3,0.013022907109559848,opposite,,,
action_shuffle,position_error,privileged,intersection,2.0,0.5637634495894114,0.11155027257470117,3,0.06440357989917986,opposite,,,
action_shuffle,position_error,privileged,intersection,5.0,3.8488462766011557,0.6349656265230408,3,0.366597575399237,opposite,,,
action_shuffle,position_error,privileged,intersection,10.0,11.182937622070312,1.155081210486214,3,0.6668864478100945,opposite,,,
action_shuffle,position_error,privileged,intersection,20.0,26.908435185750324,3.488673040324552,3,2.0141863189459706,opposite,,,
action_shuffle,position_error,privileged,intersection,40.0,53.121073404947914,15.889354144217663,3,9.173722892413364,opposite,,,
action_shuffle,position_error,privileged,intersection,1.0,0.14306214451789853,0.021125470171452967,3,0.012196795890245781,shuffled,,,
action_shuffle,position_error,privileged,intersection,2.0,0.5581109126408895,0.1435842798795826,3,0.0828984226398756,shuffled,,,
action_shuffle,position_error,privileged,intersection,5.0,3.0483036835988364,0.6853471940387186,3,0.3956853869666089,shuffled,,,
action_shuffle,position_error,privileged,intersection,10.0,9.013212521870932,1.2628644796323287,3,0.7291151472657417,shuffled,,,
action_shuffle,position_error,privileged,intersection,20.0,22.573442459106445,5.727990785604806,3,3.307057021984631,shuffled,,,
action_shuffle,position_error,privileged,intersection,40.0,59.555929819742836,14.925124881768447,3,8.617024868177795,shuffled,,,
action_shuffle,position_error,privileged,merge,1.0,0.14586315800746277,0.022737593643271745,3,0.013127555810667267,correct,,,
action_shuffle,position_error,privileged,merge,2.0,0.6110959450403849,0.08657608995517925,3,0.049984728841008,correct,,,
action_shuffle,position_error,privileged,merge,5.0,3.2228763898213706,0.7427069395414383,3,0.4288020514732525,correct,,,
action_shuffle,position_error,privileged,merge,10.0,8.334438482920328,0.9568715311876395,3,0.552450036111073,correct,,,
action_shuffle,position_error,privileged,merge,20.0,18.2417418162028,4.671207792858868,3,2.6969230766477454,correct,,,
action_shuffle,position_error,privileged,merge,40.0,42.684862772623696,18.363604639197664,3,10.602232081732632,correct,,,
action_shuffle,position_error,privileged,merge,1.0,0.14435710012912747,0.021224502201118014,3,0.01225397205923129,noop,,,
action_shuffle,position_error,privileged,merge,2.0,0.5389787157376608,0.08951208271242408,3,0.0516798250497421,noop,,,
action_shuffle,position_error,privileged,merge,5.0,2.7380566596984863,0.7578841782659391,3,0.4375646343363983,noop,,,
action_shuffle,position_error,privileged,merge,10.0,8.621862093607584,1.8870243405605556,3,1.089474010990013,noop,,,
action_shuffle,position_error,privileged,merge,20.0,26.984520594278973,3.9728610518355114,3,2.293732397730212,noop,,,
action_shuffle,position_error,privileged,merge,40.0,81.84438069661458,10.615374300648686,3,6.128789210028154,noop,,,
action_shuffle,position_error,privileged,merge,1.0,0.1395317117373148,0.018838161465264045,3,0.010876217593007833,opposite,,,
action_shuffle,position_error,privileged,merge,2.0,0.49945664405822754,0.008811331399448525,3,0.005087224555390608,opposite,,,
action_shuffle,position_error,privileged,merge,5.0,2.7413740158081055,0.4641077468862844,3,0.267952732597787,opposite,,,
action_shuffle,position_error,privileged,merge,10.0,8.439356168111166,1.5801868615433432,3,0.9123213098819591,opposite,,,
action_shuffle,position_error,privileged,merge,20.0,19.973289171854656,4.461230932332409,3,2.5756928796992016,opposite,,,
action_shuffle,position_error,privileged,merge,40.0,45.820299784342446,7.971319869297814,3,4.602243672335706,opposite,,,
action_shuffle,position_error,privileged,merge,1.0,0.1412919908761978,0.019723875938692362,3,0.011387585082666818,shuffled,,,
action_shuffle,position_error,privileged,merge,2.0,0.5021545092264811,0.055568458884771695,3,0.03208246469557559,shuffled,,,
action_shuffle,position_error,privileged,merge,5.0,2.530635039011637,0.2713850467211782,3,0.1566842297785114,shuffled,,,
action_shuffle,position_error,privileged,merge,10.0,7.298328876495361,0.35129862208986434,3,0.2028223540295278,shuffled,,,
action_shuffle,position_error,privileged,merge,20.0,19.965570449829105,6.29853951810963,3,3.6364634862820906,shuffled,,,
action_shuffle,position_error,privileged,merge,40.0,49.08692423502604,21.61775385324734,3,12.481016006447422,shuffled,,,
action_shuffle,speed_error,constant_velocity,intersection,1.0,0.9808954397837321,0.5782097892139579,3,0.3338295774507554,correct,,,
action_shuffle,speed_error,constant_velocity,intersection,2.0,1.4815622568130493,0.5373135347397309,3,0.31021811392121296,correct,,,
action_shuffle,speed_error,constant_velocity,intersection,5.0,2.4251624743143716,0.34488179753087084,3,0.1991175986430503,correct,,,
action_shuffle,speed_error,constant_velocity,intersection,10.0,2.5754961172739663,0.5697967572983006,3,0.32897231120954973,correct,,,
action_shuffle,speed_error,constant_velocity,intersection,20.0,2.3682733376820884,0.15948539250225677,3,0.09207893429299108,correct,,,
action_shuffle,speed_error,constant_velocity,intersection,40.0,2.74807341893514,0.5095507364521402,3,0.2941892548564152,correct,,,
action_shuffle,speed_error,constant_velocity,intersection,1.0,0.9808954397837321,0.5782097892139579,3,0.3338295774507554,noop,,,
action_shuffle,speed_error,constant_velocity,intersection,2.0,1.4815622568130493,0.5373135347397309,3,0.31021811392121296,noop,,,
action_shuffle,speed_error,constant_velocity,intersection,5.0,2.4251624743143716,0.34488179753087084,3,0.1991175986430503,noop,,,
action_shuffle,speed_error,constant_velocity,intersection,10.0,2.5754961172739663,0.5697967572983006,3,0.32897231120954973,noop,,,
action_shuffle,speed_error,constant_velocity,intersection,20.0,2.3682733376820884,0.15948539250225677,3,0.09207893429299108,noop,,,
action_shuffle,speed_error,constant_velocity,intersection,40.0,2.74807341893514,0.5095507364521402,3,0.2941892548564152,noop,,,
action_shuffle,speed_error,constant_velocity,intersection,1.0,0.9808954397837321,0.5782097892139579,3,0.3338295774507554,opposite,,,
action_shuffle,speed_error,constant_velocity,intersection,2.0,1.4815622568130493,0.5373135347397309,3,0.31021811392121296,opposite,,,
action_shuffle,speed_error,constant_velocity,intersection,5.0,2.4251624743143716,0.34488179753087084,3,0.1991175986430503,opposite,,,
action_shuffle,speed_error,constant_velocity,intersection,10.0,2.5754961172739663,0.5697967572983006,3,0.32897231120954973,opposite,,,
action_shuffle,speed_error,constant_velocity,intersection,20.0,2.3682733376820884,0.15948539250225677,3,0.09207893429299108,opposite,,,
action_shuffle,speed_error,constant_velocity,intersection,40.0,2.74807341893514,0.5095507364521402,3,0.2941892548564152,opposite,,,
action_shuffle,speed_error,constant_velocity,intersection,1.0,0.9808954397837321,0.5782097892139579,3,0.3338295774507554,shuffled,,,
action_shuffle,speed_error,constant_velocity,intersection,2.0,1.4815622568130493,0.5373135347397309,3,0.31021811392121296,shuffled,,,
action_shuffle,speed_error,constant_velocity,intersection,5.0,2.4251624743143716,0.34488179753087084,3,0.1991175986430503,shuffled,,,
action_shuffle,speed_error,constant_velocity,intersection,10.0,2.5754961172739663,0.5697967572983006,3,0.32897231120954973,shuffled,,,
action_shuffle,speed_error,constant_velocity,intersection,20.0,2.3682733376820884,0.15948539250225677,3,0.09207893429299108,shuffled,,,
action_shuffle,speed_error,constant_velocity,intersection,40.0,2.74807341893514,0.5095507364521402,3,0.2941892548564152,shuffled,,,
action_shuffle,speed_error,constant_velocity,merge,1.0,0.9454757968584696,0.2940306874771043,3,0.1697586965649169,correct,,,
action_shuffle,speed_error,constant_velocity,merge,2.0,1.3907111883163452,0.26181875387444686,3,0.15116112802830428,correct,,,
action_shuffle,speed_error,constant_velocity,merge,5.0,1.923559268315633,0.09870082791294868,3,0.056984949564779855,correct,,,
action_shuffle,speed_error,constant_velocity,merge,10.0,2.1077329317728677,0.5713700650786533,3,0.32988066088005447,correct,,,
action_shuffle,speed_error,constant_velocity,merge,20.0,1.470608075459798,0.43086308139704255,3,0.24875891602845415,correct,,,
action_shuffle,speed_error,constant_velocity,merge,40.0,2.5171162287394204,0.503410676518565,3,0.29064428960092514,correct,,,
action_shuffle,speed_error,constant_velocity,merge,1.0,0.9454757968584696,0.2940306874771043,3,0.1697586965649169,noop,,,
action_shuffle,speed_error,constant_velocity,merge,2.0,1.3907111883163452,0.26181875387444686,3,0.15116112802830428,noop,,,
action_shuffle,speed_error,constant_velocity,merge,5.0,1.923559268315633,0.09870082791294868,3,0.056984949564779855,noop,,,
action_shuffle,speed_error,constant_velocity,merge,10.0,2.1077329317728677,0.5713700650786533,3,0.32988066088005447,noop,,,
action_shuffle,speed_error,constant_velocity,merge,20.0,1.470608075459798,0.43086308139704255,3,0.24875891602845415,noop,,,
action_shuffle,speed_error,constant_velocity,merge,40.0,2.5171162287394204,0.503410676518565,3,0.29064428960092514,noop,,,
action_shuffle,speed_error,constant_velocity,merge,1.0,0.9454757968584696,0.2940306874771043,3,0.1697586965649169,opposite,,,
action_shuffle,speed_error,constant_velocity,merge,2.0,1.3907111883163452,0.26181875387444686,3,0.15116112802830428,opposite,,,
action_shuffle,speed_error,constant_velocity,merge,5.0,1.923559268315633,0.09870082791294868,3,0.056984949564779855,opposite,,,
action_shuffle,speed_error,constant_velocity,merge,10.0,2.1077329317728677,0.5713700650786533,3,0.32988066088005447,opposite,,,
action_shuffle,speed_error,constant_velocity,merge,20.0,1.470608075459798,0.43086308139704255,3,0.24875891602845415,opposite,,,
action_shuffle,speed_error,constant_velocity,merge,40.0,2.5171162287394204,0.503410676518565,3,0.29064428960092514,opposite,,,
action_shuffle,speed_error,constant_velocity,merge,1.0,0.9454757968584696,0.2940306874771043,3,0.1697586965649169,shuffled,,,
action_shuffle,speed_error,constant_velocity,merge,2.0,1.3907111883163452,0.26181875387444686,3,0.15116112802830428,shuffled,,,
action_shuffle,speed_error,constant_velocity,merge,5.0,1.923559268315633,0.09870082791294868,3,0.056984949564779855,shuffled,,,
action_shuffle,speed_error,constant_velocity,merge,10.0,2.1077329317728677,0.5713700650786533,3,0.32988066088005447,shuffled,,,
action_shuffle,speed_error,constant_velocity,merge,20.0,1.470608075459798,0.43086308139704255,3,0.24875891602845415,shuffled,,,
action_shuffle,speed_error,constant_velocity,merge,40.0,2.5171162287394204,0.503410676518565,3,0.29064428960092514,shuffled,,,
action_shuffle,speed_error,independent,intersection,1.0,0.547197033961614,0.11267158185162274,3,0.06505096811205534,correct,,,
action_shuffle,speed_error,independent,intersection,2.0,1.0493464072545369,0.061263724502251884,3,0.0353706278329342,correct,,,
action_shuffle,speed_error,independent,intersection,5.0,2.0237004359563193,0.2172471866669717,3,0.125427721702865,correct,,,
action_shuffle,speed_error,independent,intersection,10.0,2.9422409534454346,0.5664251254247877,3,0.32702569863976877,correct,,,
action_shuffle,speed_error,independent,intersection,20.0,2.376934766769409,0.17366630782809758,3,0.10026628957372055,correct,,,
action_shuffle,speed_error,independent,intersection,40.0,2.400994857152303,0.5943746805555757,3,0.3431623818182595,correct,,,
action_shuffle,speed_error,independent,intersection,1.0,0.5471894443035126,0.11269292452902768,3,0.06506329031260032,noop,,,
action_shuffle,speed_error,independent,intersection,2.0,1.0492536226908367,0.06134091136586886,3,0.035415191689421366,noop,,,
action_shuffle,speed_error,independent,intersection,5.0,2.0232343276341758,0.2169091060976293,3,0.12523253079514737,noop,,,
action_shuffle,speed_error,independent,intersection,10.0,2.941824436187744,0.5669288122417292,3,0.3273165023591172,noop,,,
action_shuffle,speed_error,independent,intersection,20.0,2.3761634031931558,0.17377810737228844,3,0.10033083707065442,noop,,,
action_shuffle,speed_error,independent,intersection,40.0,2.4008521238962808,0.5945015125609049,3,0.3432356083106781,noop,,,
action_shuffle,speed_error,independent,intersection,1.0,0.5471818844477335,0.11271345917431386,3,0.065075145995584,opposite,,,
action_shuffle,speed_error,independent,intersection,2.0,1.0491598049799602,0.06141807539081997,3,0.03545974235999864,opposite,,,
action_shuffle,speed_error,independent,intersection,5.0,2.0227372646331787,0.21655673194155692,3,0.12502908748128352,opposite,,,
action_shuffle,speed_error,independent,intersection,10.0,2.941377639770508,0.5675083705301526,3,0.3276511104929495,opposite,,,
action_shuffle,speed_error,independent,intersection,20.0,2.3752803007761636,0.17396897805478254,3,0.1004410363105728,opposite,,,
action_shuffle,speed_error,independent,intersection,40.0,2.4006884892781577,0.5946283504609771,3,0.34330883820642827,opposite,,,
action_shuffle,speed_error,independent,intersection,1.0,0.5472260514895121,0.11263728442191352,3,0.06503116648178021,shuffled,,,
action_shuffle,speed_error,independent,intersection,2.0,1.0493218700091045,0.061347424678244944,3,0.03541895215207501,shuffled,,,
action_shuffle,speed_error,independent,intersection,5.0,2.0232762893040976,0.21705640183873648,3,0.12531757203092608,shuffled,,,
action_shuffle,speed_error,independent,intersection,10.0,2.941699504852295,0.5666730842910291,3,0.3271688577579412,shuffled,,,
action_shuffle,speed_error,independent,intersection,20.0,2.3765503565470376,0.1730129789682162,3,0.0998890899805987,shuffled,,,
action_shuffle,speed_error,independent,intersection,40.0,2.400439500808716,0.5940134271099906,3,0.3429538120442052,shuffled,,,
action_shuffle,speed_error,independent,merge,1.0,0.6284027894337972,0.08927554887628249,3,0.05154326217577329,correct,,,
action_shuffle,speed_error,independent,merge,2.0,1.0435514847437541,0.11439006999326116,3,0.06604313770322948,correct,,,
action_shuffle,speed_error,independent,merge,5.0,1.7025060653686523,0.24213833560403983,3,0.13979863324212036,correct,,,
action_shuffle,speed_error,independent,merge,10.0,2.206238587697347,0.5526046234199066,3,0.31904642808691486,correct,,,
action_shuffle,speed_error,independent,merge,20.0,1.2805557052294414,0.29009298840928444,3,0.16748526494812335,correct,,,
action_shuffle,speed_error,independent,merge,40.0,2.0565320253372192,0.5995389999992079,3,0.3461440030392217,correct,,,
action_shuffle,speed_error,independent,merge,1.0,0.6284178694089254,0.08932758619633116,3,0.0515733059365113,noop,,,
action_shuffle,speed_error,independent,merge,2.0,1.0435184439023335,0.11431442560033314,3,0.06599946439260979,noop,,,
action_shuffle,speed_error,independent,merge,5.0,1.7022671699523926,0.2410870174038925,3,0.13919165439626133,noop,,,
action_shuffle,speed_error,independent,merge,10.0,2.2058552503585815,0.5527478518041038,3,0.3191291210330867,noop,,,
action_shuffle,speed_error,independent,merge,20.0,1.280089557170868,0.2907805414066155,3,0.1678822238562146,noop,,,
action_shuffle,speed_error,independent,merge,40.0,2.056304176648458,0.5992521526373702,3,0.34597839163764843,noop,,,
action_shuffle,speed_error,independent,merge,1.0,0.6284321745236715,0.08937704108543701,3,0.0516018587300493,opposite,,,
action_shuffle,speed_error,independent,merge,2.0,1.0434853633244832,0.11423818450424804,3,0.06595544657526174,opposite,,,
action_shuffle,speed_error,independent,merge,5.0,1.7020140886306763,0.23997469098511953,3,0.13854945243895603,opposite,,,
action_shuffle,speed_error,independent,merge,10.0,2.2054390907287598,0.552938857423457,3,0.31923939817883706,opposite,,,
action_shuffle,speed_error,independent,merge,20.0,1.2796395421028137,0.2915080163139981,3,0.16830223168982061,opposite,,,
action_shuffle,speed_error,independent,merge,40.0,2.0559893051783242,0.5989409600076715,3,0.345798724489122,opposite,,,
action_shuffle,speed_error,independent,merge,1.0,0.6284757057825724,0.08931684774159311,3,0.0515671060867776,shuffled,,,
action_shuffle,speed_error,independent,merge,2.0,1.0436515212059019,0.11435118046107377,3,0.06602068482135243,shuffled,,,
action_shuffle,speed_error,independent,merge,5.0,1.7024484078089397,0.24135224528038635,3,0.13934478378215165,shuffled,,,
action_shuffle,speed_error,independent,merge,10.0,2.2057120402654014,0.55250679433967,3,0.3189899464411057,shuffled,,,
action_shuffle,speed_error,independent,merge,20.0,1.2796828150749207,0.28949225205162066,3,0.1671384296503142,shuffled,,,
action_shuffle,speed_error,independent,merge,40.0,2.0568093061447144,0.5982734928868501,3,0.34541336216724056,shuffled,,,
action_shuffle,speed_error,memoryless,intersection,1.0,0.8926140864690145,0.3910862539843113,3,0.22579375401420448,correct,,,
action_shuffle,speed_error,memoryless,intersection,2.0,1.3132015466690063,0.46548587968819016,3,0.2687483979419464,correct,,,
action_shuffle,speed_error,memoryless,intersection,5.0,1.9600345293680828,0.5162575735827165,3,0.29806144907916443,correct,,,
action_shuffle,speed_error,memoryless,intersection,10.0,2.997638384501139,0.6775040395603423,3,0.39115713961722254,correct,,,
action_shuffle,speed_error,memoryless,intersection,20.0,3.7072911262512207,0.466044928285341,3,0.2690711648000015,correct,,,
action_shuffle,speed_error,memoryless,intersection,40.0,5.587094624837239,0.3819351860095784,3,0.22051038245561988,correct,,,
action_shuffle,speed_error,memoryless,intersection,1.0,0.8711955348650614,0.4026670332856008,3,0.2324799200612296,noop,,,
action_shuffle,speed_error,memoryless,intersection,2.0,1.3214445908864338,0.44920165036787413,3,0.25934669376031627,noop,,,
action_shuffle,speed_error,memoryless,intersection,5.0,2.0779706637064614,0.4704447229501504,3,0.27161138743410823,noop,,,
action_shuffle,speed_error,memoryless,intersection,10.0,3.3317343393961587,0.7546564525909669,3,0.43570110604908285,noop,,,
action_shuffle,speed_error,memoryless,intersection,20.0,4.386269410451253,0.17208957775859443,3,0.09935596404365353,noop,,,
action_shuffle,speed_error,memoryless,intersection,40.0,6.463247934977214,0.10555353537128132,3,0.06094136206052596,noop,,,
action_shuffle,speed_error,memoryless,intersection,1.0,0.8497827649116516,0.40383294923927326,3,0.2331530619509349,opposite,,,
action_shuffle,speed_error,memoryless,intersection,2.0,1.3822290500005086,0.36153951041717475,3,0.20873493366204135,opposite,,,
action_shuffle,speed_error,memoryless,intersection,5.0,2.435089667638143,0.3297935018126331,3,0.19040636704851308,opposite,,,
action_shuffle,speed_error,memoryless,intersection,10.0,3.2176401615142822,0.6451721389828043,3,0.37249030811536876,opposite,,,
action_shuffle,speed_error,memoryless,intersection,20.0,3.487281560897827,0.2824769735910328,3,0.16308815674265362,opposite,,,
action_shuffle,speed_error,memoryless,intersection,40.0,4.361727952957153,0.9837760623455915,3,0.5679833744175373,opposite,,,
action_shuffle,speed_error,memoryless,intersection,1.0,0.8823313514391581,0.42309550372793625,3,0.24427430297024433,shuffled,,,
action_shuffle,speed_error,memoryless,intersection,2.0,1.3051636417706807,0.4711778333479535,3,0.2720346489196256,shuffled,,,
action_shuffle,speed_error,memoryless,intersection,5.0,2.0672477881113687,0.45119278900214627,3,0.2604962781868072,shuffled,,,
action_shuffle,speed_error,memoryless,intersection,10.0,3.128774086634318,0.620071883994158,3,0.3579986691409456,shuffled,,,
action_shuffle,speed_error,memoryless,intersection,20.0,3.794422149658203,0.30592903336506067,3,0.17662820976623977,shuffled,,,
action_shuffle,speed_error,memoryless,intersection,40.0,5.603283405303955,0.3785347100554817,3,0.21854711674814933,shuffled,,,
action_shuffle,speed_error,memoryless,merge,1.0,0.9321898221969604,0.1429093770710939,3,0.0825087673217178,correct,,,
action_shuffle,speed_error,memoryless,merge,2.0,1.348126490910848,0.21799034122715863,3,0.12585678218823843,correct,,,
action_shuffle,speed_error,memoryless,merge,5.0,1.814230481783549,0.20313021597960423,3,0.11727728487637133,correct,,,
action_shuffle,speed_error,memoryless,merge,10.0,2.140360633532206,0.6953500964644295,3,0.4014605653747706,correct,,,
action_shuffle,speed_error,memoryless,merge,20.0,2.224834601084391,0.4286821387462319,3,0.2474997482019215,correct,,,
action_shuffle,speed_error,memoryless,merge,40.0,3.67327872912089,0.4891673698984534,3,0.2824209126896533,correct,,,
action_shuffle,speed_error,memoryless,merge,1.0,0.9221230347951254,0.13913244406099226,3,0.08032815403162444,noop,,,
action_shuffle,speed_error,memoryless,merge,2.0,1.3387266000111897,0.1924765984622341,3,0.11112641593487438,noop,,,
action_shuffle,speed_error,memoryless,merge,5.0,1.8734318812688195,0.18858803518619974,3,0.10888135288069505,noop,,,
action_shuffle,speed_error,memoryless,merge,10.0,2.484636902809143,0.8574934898517502,3,0.49507409719425965,noop,,,
action_shuffle,speed_error,memoryless,merge,20.0,2.8806184927622476,0.6005017412159674,3,0.3466998419398778,noop,,,
action_shuffle,speed_error,memoryless,merge,40.0,4.3447755972544355,1.091521068824749,3,0.6301899829121169,noop,,,
action_shuffle,speed_error,memoryless,merge,1.0,0.8754334251085917,0.08834445614922251,3,0.05100569553916471,opposite,,,
action_shuffle,speed_error,memoryless,merge,2.0,1.3201227188110352,0.15451765568632442,3,0.08921081010504932,opposite,,,
action_shuffle,speed_error,memoryless,merge,5.0,1.9027900695800781,0.5304655485697881,3,0.3062644272625897,opposite,,,
action_shuffle,speed_error,memoryless,merge,10.0,2.4191208283106485,0.5373945696881253,3,0.31026489947048225,opposite,,,
action_shuffle,speed_error,memoryless,merge,20.0,2.00895885626475,0.6338406287326843,3,0.36594805762213695,opposite,,,
action_shuffle,speed_error,memoryless,merge,40.0,3.4910013675689697,1.115518414227229,3,0.6440448567400752,opposite,,,
action_shuffle,speed_error,memoryless,merge,1.0,0.9029350876808167,0.11763941921649586,3,0.06791915035195512,shuffled,,,
action_shuffle,speed_error,memoryless,merge,2.0,1.2932383219401042,0.16453194895051187,3,0.0949925650168718,shuffled,,,
action_shuffle,speed_error,memoryless,merge,5.0,1.778947909673055,0.2470473892477939,3,0.14263287668480806,shuffled,,,
action_shuffle,speed_error,memoryless,merge,10.0,2.255073149998983,0.643567467241087,3,0.3715638504533273,shuffled,,,
action_shuffle,speed_error,memoryless,merge,20.0,2.387379805246989,0.6502551372500185,3,0.37542497853323525,shuffled,,,
action_shuffle,speed_error,memoryless,merge,40.0,3.9421591758728027,0.5464419996728479,3,0.3154884356076361,shuffled,,,
action_shuffle,speed_error,no_actions,intersection,1.0,0.5572393536567688,0.11684768750186494,3,0.067462043833387,correct,,,
action_shuffle,speed_error,no_actions,intersection,2.0,1.043277899424235,0.0885928528659407,3,0.05114910745042777,correct,,,
action_shuffle,speed_error,no_actions,intersection,5.0,1.9185213247934978,0.12639707380569332,3,0.07297538458649803,correct,,,
action_shuffle,speed_error,no_actions,intersection,10.0,3.0789998372395835,0.7524702809632378,3,0.43443891927131867,correct,,,
action_shuffle,speed_error,no_actions,intersection,20.0,3.388992706934611,0.38900277383155685,3,0.22459085618716046,correct,,,
action_shuffle,speed_error,no_actions,intersection,40.0,5.037899812062581,0.29992508094591275,3,0.17316182622084303,correct,,,
action_shuffle,speed_error,no_actions,intersection,1.0,0.5572393536567688,0.11684768750186494,3,0.067462043833387,noop,,,
action_shuffle,speed_error,no_actions,intersection,2.0,1.043277899424235,0.0885928528659407,3,0.05114910745042777,noop,,,
action_shuffle,speed_error,no_actions,intersection,5.0,1.9185213247934978,0.12639707380569332,3,0.07297538458649803,noop,,,
action_shuffle,speed_error,no_actions,intersection,10.0,3.0789998372395835,0.7524702809632378,3,0.43443891927131867,noop,,,
action_shuffle,speed_error,no_actions,intersection,20.0,3.388992706934611,0.38900277383155685,3,0.22459085618716046,noop,,,
action_shuffle,speed_error,no_actions,intersection,40.0,5.037899812062581,0.29992508094591275,3,0.17316182622084303,noop,,,
action_shuffle,speed_error,no_actions,intersection,1.0,0.5572393536567688,0.11684768750186494,3,0.067462043833387,opposite,,,
action_shuffle,speed_error,no_actions,intersection,2.0,1.043277899424235,0.0885928528659407,3,0.05114910745042777,opposite,,,
action_shuffle,speed_error,no_actions,intersection,5.0,1.9185213247934978,0.12639707380569332,3,0.07297538458649803,opposite,,,
action_shuffle,speed_error,no_actions,intersection,10.0,3.0789998372395835,0.7524702809632378,3,0.43443891927131867,opposite,,,
action_shuffle,speed_error,no_actions,intersection,20.0,3.388992706934611,0.38900277383155685,3,0.22459085618716046,opposite,,,
action_shuffle,speed_error,no_actions,intersection,40.0,5.037899812062581,0.29992508094591275,3,0.17316182622084303,opposite,,,
action_shuffle,speed_error,no_actions,intersection,1.0,0.5572393536567688,0.11684768750186494,3,0.067462043833387,shuffled,,,
action_shuffle,speed_error,no_actions,intersection,2.0,1.043277899424235,0.0885928528659407,3,0.05114910745042777,shuffled,,,
action_shuffle,speed_error,no_actions,intersection,5.0,1.9185213247934978,0.12639707380569332,3,0.07297538458649803,shuffled,,,
action_shuffle,speed_error,no_actions,intersection,10.0,3.0789998372395835,0.7524702809632378,3,0.43443891927131867,shuffled,,,
action_shuffle,speed_error,no_actions,intersection,20.0,3.388992706934611,0.38900277383155685,3,0.22459085618716046,shuffled,,,
action_shuffle,speed_error,no_actions,intersection,40.0,5.037899812062581,0.29992508094591275,3,0.17316182622084303,shuffled,,,
action_shuffle,speed_error,no_actions,merge,1.0,0.625235358874003,0.08690256316017167,3,0.05017321823379357,correct,,,
action_shuffle,speed_error,no_actions,merge,2.0,1.0402315060297649,0.11238491124517166,3,0.06488545876025206,correct,,,
action_shuffle,speed_error,no_actions,merge,5.0,1.6930723190307617,0.20604089646360393,3,0.11895776703733354,correct,,,
action_shuffle,speed_error,no_actions,merge,10.0,2.2392282088597617,0.6178895020675262,3,0.3567386703481301,correct,,,
action_shuffle,speed_error,no_actions,merge,20.0,2.179369568824768,0.4689284436273497,3,0.2707359631589226,correct,,,
action_shuffle,speed_error,no_actions,merge,40.0,4.487498998641968,0.5961879666298805,3,0.34420928302137715,correct,,,
action_shuffle,speed_error,no_actions,merge,1.0,0.625235358874003,0.08690256316017167,3,0.05017321823379357,noop,,,
action_shuffle,speed_error,no_actions,merge,2.0,1.0402315060297649,0.11238491124517166,3,0.06488545876025206,noop,,,
action_shuffle,speed_error,no_actions,merge,5.0,1.6930723190307617,0.20604089646360393,3,0.11895776703733354,noop,,,
action_shuffle,speed_error,no_actions,merge,10.0,2.2392282088597617,0.6178895020675262,3,0.3567386703481301,noop,,,
action_shuffle,speed_error,no_actions,merge,20.0,2.179369568824768,0.4689284436273497,3,0.2707359631589226,noop,,,
action_shuffle,speed_error,no_actions,merge,40.0,4.487498998641968,0.5961879666298805,3,0.34420928302137715,noop,,,
action_shuffle,speed_error,no_actions,merge,1.0,0.625235358874003,0.08690256316017167,3,0.05017321823379357,opposite,,,
action_shuffle,speed_error,no_actions,merge,2.0,1.0402315060297649,0.11238491124517166,3,0.06488545876025206,opposite,,,
action_shuffle,speed_error,no_actions,merge,5.0,1.6930723190307617,0.20604089646360393,3,0.11895776703733354,opposite,,,
action_shuffle,speed_error,no_actions,merge,10.0,2.2392282088597617,0.6178895020675262,3,0.3567386703481301,opposite,,,
action_shuffle,speed_error,no_actions,merge,20.0,2.179369568824768,0.4689284436273497,3,0.2707359631589226,opposite,,,
action_shuffle,speed_error,no_actions,merge,40.0,4.487498998641968,0.5961879666298805,3,0.34420928302137715,opposite,,,
action_shuffle,speed_error,no_actions,merge,1.0,0.625235358874003,0.08690256316017167,3,0.05017321823379357,shuffled,,,
action_shuffle,speed_error,no_actions,merge,2.0,1.0402315060297649,0.11238491124517166,3,0.06488545876025206,shuffled,,,
action_shuffle,speed_error,no_actions,merge,5.0,1.6930723190307617,0.20604089646360393,3,0.11895776703733354,shuffled,,,
action_shuffle,speed_error,no_actions,merge,10.0,2.2392282088597617,0.6178895020675262,3,0.3567386703481301,shuffled,,,
action_shuffle,speed_error,no_actions,merge,20.0,2.179369568824768,0.4689284436273497,3,0.2707359631589226,shuffled,,,
action_shuffle,speed_error,no_actions,merge,40.0,4.487498998641968,0.5961879666298805,3,0.34420928302137715,shuffled,,,
action_shuffle,speed_error,orchestra,intersection,1.0,0.6814355055491129,0.14333153319358566,3,0.08275249927267847,correct,,,
action_shuffle,speed_error,orchestra,intersection,2.0,1.1467574834823608,0.1882122916426202,3,0.10866441724466314,correct,,,
action_shuffle,speed_error,orchestra,intersection,5.0,2.268916686375936,0.5028178302728966,3,0.29030200966140046,correct,,,
action_shuffle,speed_error,orchestra,intersection,10.0,2.295052448908488,0.9366605527335333,3,0.5407812222600091,correct,,,
action_shuffle,speed_error,orchestra,intersection,20.0,2.208526253700257,0.37569702663864,3,0.21690877946356082,correct,,,
action_shuffle,speed_error,orchestra,intersection,40.0,2.391969680786133,0.32174454332413166,3,0.18575929869848062,correct,,,
action_shuffle,speed_error,orchestra,intersection,1.0,0.6540312767028809,0.16801225575928447,3,0.09700192108977915,noop,,,
action_shuffle,speed_error,orchestra,intersection,2.0,1.1773468653361003,0.16745356404311235,3,0.09667936027705315,noop,,,
action_shuffle,speed_error,orchestra,intersection,5.0,2.6740153630574546,0.5905773589478178,3,0.3409699971658209,noop,,,
action_shuffle,speed_error,orchestra,intersection,10.0,2.686431964238485,1.1912069043374993,3,0.6877436268797961,noop,,,
action_shuffle,speed_error,orchestra,intersection,20.0,2.428886651992798,0.4789601131573813,3,0.2765277502625077,noop,,,
action_shuffle,speed_error,orchestra,intersection,40.0,2.6324851512908936,0.36493865064920655,3,0.21069742819001822,noop,,,
action_shuffle,speed_error,orchestra,intersection,1.0,0.7564356128374735,0.14188986300980683,3,0.0819201506039911,opposite,,,
action_shuffle,speed_error,orchestra,intersection,2.0,1.4153319199879963,0.0871937675826133,3,0.050341345185479454,opposite,,,
action_shuffle,speed_error,orchestra,intersection,5.0,3.370621681213379,0.7474097217853045,3,0.4315172040676889,opposite,,,
action_shuffle,speed_error,orchestra,intersection,10.0,2.8687843481699624,1.2648624039127982,3,0.7302686493868913,opposite,,,
action_shuffle,speed_error,orchestra,intersection,20.0,2.352600653966268,0.5166282979648092,3,0.29827548690096084,opposite,,,
action_shuffle,speed_error,orchestra,intersection,40.0,2.5036885738372803,0.480941928578989,3,0.2776719519296571,opposite,,,
action_shuffle,speed_error,orchestra,intersection,1.0,0.6382384697596232,0.24461909977243165,3,0.14123090310253736,shuffled,,,
action_shuffle,speed_error,orchestra,intersection,2.0,1.1200015147527058,0.2219804295330438,3,0.1281604607457316,shuffled,,,
action_shuffle,speed_error,orchestra,intersection,5.0,2.6314754486083984,0.5274115413019513,3,0.30450119534439707,shuffled,,,
action_shuffle,speed_error,orchestra,intersection,10.0,2.7269550959269204,1.1522983511601508,3,0.665279763229075,shuffled,,,
action_shuffle,speed_error,orchestra,intersection,20.0,2.216676394144694,0.27615419925873436,3,0.15943770127987583,shuffled,,,
action_shuffle,speed_error,orchestra,intersection,40.0,2.4010374943415322,0.4837207055028184,3,0.2792762795346479,shuffled,,,
action_shuffle,speed_error,orchestra,merge,1.0,0.6649560928344727,0.05234280856648352,3,0.03022013461600031,correct,,,
action_shuffle,speed_error,orchestra,merge,2.0,1.069967806339264,0.12001380279747867,3,0.06929000135159498,correct,,,
action_shuffle,speed_error,orchestra,merge,5.0,1.5690731604894002,0.26153325663465166,3,0.15099629612005563,correct,,,
action_shuffle,speed_error,orchestra,merge,10.0,2.1501627763112388,0.8844002305643007,3,0.5106087111876662,correct,,,
action_shuffle,speed_error,orchestra,merge,20.0,1.9560401439666748,0.2144470760300241,3,0.12381107707286257,correct,,,
action_shuffle,speed_error,orchestra,merge,40.0,2.1979356606801352,0.2686915355548902,3,0.1551291303815898,correct,,,
action_shuffle,speed_error,orchestra,merge,1.0,0.5615554650624593,0.01408724472172508,3,0.00813327453222811,noop,,,
action_shuffle,speed_error,orchestra,merge,2.0,0.9887596567471822,0.02882715931489061,3,0.016643368190424324,noop,,,
action_shuffle,speed_error,orchestra,merge,5.0,1.778767188390096,0.45859955596415053,3,0.26477257708614516,noop,,,
action_shuffle,speed_error,orchestra,merge,10.0,2.4107710917790732,1.2210962381572728,3,0.7050002418065409,noop,,,
action_shuffle,speed_error,orchestra,merge,20.0,2.0265630086263022,0.19621474483692528,3,0.11328463575057254,noop,,,
action_shuffle,speed_error,orchestra,merge,40.0,2.5212439695994058,0.2742679145238064,3,0.1583486542803969,noop,,,
action_shuffle,speed_error,orchestra,merge,1.0,0.5256529847780863,0.07927920109925464,3,0.045771868095793145,opposite,,,
action_shuffle,speed_error,orchestra,merge,2.0,0.9170098702112833,0.14755182280975626,3,0.08518908461863274,opposite,,,
action_shuffle,speed_error,orchestra,merge,5.0,2.107858578364054,0.6494852362967571,3,0.37498047601062046,opposite,,,
action_shuffle,speed_error,orchestra,merge,10.0,2.7105256716410318,1.488525946439651,3,0.859400855872675,opposite,,,
action_shuffle,speed_error,orchestra,merge,20.0,2.015678366025289,0.0892271330045305,3,0.05151530925918423,opposite,,,
action_shuffle,speed_error,orchestra,merge,40.0,2.5328773657480874,0.286461672770839,3,0.1653887238867544,opposite,,,
action_shuffle,speed_error,orchestra,merge,1.0,0.49832473198572796,0.006055111801287882,3,0.0034959204284468384,shuffled,,,
action_shuffle,speed_error,orchestra,merge,2.0,0.8493538697560629,0.14102670106091958,3,0.08142180382044681,shuffled,,,
action_shuffle,speed_error,orchestra,merge,5.0,1.7860546112060547,0.27818596165556403,3,0.1606107398466148,shuffled,,,
action_shuffle,speed_error,orchestra,merge,10.0,2.7093380292256675,1.2666167353178812,3,0.7312815130958638,shuffled,,,
action_shuffle,speed_error,orchestra,merge,20.0,1.7266631523768108,0.5316687869862916,3,0.3069591172862573,shuffled,,,
action_shuffle,speed_error,orchestra,merge,40.0,2.409057378768921,0.21616049946118268,3,0.12480032255207778,shuffled,,,
action_shuffle,speed_error,persistence,intersection,1.0,0.9808954397837321,0.5782097892139579,3,0.3338295774507554,correct,,,
action_shuffle,speed_error,persistence,intersection,2.0,1.4815622568130493,0.5373135347397309,3,0.31021811392121296,correct,,,
action_shuffle,speed_error,persistence,intersection,5.0,2.4251624743143716,0.34488179753087084,3,0.1991175986430503,correct,,,
action_shuffle,speed_error,persistence,intersection,10.0,2.5754961172739663,0.5697967572983006,3,0.32897231120954973,correct,,,
action_shuffle,speed_error,persistence,intersection,20.0,2.3682733376820884,0.15948539250225677,3,0.09207893429299108,correct,,,
action_shuffle,speed_error,persistence,intersection,40.0,2.74807341893514,0.5095507364521402,3,0.2941892548564152,correct,,,
action_shuffle,speed_error,persistence,intersection,1.0,0.9808954397837321,0.5782097892139579,3,0.3338295774507554,noop,,,
action_shuffle,speed_error,persistence,intersection,2.0,1.4815622568130493,0.5373135347397309,3,0.31021811392121296,noop,,,
action_shuffle,speed_error,persistence,intersection,5.0,2.4251624743143716,0.34488179753087084,3,0.1991175986430503,noop,,,
action_shuffle,speed_error,persistence,intersection,10.0,2.5754961172739663,0.5697967572983006,3,0.32897231120954973,noop,,,
action_shuffle,speed_error,persistence,intersection,20.0,2.3682733376820884,0.15948539250225677,3,0.09207893429299108,noop,,,
action_shuffle,speed_error,persistence,intersection,40.0,2.74807341893514,0.5095507364521402,3,0.2941892548564152,noop,,,
action_shuffle,speed_error,persistence,intersection,1.0,0.9808954397837321,0.5782097892139579,3,0.3338295774507554,opposite,,,
action_shuffle,speed_error,persistence,intersection,2.0,1.4815622568130493,0.5373135347397309,3,0.31021811392121296,opposite,,,
action_shuffle,speed_error,persistence,intersection,5.0,2.4251624743143716,0.34488179753087084,3,0.1991175986430503,opposite,,,
action_shuffle,speed_error,persistence,intersection,10.0,2.5754961172739663,0.5697967572983006,3,0.32897231120954973,opposite,,,
action_shuffle,speed_error,persistence,intersection,20.0,2.3682733376820884,0.15948539250225677,3,0.09207893429299108,opposite,,,
action_shuffle,speed_error,persistence,intersection,40.0,2.74807341893514,0.5095507364521402,3,0.2941892548564152,opposite,,,
action_shuffle,speed_error,persistence,intersection,1.0,0.9808954397837321,0.5782097892139579,3,0.3338295774507554,shuffled,,,
action_shuffle,speed_error,persistence,intersection,2.0,1.4815622568130493,0.5373135347397309,3,0.31021811392121296,shuffled,,,
action_shuffle,speed_error,persistence,intersection,5.0,2.4251624743143716,0.34488179753087084,3,0.1991175986430503,shuffled,,,
action_shuffle,speed_error,persistence,intersection,10.0,2.5754961172739663,0.5697967572983006,3,0.32897231120954973,shuffled,,,
action_shuffle,speed_error,persistence,intersection,20.0,2.3682733376820884,0.15948539250225677,3,0.09207893429299108,shuffled,,,
action_shuffle,speed_error,persistence,intersection,40.0,2.74807341893514,0.5095507364521402,3,0.2941892548564152,shuffled,,,
action_shuffle,speed_error,persistence,merge,1.0,0.9454757968584696,0.2940306874771043,3,0.1697586965649169,correct,,,
action_shuffle,speed_error,persistence,merge,2.0,1.3907111883163452,0.26181875387444686,3,0.15116112802830428,correct,,,
action_shuffle,speed_error,persistence,merge,5.0,1.923559268315633,0.09870082791294868,3,0.056984949564779855,correct,,,
action_shuffle,speed_error,persistence,merge,10.0,2.1077329317728677,0.5713700650786533,3,0.32988066088005447,correct,,,
action_shuffle,speed_error,persistence,merge,20.0,1.470608075459798,0.43086308139704255,3,0.24875891602845415,correct,,,
action_shuffle,speed_error,persistence,merge,40.0,2.5171162287394204,0.503410676518565,3,0.29064428960092514,correct,,,
action_shuffle,speed_error,persistence,merge,1.0,0.9454757968584696,0.2940306874771043,3,0.1697586965649169,noop,,,
action_shuffle,speed_error,persistence,merge,2.0,1.3907111883163452,0.26181875387444686,3,0.15116112802830428,noop,,,
action_shuffle,speed_error,persistence,merge,5.0,1.923559268315633,0.09870082791294868,3,0.056984949564779855,noop,,,
action_shuffle,speed_error,persistence,merge,10.0,2.1077329317728677,0.5713700650786533,3,0.32988066088005447,noop,,,
action_shuffle,speed_error,persistence,merge,20.0,1.470608075459798,0.43086308139704255,3,0.24875891602845415,noop,,,
action_shuffle,speed_error,persistence,merge,40.0,2.5171162287394204,0.503410676518565,3,0.29064428960092514,noop,,,
action_shuffle,speed_error,persistence,merge,1.0,0.9454757968584696,0.2940306874771043,3,0.1697586965649169,opposite,,,
action_shuffle,speed_error,persistence,merge,2.0,1.3907111883163452,0.26181875387444686,3,0.15116112802830428,opposite,,,
action_shuffle,speed_error,persistence,merge,5.0,1.923559268315633,0.09870082791294868,3,0.056984949564779855,opposite,,,
action_shuffle,speed_error,persistence,merge,10.0,2.1077329317728677,0.5713700650786533,3,0.32988066088005447,opposite,,,
action_shuffle,speed_error,persistence,merge,20.0,1.470608075459798,0.43086308139704255,3,0.24875891602845415,opposite,,,
action_shuffle,speed_error,persistence,merge,40.0,2.5171162287394204,0.503410676518565,3,0.29064428960092514,opposite,,,
action_shuffle,speed_error,persistence,merge,1.0,0.9454757968584696,0.2940306874771043,3,0.1697586965649169,shuffled,,,
action_shuffle,speed_error,persistence,merge,2.0,1.3907111883163452,0.26181875387444686,3,0.15116112802830428,shuffled,,,
action_shuffle,speed_error,persistence,merge,5.0,1.923559268315633,0.09870082791294868,3,0.056984949564779855,shuffled,,,
action_shuffle,speed_error,persistence,merge,10.0,2.1077329317728677,0.5713700650786533,3,0.32988066088005447,shuffled,,,
action_shuffle,speed_error,persistence,merge,20.0,1.470608075459798,0.43086308139704255,3,0.24875891602845415,shuffled,,,
action_shuffle,speed_error,persistence,merge,40.0,2.5171162287394204,0.503410676518565,3,0.29064428960092514,shuffled,,,
action_shuffle,speed_error,privileged,intersection,1.0,0.6850162347157797,0.1670318264753148,3,0.09643586997875787,correct,,,
action_shuffle,speed_error,privileged,intersection,2.0,1.2935285568237305,0.2965755150200624,3,0.17122795343188493,correct,,,
action_shuffle,speed_error,privileged,intersection,5.0,2.3057735761006675,0.4478849277590454,3,0.25858648360766096,correct,,,
action_shuffle,speed_error,privileged,intersection,10.0,2.8581607341766357,0.4744964795034334,3,0.273950670170837,correct,,,
action_shuffle,speed_error,privileged,intersection,20.0,3.098156452178955,0.9408333965211978,3,0.5431904147441035,correct,,,
action_shuffle,speed_error,privileged,intersection,40.0,3.1503295501073203,1.530718953868348,3,0.8837610000695532,correct,,,
action_shuffle,speed_error,privileged,intersection,1.0,0.6152869661649069,0.18957560878987167,3,0.10945152876661961,noop,,,
action_shuffle,speed_error,privileged,intersection,2.0,1.2136890292167664,0.3366115339535545,3,0.19434275974041754,noop,,,
action_shuffle,speed_error,privileged,intersection,5.0,2.3489641348520913,0.6456231430706475,3,0.3727506954468906,noop,,,
action_shuffle,speed_error,privileged,intersection,10.0,3.928731918334961,0.5735031924959758,3,0.3311122225686614,noop,,,
action_shuffle,speed_error,privileged,intersection,20.0,5.216627279917399,0.5478789091578586,3,0.31631803568560823,noop,,,
action_shuffle,speed_error,privileged,intersection,40.0,6.138533274332683,0.5113052060902101,3,0.2952021983742399,noop,,,
action_shuffle,speed_error,privileged,intersection,1.0,0.6183947026729584,0.21373117541301048,3,0.12339775165891673,opposite,,,
action_shuffle,speed_error,privileged,intersection,2.0,1.3415995836257935,0.28986412380880217,3,0.16735312990942694,opposite,,,
action_shuffle,speed_error,privileged,intersection,5.0,3.1166863441467285,0.41346771960716566,3,0.2387156992164178,opposite,,,
action_shuffle,speed_error,privileged,intersection,10.0,3.870969216028849,0.44227698809078575,3,0.25534873813059206,opposite,,,
action_shuffle,speed_error,privileged,intersection,20.0,3.941511948903402,1.1276312078131405,3,0.6510381813775395,opposite,,,
action_shuffle,speed_error,privileged,intersection,40.0,3.8081986904144287,1.524249715104338,3,0.8800259833277,opposite,,,
action_shuffle,speed_error,privileged,intersection,1.0,0.6450449824333191,0.25562600210065484,3,0.14758574112468092,shuffled,,,
action_shuffle,speed_error,privileged,intersection,2.0,1.2275446653366089,0.2833778940363713,3,0.16360830340428822,shuffled,,,
action_shuffle,speed_error,privileged,intersection,5.0,2.2234163681666055,0.4711421238087419,3,0.27201403200754914,shuffled,,,
action_shuffle,speed_error,privileged,intersection,10.0,3.311598459879557,0.8186076169282615,3,0.4726233279942098,shuffled,,,
action_shuffle,speed_error,privileged,intersection,20.0,3.6739965279897056,0.6515966531033275,3,0.37619950307226535,shuffled,,,
action_shuffle,speed_error,privileged,intersection,40.0,3.9817793369293213,1.0104464432592577,3,0.5833815260174324,shuffled,,,
action_shuffle,speed_error,privileged,merge,1.0,0.7267887194951376,0.17122569119038994,3,0.09885719890095138,correct,,,
action_shuffle,speed_error,privileged,merge,2.0,1.2955499490102131,0.3744771564676492,3,0.21620448709196288,correct,,,
action_shuffle,speed_error,privileged,merge,5.0,1.8593535820643108,0.6127543582587096,3,0.3537738936877824,correct,,,
action_shuffle,speed_error,privileged,merge,10.0,2.3439016342163086,0.6671684789220488,3,0.38518990090047805,correct,,,
action_shuffle,speed_error,privileged,merge,20.0,2.2776859203974404,0.8342976828402847,3,0.48168199177211946,correct,,,
action_shuffle,speed_error,privileged,merge,40.0,3.590521812438965,1.5092246205991897,3,0.871351240970553,correct,,,
action_shuffle,speed_error,privileged,merge,1.0,0.5680108765761057,0.17040617265145674,3,0.0983840496518924,noop,,,
action_shuffle,speed_error,privileged,merge,2.0,1.0499358574549358,0.3709627694576311,3,0.21417545480569242,noop,,,
action_shuffle,speed_error,privileged,merge,5.0,1.722388784090678,0.692639701554209,3,0.39989571814374464,noop,,,
action_shuffle,speed_error,privileged,merge,10.0,3.240405003229777,0.2991881155462149,3,0.17273633904894403,noop,,,
action_shuffle,speed_error,privileged,merge,20.0,4.514507293701172,0.40384405957222663,3,0.23315947650465632,noop,,,
action_shuffle,speed_error,privileged,merge,40.0,6.232191721598308,0.3155403767604912,3,0.18217732146286553,noop,,,
action_shuffle,speed_error,privileged,merge,1.0,0.4462357759475708,0.07354854249108976,3,0.0424632708057353,opposite,,,
action_shuffle,speed_error,privileged,merge,2.0,0.8873122533162435,0.10895643080391476,3,0.06290602465458102,opposite,,,
action_shuffle,speed_error,privileged,merge,5.0,2.036534547805786,0.28989824926499413,3,0.1673728322507456,opposite,,,
action_shuffle,speed_error,privileged,merge,10.0,3.105454365412394,0.61642729670817,3,0.35589446569029526,opposite,,,
action_shuffle,speed_error,privileged,merge,20.0,3.1739819844563804,0.5088488483821859,3,0.2937840195902861,opposite,,,
action_shuffle,speed_error,privileged,merge,40.0,3.1189205646514893,0.8548540712397116,3,0.493550228148095,opposite,,,
action_shuffle,speed_error,privileged,merge,1.0,0.5289056698481241,0.07219550562406865,3,0.04168209460633718,shuffled,,,
action_shuffle,speed_error,privileged,merge,2.0,0.984081506729126,0.22804734127108794,3,0.13166319387084108,shuffled,,,
action_shuffle,speed_error,privileged,merge,5.0,1.570395549138387,0.48928825531559894,3,0.2824907059177834,shuffled,,,
action_shuffle,speed_error,privileged,merge,10.0,2.650663216908773,0.8391271033701075,3,0.48447025901504254,shuffled,,,
action_shuffle,speed_error,privileged,merge,20.0,3.023190895716349,1.090556140541266,3,0.6296328813078993,shuffled,,,
action_shuffle,speed_error,privileged,merge,40.0,3.860194762547811,1.8725980706401253,3,1.0811450001680503,shuffled,,,
action_shuffle,world_error,constant_velocity,intersection,1.0,0.03768977087262704,0.03753869314056035,3,0.02167297458972928,correct,,,
action_shuffle,world_error,constant_velocity,intersection,2.0,0.03849858662579204,0.03758687844698894,3,0.021700794389366812,correct,,,
action_shuffle,world_error,constant_velocity,intersection,5.0,0.04103922106636063,0.03710374146772162,3,0.021421855124331358,correct,,,
action_shuffle,world_error,constant_velocity,intersection,10.0,0.04242516914382571,0.03351118402636304,3,0.019347691118483792,correct,,,
action_shuffle,world_error,constant_velocity,intersection,20.0,0.0462107316901286,0.03189887794071519,3,0.018416825765918934,correct,,,
action_shuffle,world_error,constant_velocity,intersection,40.0,0.07630884088575833,0.046154395574735683,3,0.02664725270935812,correct,,,
action_shuffle,world_error,constant_velocity,intersection,1.0,0.03768977087262704,0.03753869314056035,3,0.02167297458972928,noop,,,
action_shuffle,world_error,constant_velocity,intersection,2.0,0.03849858662579204,0.03758687844698894,3,0.021700794389366812,noop,,,
action_shuffle,world_error,constant_velocity,intersection,5.0,0.04103922106636063,0.03710374146772162,3,0.021421855124331358,noop,,,
action_shuffle,world_error,constant_velocity,intersection,10.0,0.04242516914382571,0.03351118402636304,3,0.019347691118483792,noop,,,
action_shuffle,world_error,constant_velocity,intersection,20.0,0.0462107316901286,0.03189887794071519,3,0.018416825765918934,noop,,,
action_shuffle,world_error,constant_velocity,intersection,40.0,0.07630884088575833,0.046154395574735683,3,0.02664725270935812,noop,,,
action_shuffle,world_error,constant_velocity,intersection,1.0,0.03768977087262704,0.03753869314056035,3,0.02167297458972928,opposite,,,
action_shuffle,world_error,constant_velocity,intersection,2.0,0.03849858662579204,0.03758687844698894,3,0.021700794389366812,opposite,,,
action_shuffle,world_error,constant_velocity,intersection,5.0,0.04103922106636063,0.03710374146772162,3,0.021421855124331358,opposite,,,
action_shuffle,world_error,constant_velocity,intersection,10.0,0.04242516914382571,0.03351118402636304,3,0.019347691118483792,opposite,,,
action_shuffle,world_error,constant_velocity,intersection,20.0,0.0462107316901286,0.03189887794071519,3,0.018416825765918934,opposite,,,
action_shuffle,world_error,constant_velocity,intersection,40.0,0.07630884088575833,0.046154395574735683,3,0.02664725270935812,opposite,,,
action_shuffle,world_error,constant_velocity,intersection,1.0,0.03768977087262704,0.03753869314056035,3,0.02167297458972928,shuffled,,,
action_shuffle,world_error,constant_velocity,intersection,2.0,0.03849858662579204,0.03758687844698894,3,0.021700794389366812,shuffled,,,
action_shuffle,world_error,constant_velocity,intersection,5.0,0.04103922106636063,0.03710374146772162,3,0.021421855124331358,shuffled,,,
action_shuffle,world_error,constant_velocity,intersection,10.0,0.04242516914382571,0.03351118402636304,3,0.019347691118483792,shuffled,,,
action_shuffle,world_error,constant_velocity,intersection,20.0,0.0462107316901286,0.03189887794071519,3,0.018416825765918934,shuffled,,,
action_shuffle,world_error,constant_velocity,intersection,40.0,0.07630884088575833,0.046154395574735683,3,0.02664725270935812,shuffled,,,
action_shuffle,world_error,constant_velocity,merge,1.0,0.03813317440411384,0.03801719072102853,3,0.021949235296619164,correct,,,
action_shuffle,world_error,constant_velocity,merge,2.0,0.04082722399228556,0.03799110738477866,3,0.021934176075413942,correct,,,
action_shuffle,world_error,constant_velocity,merge,5.0,0.044121768946448904,0.03580400106886759,3,0.020671449655176352,correct,,,
action_shuffle,world_error,constant_velocity,merge,10.0,0.05265233262131606,0.03514321538793244,3,0.020289944864411796,correct,,,
action_shuffle,world_error,constant_velocity,merge,20.0,0.062303721904754604,0.03746250638956445,3,0.02162898814853311,correct,,,
action_shuffle,world_error,constant_velocity,merge,40.0,0.08109349136551217,0.034901136788812646,3,0.020150180720044934,correct,,,
action_shuffle,world_error,constant_velocity,merge,1.0,0.03813317440411384,0.03801719072102853,3,0.021949235296619164,noop,,,
action_shuffle,world_error,constant_velocity,merge,2.0,0.04082722399228556,0.03799110738477866,3,0.021934176075413942,noop,,,
action_shuffle,world_error,constant_velocity,merge,5.0,0.044121768946448904,0.03580400106886759,3,0.020671449655176352,noop,,,
action_shuffle,world_error,constant_velocity,merge,10.0,0.05265233262131606,0.03514321538793244,3,0.020289944864411796,noop,,,
action_shuffle,world_error,constant_velocity,merge,20.0,0.062303721904754604,0.03746250638956445,3,0.02162898814853311,noop,,,
action_shuffle,world_error,constant_velocity,merge,40.0,0.08109349136551217,0.034901136788812646,3,0.020150180720044934,noop,,,
action_shuffle,world_error,constant_velocity,merge,1.0,0.03813317440411384,0.03801719072102853,3,0.021949235296619164,opposite,,,
action_shuffle,world_error,constant_velocity,merge,2.0,0.04082722399228556,0.03799110738477866,3,0.021934176075413942,opposite,,,
action_shuffle,world_error,constant_velocity,merge,5.0,0.044121768946448904,0.03580400106886759,3,0.020671449655176352,opposite,,,
action_shuffle,world_error,constant_velocity,merge,10.0,0.05265233262131606,0.03514321538793244,3,0.020289944864411796,opposite,,,
action_shuffle,world_error,constant_velocity,merge,20.0,0.062303721904754604,0.03746250638956445,3,0.02162898814853311,opposite,,,
action_shuffle,world_error,constant_velocity,merge,40.0,0.08109349136551217,0.034901136788812646,3,0.020150180720044934,opposite,,,
action_shuffle,world_error,constant_velocity,merge,1.0,0.03813317440411384,0.03801719072102853,3,0.021949235296619164,shuffled,,,
action_shuffle,world_error,constant_velocity,merge,2.0,0.04082722399228556,0.03799110738477866,3,0.021934176075413942,shuffled,,,
action_shuffle,world_error,constant_velocity,merge,5.0,0.044121768946448904,0.03580400106886759,3,0.020671449655176352,shuffled,,,
action_shuffle,world_error,constant_velocity,merge,10.0,0.05265233262131606,0.03514321538793244,3,0.020289944864411796,shuffled,,,
action_shuffle,world_error,constant_velocity,merge,20.0,0.062303721904754604,0.03746250638956445,3,0.02162898814853311,shuffled,,,
action_shuffle,world_error,constant_velocity,merge,40.0,0.08109349136551217,0.034901136788812646,3,0.020150180720044934,shuffled,,,
action_shuffle,world_error,independent,intersection,1.0,0.0003674096854713333,7.279238335773366e-05,3,4.2026702126541966e-05,correct,,,
action_shuffle,world_error,independent,intersection,2.0,0.0011135837218413335,0.00012001160345763201,3,6.928873156214247e-05,correct,,,
action_shuffle,world_error,independent,intersection,5.0,0.004015820100903467,0.0006633639027607875,3,0.0003829933278296214,correct,,,
action_shuffle,world_error,independent,intersection,10.0,0.010171202321847267,0.0036633195793786323,3,0.00211501854528188,correct,,,
action_shuffle,world_error,independent,intersection,20.0,0.013223065063357332,0.001061071425723353,3,0.000612609873270798,correct,,,
action_shuffle,world_error,independent,intersection,40.0,0.03615171896914637,0.012199397150874189,3,0.0070433252290083665,correct,,,
action_shuffle,world_error,independent,intersection,1.0,0.0003674103451581667,7.282458989682989e-05,3,4.204529658055884e-05,noop,,,
action_shuffle,world_error,independent,intersection,2.0,0.0011134023855750334,0.00012009911538716284,3,6.933925659821439e-05,noop,,,
action_shuffle,world_error,independent,intersection,5.0,0.0040131596227486665,0.0006635365713257077,3,0.0003830930180720587,noop,,,
action_shuffle,world_error,independent,intersection,10.0,0.010163652555396101,0.00366659061747717,3,0.0021169070800086003,noop,,,
action_shuffle,world_error,independent,intersection,20.0,0.013205882782737368,0.0010349668794304634,3,0.000597538406441525,noop,,,
action_shuffle,world_error,independent,intersection,40.0,0.03615413668255007,0.012212321188449435,3,0.007050786925581452,noop,,,
action_shuffle,world_error,independent,intersection,1.0,0.0003674120234790667,7.28557522650834e-05,3,4.2063288182258595e-05,opposite,,,
action_shuffle,world_error,independent,intersection,2.0,0.0011132290043557,0.00012018892090765213,3,6.939110583964361e-05,opposite,,,
action_shuffle,world_error,independent,intersection,5.0,0.0040104189732421995,0.0006637719327263977,3,0.0003832289040401039,opposite,,,
action_shuffle,world_error,independent,intersection,10.0,0.010155708218614232,0.0036703572113186414,3,0.002119081723976902,opposite,,,
action_shuffle,world_error,independent,intersection,20.0,0.013186151161789833,0.0010073157339679454,3,0.0005815740101653388,opposite,,,
action_shuffle,world_error,independent,intersection,40.0,0.036149927104512806,0.012228197790499959,3,0.007059953286049138,opposite,,,
action_shuffle,world_error,independent,intersection,1.0,0.0003674319499016667,7.278100515023144e-05,3,4.2020132915377666e-05,shuffled,,,
action_shuffle,world_error,independent,intersection,2.0,0.0011135134069869335,0.00012008933114521738,3,6.933360766349337e-05,shuffled,,,
action_shuffle,world_error,independent,intersection,5.0,0.004013790438572533,0.0006638120452414257,3,0.0003832520630114532,shuffled,,,
action_shuffle,world_error,independent,intersection,10.0,0.010162873038401167,0.0036659887526128087,3,0.0021165595931671457,shuffled,,,
action_shuffle,world_error,independent,intersection,20.0,0.013211705721914699,0.0010463543232092976,3,0.0006041129501726167,shuffled,,,
action_shuffle,world_error,independent,intersection,40.0,0.036149581273396764,0.012133571731329725,3,0.007005320905314851,shuffled,,,
action_shuffle,world_error,independent,merge,1.0,0.0004029489646199667,7.390682993874507e-05,3,4.267012816008636e-05,correct,,,
action_shuffle,world_error,independent,merge,2.0,0.0031765336558843,0.0034462598003242536,3,0.0019896990234145938,correct,,,
action_shuffle,world_error,independent,merge,5.0,0.007340252865105801,0.003256877424138781,3,0.0018803590575441403,correct,,,
action_shuffle,world_error,independent,merge,10.0,0.019764994891981233,0.010839906859368567,3,0.006258423143246913,correct,,,
action_shuffle,world_error,independent,merge,20.0,0.027890798325339933,0.011423647216856214,3,0.006595445795779254,correct,,,
action_shuffle,world_error,independent,merge,40.0,0.04861453548073763,0.005186806745866265,3,0.002994604270960455,correct,,,
action_shuffle,world_error,independent,merge,1.0,0.00040298003780960006,7.397498018515263e-05,3,4.27094747231951e-05,noop,,,
action_shuffle,world_error,independent,merge,2.0,0.0031765183278669334,0.0034461586569469837,3,0.0019896406282585003,noop,,,
action_shuffle,world_error,independent,merge,5.0,0.007339020259678299,0.0032554791333783695,3,0.0018795517539972114,noop,,,
action_shuffle,world_error,independent,merge,10.0,0.019763804351290035,0.010835964683180958,3,0.006256147126763804,noop,,,
action_shuffle,world_error,independent,merge,20.0,0.0278895193090041,0.011418974269571528,3,0.006592747868406533,noop,,,
action_shuffle,world_error,independent,merge,40.0,0.0486120482285817,0.005286819459746855,3,0.003052346638241799,noop,,,
action_shuffle,world_error,independent,merge,1.0,0.00040301026698820003,7.404028707735252e-05,3,4.274717967498665e-05,opposite,,,
action_shuffle,world_error,independent,merge,2.0,0.003176509868353567,0.0034460544533881157,3,0.0019895804663057374,opposite,,,
action_shuffle,world_error,independent,merge,5.0,0.0073378654196858,0.0032539568406534077,3,0.0018786728578826693,opposite,,,
action_shuffle,world_error,independent,merge,10.0,0.019763525575399368,0.010831701041340463,3,0.006253685511999466,opposite,,,
action_shuffle,world_error,independent,merge,20.0,0.027888959894577636,0.01141389255776804,3,0.006589813940728845,opposite,,,
action_shuffle,world_error,independent,merge,40.0,0.048594348132610266,0.005380782974128021,3,0.003106596498563768,opposite,,,
action_shuffle,world_error,independent,merge,1.0,0.00040303736265433335,7.398242254759168e-05,3,4.2713771573152696e-05,shuffled,,,
action_shuffle,world_error,independent,merge,2.0,0.003176481463015033,0.0034457457276311646,3,0.001989402223406856,shuffled,,,
action_shuffle,world_error,independent,merge,5.0,0.007338807607690467,0.0032559214818808253,3,0.0018798071440241798,shuffled,,,
action_shuffle,world_error,independent,merge,10.0,0.019762552032868034,0.010837518026216157,3,0.00625704394978332,shuffled,,,
action_shuffle,world_error,independent,merge,20.0,0.027887523795167568,0.011410228146176102,3,0.006587698291709817,shuffled,,,
action_shuffle,world_error,independent,merge,40.0,0.04863722870747244,0.005191950619854639,3,0.0029975740879923203,shuffled,,,
action_shuffle,world_error,memoryless,intersection,1.0,0.03522219776641573,0.03670940525541305,3,0.02119418500600379,correct,,,
action_shuffle,world_error,memoryless,intersection,2.0,0.03571594813062493,0.03680541215579164,3,0.02124961461578143,correct,,,
action_shuffle,world_error,memoryless,intersection,5.0,0.037505347281694364,0.038007870121037964,3,0.021943854045705605,correct,,,
action_shuffle,world_error,memoryless,intersection,10.0,0.046501143835484926,0.03813074333998882,3,0.022014794931743076,correct,,,
action_shuffle,world_error,memoryless,intersection,20.0,0.08216745903094604,0.03331729055818195,3,0.019235746672435328,correct,,,
action_shuffle,world_error,memoryless,intersection,40.0,0.2747784008582433,0.028989047146254936,3,0.016736834173441042,correct,,,
action_shuffle,world_error,memoryless,intersection,1.0,0.035194304112034495,0.036713723506721266,3,0.021196678149559015,noop,,,
action_shuffle,world_error,memoryless,intersection,2.0,0.0356693464564159,0.03679525747428519,3,0.021243751807680147,noop,,,
action_shuffle,world_error,memoryless,intersection,5.0,0.037477853785579364,0.038053065141243785,3,0.021969947402787463,noop,,,
action_shuffle,world_error,memoryless,intersection,10.0,0.04968688357621424,0.04135703030030634,3,0.023877492576765375,noop,,,
action_shuffle,world_error,memoryless,intersection,20.0,0.09814350431164102,0.051342787378515505,3,0.02964277211393165,noop,,,
action_shuffle,world_error,memoryless,intersection,40.0,0.33490118384361267,0.04668056935101246,3,0.026951039280732038,noop,,,
action_shuffle,world_error,memoryless,intersection,1.0,0.03518628743283137,0.036668082989561965,3,0.02117032758469114,opposite,,,
action_shuffle,world_error,memoryless,intersection,2.0,0.035861743420052,0.03658593742234477,3,0.021122900819345557,opposite,,,
action_shuffle,world_error,memoryless,intersection,5.0,0.03874082257971163,0.03669196556886787,3,0.021184116198282345,opposite,,,
action_shuffle,world_error,memoryless,intersection,10.0,0.0466077178716659,0.039260782233261425,3,0.022667223190968762,opposite,,,
action_shuffle,world_error,memoryless,intersection,20.0,0.07572014878193532,0.05192027904967473,3,0.029976187085730195,opposite,,,
action_shuffle,world_error,memoryless,intersection,40.0,0.22807795306046796,0.08224100632136726,3,0.0474818671380671,opposite,,,
action_shuffle,world_error,memoryless,intersection,1.0,0.0351951429523372,0.03672295509063576,3,0.021202008007017093,shuffled,,,
action_shuffle,world_error,memoryless,intersection,2.0,0.035619258764199864,0.03680904175586292,3,0.021251710166359634,shuffled,,,
action_shuffle,world_error,memoryless,intersection,5.0,0.03727104421705007,0.037733325593560026,3,0.021785345688861677,shuffled,,,
action_shuffle,world_error,memoryless,intersection,10.0,0.046454097765187365,0.03764954379847128,3,0.021736974246914002,shuffled,,,
action_shuffle,world_error,memoryless,intersection,20.0,0.08403453851739563,0.03802610923650204,3,0.02195438440392857,shuffled,,,
action_shuffle,world_error,memoryless,intersection,40.0,0.2811270306507746,0.049565348111334194,3,0.028616567074556308,shuffled,,,
action_shuffle,world_error,memoryless,merge,1.0,0.027999639782744137,0.02760117372288252,3,0.015935545078855848,correct,,,
action_shuffle,world_error,memoryless,merge,2.0,0.02766683317410447,0.024381051171754386,3,0.014076406457138436,correct,,,
action_shuffle,world_error,memoryless,merge,5.0,0.027454713359475066,0.019372804607989864,3,0.01118489395538097,correct,,,
action_shuffle,world_error,memoryless,merge,10.0,0.038096983917057466,0.020454497586166832,3,0.011809409687511973,correct,,,
action_shuffle,world_error,memoryless,merge,20.0,0.05665566027164457,0.02380578709010146,3,0.013744277584740996,correct,,,
action_shuffle,world_error,memoryless,merge,40.0,0.10623127718766523,0.028217259156653175,3,0.016291242169887143,correct,,,
action_shuffle,world_error,memoryless,merge,1.0,0.027976605090467833,0.02759214341837537,3,0.01593033143011778,noop,,,
action_shuffle,world_error,memoryless,merge,2.0,0.02756012619162593,0.024306614715612393,3,0.014033430549147335,noop,,,
action_shuffle,world_error,memoryless,merge,5.0,0.027308973328520798,0.01914502774492482,3,0.011053386922175201,noop,,,
action_shuffle,world_error,memoryless,merge,10.0,0.03979064337909217,0.021062967677742454,3,0.012160710058676994,noop,,,
action_shuffle,world_error,memoryless,merge,20.0,0.06262462399899953,0.028491283076142265,3,0.016449449953568566,noop,,,
action_shuffle,world_error,memoryless,merge,40.0,0.14111448079347608,0.05583887697192865,3,0.032238590650989406,noop,,,
action_shuffle,world_error,memoryless,merge,1.0,0.027880213650253866,0.027519870265438603,3,0.015888604505814558,opposite,,,
action_shuffle,world_error,memoryless,merge,2.0,0.027334996615536466,0.023845885280075356,3,0.013767428285516442,opposite,,,
action_shuffle,world_error,memoryless,merge,5.0,0.027424105132619503,0.016792661634701247,3,0.009695247715205066,opposite,,,
action_shuffle,world_error,memoryless,merge,10.0,0.039025587961077635,0.01887341070859609,3,0.01089656875313432,opposite,,,
action_shuffle,world_error,memoryless,merge,20.0,0.05494246197243527,0.025577976325341534,3,0.01476745151676181,opposite,,,
action_shuffle,world_error,memoryless,merge,40.0,0.09510949999094005,0.04398242541060712,3,0.02539326515042666,opposite,,,
action_shuffle,world_error,memoryless,merge,1.0,0.0279544203464562,0.027547013756437484,3,0.015904275807649505,shuffled,,,
action_shuffle,world_error,memoryless,merge,2.0,0.02746825901946667,0.02418134466129987,3,0.013961105849568601,shuffled,,,
action_shuffle,world_error,memoryless,merge,5.0,0.0270545634751518,0.018425907676555175,3,0.010638202757122323,shuffled,,,
action_shuffle,world_error,memoryless,merge,10.0,0.03845259795586264,0.019645223533268585,3,0.011342175095222989,shuffled,,,
action_shuffle,world_error,memoryless,merge,20.0,0.05798073361317313,0.026073259333077307,3,0.015053403294603106,shuffled,,,
action_shuffle,world_error,memoryless,merge,40.0,0.11134863893191016,0.032708615854068694,3,0.018884328168166622,shuffled,,,
action_shuffle,world_error,no_actions,intersection,1.0,0.00037083358620289996,8.913897393200694e-05,3,5.1464410594931245e-05,correct,,,
action_shuffle,world_error,no_actions,intersection,2.0,0.0011125479747230334,0.0001625283016147732,3,9.3835758688222e-05,correct,,,
action_shuffle,world_error,no_actions,intersection,5.0,0.0036964186777670334,0.0005038466656274647,3,0.0002908960080303121,correct,,,
action_shuffle,world_error,no_actions,intersection,10.0,0.011484026598433601,0.004439480535050412,3,0.002563135281973459,correct,,,
action_shuffle,world_error,no_actions,intersection,20.0,0.022028653572002968,0.0040620450050884585,3,0.0023452227771481966,correct,,,
action_shuffle,world_error,no_actions,intersection,40.0,0.11650425940752022,0.021224355605031917,3,0.01225388742194152,correct,,,
action_shuffle,world_error,no_actions,intersection,1.0,0.00037083358620289996,8.913897393200694e-05,3,5.1464410594931245e-05,noop,,,
action_shuffle,world_error,no_actions,intersection,2.0,0.0011125479747230334,0.0001625283016147732,3,9.3835758688222e-05,noop,,,
action_shuffle,world_error,no_actions,intersection,5.0,0.0036964186777670334,0.0005038466656274647,3,0.0002908960080303121,noop,,,
action_shuffle,world_error,no_actions,intersection,10.0,0.011484026598433601,0.004439480535050412,3,0.002563135281973459,noop,,,
action_shuffle,world_error,no_actions,intersection,20.0,0.022028653572002968,0.0040620450050884585,3,0.0023452227771481966,noop,,,
action_shuffle,world_error,no_actions,intersection,40.0,0.11650425940752022,0.021224355605031917,3,0.01225388742194152,noop,,,
action_shuffle,world_error,no_actions,intersection,1.0,0.00037083358620289996,8.913897393200694e-05,3,5.1464410594931245e-05,opposite,,,
action_shuffle,world_error,no_actions,intersection,2.0,0.0011125479747230334,0.0001625283016147732,3,9.3835758688222e-05,opposite,,,
action_shuffle,world_error,no_actions,intersection,5.0,0.0036964186777670334,0.0005038466656274647,3,0.0002908960080303121,opposite,,,
action_shuffle,world_error,no_actions,intersection,10.0,0.011484026598433601,0.004439480535050412,3,0.002563135281973459,opposite,,,
action_shuffle,world_error,no_actions,intersection,20.0,0.022028653572002968,0.0040620450050884585,3,0.0023452227771481966,opposite,,,
action_shuffle,world_error,no_actions,intersection,40.0,0.11650425940752022,0.021224355605031917,3,0.01225388742194152,opposite,,,
action_shuffle,world_error,no_actions,intersection,1.0,0.00037083358620289996,8.913897393200694e-05,3,5.1464410594931245e-05,shuffled,,,
action_shuffle,world_error,no_actions,intersection,2.0,0.0011125479747230334,0.0001625283016147732,3,9.3835758688222e-05,shuffled,,,
action_shuffle,world_error,no_actions,intersection,5.0,0.0036964186777670334,0.0005038466656274647,3,0.0002908960080303121,shuffled,,,
action_shuffle,world_error,no_actions,intersection,10.0,0.011484026598433601,0.004439480535050412,3,0.002563135281973459,shuffled,,,
action_shuffle,world_error,no_actions,intersection,20.0,0.022028653572002968,0.0040620450050884585,3,0.0023452227771481966,shuffled,,,
action_shuffle,world_error,no_actions,intersection,40.0,0.11650425940752022,0.021224355605031917,3,0.01225388742194152,shuffled,,,
action_shuffle,world_error,no_actions,merge,1.0,0.0004005669810188,7.289940733165202e-05,3,4.208849244669347e-05,correct,,,
action_shuffle,world_error,no_actions,merge,2.0,0.0031563188337410003,0.0034130558967805993,3,0.001970528740765519,correct,,,
action_shuffle,world_error,no_actions,merge,5.0,0.0072949851552644674,0.0030703634944760634,3,0.0017726751900457554,correct,,,
action_shuffle,world_error,no_actions,merge,10.0,0.019921578466892166,0.010216359899732382,3,0.005898418138248589,correct,,,
action_shuffle,world_error,no_actions,merge,20.0,0.03330520726740357,0.012637924635726185,3,0.007296509190434716,correct,,,
action_shuffle,world_error,no_actions,merge,40.0,0.08783471832672747,0.022111963009415307,3,0.012766347795796976,correct,,,
action_shuffle,world_error,no_actions,merge,1.0,0.0004005669810188,7.289940733165202e-05,3,4.208849244669347e-05,noop,,,
action_shuffle,world_error,no_actions,merge,2.0,0.0031563188337410003,0.0034130558967805993,3,0.001970528740765519,noop,,,
action_shuffle,world_error,no_actions,merge,5.0,0.0072949851552644674,0.0030703634944760634,3,0.0017726751900457554,noop,,,
action_shuffle,world_error,no_actions,merge,10.0,0.019921578466892166,0.010216359899732382,3,0.005898418138248589,noop,,,
action_shuffle,world_error,no_actions,merge,20.0,0.03330520726740357,0.012637924635726185,3,0.007296509190434716,noop,,,
action_shuffle,world_error,no_actions,merge,40.0,0.08783471832672747,0.022111963009415307,3,0.012766347795796976,noop,,,
action_shuffle,world_error,no_actions,merge,1.0,0.0004005669810188,7.289940733165202e-05,3,4.208849244669347e-05,opposite,,,
action_shuffle,world_error,no_actions,merge,2.0,0.0031563188337410003,0.0034130558967805993,3,0.001970528740765519,opposite,,,
action_shuffle,world_error,no_actions,merge,5.0,0.0072949851552644674,0.0030703634944760634,3,0.0017726751900457554,opposite,,,
action_shuffle,world_error,no_actions,merge,10.0,0.019921578466892166,0.010216359899732382,3,0.005898418138248589,opposite,,,
action_shuffle,world_error,no_actions,merge,20.0,0.03330520726740357,0.012637924635726185,3,0.007296509190434716,opposite,,,
action_shuffle,world_error,no_actions,merge,40.0,0.08783471832672747,0.022111963009415307,3,0.012766347795796976,opposite,,,
action_shuffle,world_error,no_actions,merge,1.0,0.0004005669810188,7.289940733165202e-05,3,4.208849244669347e-05,shuffled,,,
action_shuffle,world_error,no_actions,merge,2.0,0.0031563188337410003,0.0034130558967805993,3,0.001970528740765519,shuffled,,,
action_shuffle,world_error,no_actions,merge,5.0,0.0072949851552644674,0.0030703634944760634,3,0.0017726751900457554,shuffled,,,
action_shuffle,world_error,no_actions,merge,10.0,0.019921578466892166,0.010216359899732382,3,0.005898418138248589,shuffled,,,
action_shuffle,world_error,no_actions,merge,20.0,0.03330520726740357,0.012637924635726185,3,0.007296509190434716,shuffled,,,
action_shuffle,world_error,no_actions,merge,40.0,0.08783471832672747,0.022111963009415307,3,0.012766347795796976,shuffled,,,
action_shuffle,world_error,orchestra,intersection,1.0,0.0005848434617897333,0.00020261083744096826,3,0.00011697742153727854,correct,,,
action_shuffle,world_error,orchestra,intersection,2.0,0.0015890216842914331,0.0004268336549551507,3,0.00024643252558754814,correct,,,
action_shuffle,world_error,orchestra,intersection,5.0,0.0067751465054849335,0.0020386186119240963,3,0.0011769970043693583,correct,,,
action_shuffle,world_error,orchestra,intersection,10.0,0.009326967100302333,0.004874329616471169,3,0.002814195516188595,correct,,,
action_shuffle,world_error,orchestra,intersection,20.0,0.0202558714275558,0.004183611880286393,3,0.0024154094452682653,correct,,,
action_shuffle,world_error,orchestra,intersection,40.0,0.0714658324917157,0.011522835218998826,3,0.006652712015516673,correct,,,
action_shuffle,world_error,orchestra,intersection,1.0,0.0005607685598078333,0.00020339011444462366,3,0.00011742733732511227,noop,,,
action_shuffle,world_error,orchestra,intersection,2.0,0.0016706349172939334,0.00031483718176940513,3,0.0001817713316454692,noop,,,
action_shuffle,world_error,orchestra,intersection,5.0,0.008449705472836867,0.0020171721625082736,3,0.0011646148910259713,noop,,,
action_shuffle,world_error,orchestra,intersection,10.0,0.011642496101558167,0.007142778696281892,3,0.004123885203060275,noop,,,
action_shuffle,world_error,orchestra,intersection,20.0,0.02210238886376217,0.009483010804442226,3,0.005475018840672849,noop,,,
action_shuffle,world_error,orchestra,intersection,40.0,0.06345892076690986,0.002204639999552123,3,0.0012728494972076346,noop,,,
action_shuffle,world_error,orchestra,intersection,1.0,0.0007500257925129667,0.00018871801968822316,3,0.00010895639946792874,opposite,,,
action_shuffle,world_error,orchestra,intersection,2.0,0.0024779103696345667,0.00012201191266094199,3,7.044361061913597e-05,opposite,,,
action_shuffle,world_error,orchestra,intersection,5.0,0.012942042822639067,0.0027775634966437797,3,0.0016036270324785646,opposite,,,
action_shuffle,world_error,orchestra,intersection,10.0,0.015157017701615835,0.008779811441170335,3,0.00506902649899385,opposite,,,
action_shuffle,world_error,orchestra,intersection,20.0,0.025944542760650266,0.0100146012917351,3,0.005781932751610034,opposite,,,
action_shuffle,world_error,orchestra,intersection,40.0,0.07495620350042974,0.0036981819057928128,3,0.002135146318821684,opposite,,,
action_shuffle,world_error,orchestra,intersection,1.0,0.0005710398351462667,0.00031485898247276607,3,0.00018178391828742316,shuffled,,,
action_shuffle,world_error,orchestra,intersection,2.0,0.0016335376227894667,0.00047000145216752093,3,0.00027135546492843324,shuffled,,,
action_shuffle,world_error,orchestra,intersection,5.0,0.008588604318598867,0.0017924154090807776,3,0.0010348515189324203,shuffled,,,
action_shuffle,world_error,orchestra,intersection,10.0,0.012456635013222667,0.007045747668679582,3,0.004067864313154335,shuffled,,,
action_shuffle,world_error,orchestra,intersection,20.0,0.0225914319356282,0.006915301186268015,3,0.003992551001419177,shuffled,,,
action_shuffle,world_error,orchestra,intersection,40.0,0.07138076797127717,0.013055840265864328,3,0.007537792891993526,shuffled,,,
action_shuffle,world_error,orchestra,merge,1.0,0.0004692888566447667,0.00011528103579423121,3,6.655753704825827e-05,correct,,,
action_shuffle,world_error,orchestra,merge,2.0,0.0032196167157962333,0.0033211882652722452,3,0.001917488938984357,correct,,,
action_shuffle,world_error,orchestra,merge,5.0,0.006676895078271568,0.0036182731636993748,3,0.002089010985063433,correct,,,
action_shuffle,world_error,orchestra,merge,10.0,0.0193639642869432,0.011177368124867653,3,0.006453256495723882,correct,,,
action_shuffle,world_error,orchestra,merge,20.0,0.028998191778858432,0.008889183898276672,3,0.005132172716546124,correct,,,
action_shuffle,world_error,orchestra,merge,40.0,0.053462995837132064,0.005770564067524967,3,0.003331636717761522,correct,,,
action_shuffle,world_error,orchestra,merge,1.0,0.0003683218674267667,5.520412677033912e-05,3,3.187211745123352e-05,noop,,,
action_shuffle,world_error,orchestra,merge,2.0,0.0030015206818158,0.0035398974090844817,3,0.0020437607220385842,noop,,,
action_shuffle,world_error,orchestra,merge,5.0,0.007561934646218933,0.004387465588433953,3,0.0025331044385425625,noop,,,
action_shuffle,world_error,orchestra,merge,10.0,0.021150851932664697,0.012883813666653973,3,0.007438473288631651,noop,,,
action_shuffle,world_error,orchestra,merge,20.0,0.02958941025038557,0.008992807572606095,3,0.005191999872814634,noop,,,
action_shuffle,world_error,orchestra,merge,40.0,0.0585014733175436,0.0068980471742113416,3,0.0039825893929136555,noop,,,
action_shuffle,world_error,orchestra,merge,1.0,0.00035328800246736664,6.047819528019141e-05,3,3.491710232512127e-05,opposite,,,
action_shuffle,world_error,orchestra,merge,2.0,0.003172431742617167,0.0036366755020720083,3,0.0020996355800765917,opposite,,,
action_shuffle,world_error,orchestra,merge,5.0,0.009683427245666567,0.0053878703417974926,3,0.0031106883921955836,opposite,,,
action_shuffle,world_error,orchestra,merge,10.0,0.024854387467106134,0.015919352781448754,3,0.009191042613694056,opposite,,,
action_shuffle,world_error,orchestra,merge,20.0,0.03136453467110786,0.009507413971838748,3,0.00548910801593831,opposite,,,
action_shuffle,world_error,orchestra,merge,40.0,0.06201109041770294,0.010851875555203866,3,0.006265333273009272,opposite,,,
action_shuffle,world_error,orchestra,merge,1.0,0.00030574791405033335,4.471324230165859e-05,3,2.5815202479203552e-05,shuffled,,,
action_shuffle,world_error,orchestra,merge,2.0,0.0028783854213542664,0.0035310588351471868,3,0.0020386577689966347,shuffled,,,
action_shuffle,world_error,orchestra,merge,5.0,0.007362525910139001,0.003941306942827768,3,0.0022755146244005527,shuffled,,,
action_shuffle,world_error,orchestra,merge,10.0,0.022146887145936434,0.013536359849347885,3,0.007815221002868643,shuffled,,,
action_shuffle,world_error,orchestra,merge,20.0,0.0300664690633614,0.008886911153959742,3,0.005130860547002945,shuffled,,,
action_shuffle,world_error,orchestra,merge,40.0,0.05659078061580653,0.005251309495429871,3,0.003031844950784474,shuffled,,,
action_shuffle,world_error,persistence,intersection,1.0,0.03777129152634487,0.037533804491127504,3,0.02167015212666325,correct,,,
action_shuffle,world_error,persistence,intersection,2.0,0.038815576932392966,0.03757370831752134,3,0.02169319061157343,correct,,,
action_shuffle,world_error,persistence,intersection,5.0,0.043044102533409956,0.036859965886429306,3,0.021281111226850384,correct,,,
action_shuffle,world_error,persistence,intersection,10.0,0.049281097327669394,0.03180686136375213,3,0.0183636999704394,correct,,,
action_shuffle,world_error,persistence,intersection,20.0,0.06208895146846769,0.02354468988140198,3,0.013593533041013692,correct,,,
action_shuffle,world_error,persistence,intersection,40.0,0.0857116021215915,0.03261938588533706,3,0.018832811221699632,correct,,,
action_shuffle,world_error,persistence,intersection,1.0,0.03777129152634487,0.037533804491127504,3,0.02167015212666325,noop,,,
action_shuffle,world_error,persistence,intersection,2.0,0.038815576932392966,0.03757370831752134,3,0.02169319061157343,noop,,,
action_shuffle,world_error,persistence,intersection,5.0,0.043044102533409956,0.036859965886429306,3,0.021281111226850384,noop,,,
action_shuffle,world_error,persistence,intersection,10.0,0.049281097327669394,0.03180686136375213,3,0.0183636999704394,noop,,,
action_shuffle,world_error,persistence,intersection,20.0,0.06208895146846769,0.02354468988140198,3,0.013593533041013692,noop,,,
action_shuffle,world_error,persistence,intersection,40.0,0.0857116021215915,0.03261938588533706,3,0.018832811221699632,noop,,,
action_shuffle,world_error,persistence,intersection,1.0,0.03777129152634487,0.037533804491127504,3,0.02167015212666325,opposite,,,
action_shuffle,world_error,persistence,intersection,2.0,0.038815576932392966,0.03757370831752134,3,0.02169319061157343,opposite,,,
action_shuffle,world_error,persistence,intersection,5.0,0.043044102533409956,0.036859965886429306,3,0.021281111226850384,opposite,,,
action_shuffle,world_error,persistence,intersection,10.0,0.049281097327669394,0.03180686136375213,3,0.0183636999704394,opposite,,,
action_shuffle,world_error,persistence,intersection,20.0,0.06208895146846769,0.02354468988140198,3,0.013593533041013692,opposite,,,
action_shuffle,world_error,persistence,intersection,40.0,0.0857116021215915,0.03261938588533706,3,0.018832811221699632,opposite,,,
action_shuffle,world_error,persistence,intersection,1.0,0.03777129152634487,0.037533804491127504,3,0.02167015212666325,shuffled,,,
action_shuffle,world_error,persistence,intersection,2.0,0.038815576932392966,0.03757370831752134,3,0.02169319061157343,shuffled,,,
action_shuffle,world_error,persistence,intersection,5.0,0.043044102533409956,0.036859965886429306,3,0.021281111226850384,shuffled,,,
action_shuffle,world_error,persistence,intersection,10.0,0.049281097327669394,0.03180686136375213,3,0.0183636999704394,shuffled,,,
action_shuffle,world_error,persistence,intersection,20.0,0.06208895146846769,0.02354468988140198,3,0.013593533041013692,shuffled,,,
action_shuffle,world_error,persistence,intersection,40.0,0.0857116021215915,0.03261938588533706,3,0.018832811221699632,shuffled,,,
action_shuffle,world_error,persistence,merge,1.0,0.03817832728964273,0.03800338376481129,3,0.021941263846730456,correct,,,
action_shuffle,world_error,persistence,merge,2.0,0.041000369703397134,0.037946895653634655,3,0.02190865042053661,correct,,,
action_shuffle,world_error,persistence,merge,5.0,0.04508191486820573,0.03539951384381718,3,0.020437918846909736,correct,,,
action_shuffle,world_error,persistence,merge,10.0,0.05603554720679917,0.03349719747717132,3,0.01933961598054292,correct,,,
action_shuffle,world_error,persistence,merge,20.0,0.0663211507101853,0.03250309387459998,3,0.018765669997995976,correct,,,
action_shuffle,world_error,persistence,merge,40.0,0.0965824052691459,0.021780251302598197,3,0.012574833952572768,correct,,,
action_shuffle,world_error,persistence,merge,1.0,0.03817832728964273,0.03800338376481129,3,0.021941263846730456,noop,,,
action_shuffle,world_error,persistence,merge,2.0,0.041000369703397134,0.037946895653634655,3,0.02190865042053661,noop,,,
action_shuffle,world_error,persistence,merge,5.0,0.04508191486820573,0.03539951384381718,3,0.020437918846909736,noop,,,
action_shuffle,world_error,persistence,merge,10.0,0.05603554720679917,0.03349719747717132,3,0.01933961598054292,noop,,,
action_shuffle,world_error,persistence,merge,20.0,0.0663211507101853,0.03250309387459998,3,0.018765669997995976,noop,,,
action_shuffle,world_error,persistence,merge,40.0,0.0965824052691459,0.021780251302598197,3,0.012574833952572768,noop,,,
action_shuffle,world_error,persistence,merge,1.0,0.03817832728964273,0.03800338376481129,3,0.021941263846730456,opposite,,,
action_shuffle,world_error,persistence,merge,2.0,0.041000369703397134,0.037946895653634655,3,0.02190865042053661,opposite,,,
action_shuffle,world_error,persistence,merge,5.0,0.04508191486820573,0.03539951384381718,3,0.020437918846909736,opposite,,,
action_shuffle,world_error,persistence,merge,10.0,0.05603554720679917,0.03349719747717132,3,0.01933961598054292,opposite,,,
action_shuffle,world_error,persistence,merge,20.0,0.0663211507101853,0.03250309387459998,3,0.018765669997995976,opposite,,,
action_shuffle,world_error,persistence,merge,40.0,0.0965824052691459,0.021780251302598197,3,0.012574833952572768,opposite,,,
action_shuffle,world_error,persistence,merge,1.0,0.03817832728964273,0.03800338376481129,3,0.021941263846730456,shuffled,,,
action_shuffle,world_error,persistence,merge,2.0,0.041000369703397134,0.037946895653634655,3,0.02190865042053661,shuffled,,,
action_shuffle,world_error,persistence,merge,5.0,0.04508191486820573,0.03539951384381718,3,0.020437918846909736,shuffled,,,
action_shuffle,world_error,persistence,merge,10.0,0.05603554720679917,0.03349719747717132,3,0.01933961598054292,shuffled,,,
action_shuffle,world_error,persistence,merge,20.0,0.0663211507101853,0.03250309387459998,3,0.018765669997995976,shuffled,,,
action_shuffle,world_error,persistence,merge,40.0,0.0965824052691459,0.021780251302598197,3,0.012574833952572768,shuffled,,,
action_shuffle,world_error,privileged,intersection,1.0,0.0005643260956276,0.00026164676477960535,3,0.00015106183007809984,correct,,,
action_shuffle,world_error,privileged,intersection,2.0,0.0018477656024818,0.0007849719795533538,3,0.00045320378370144223,correct,,,
action_shuffle,world_error,privileged,intersection,5.0,0.0053374480145672335,0.001966045814584755,3,0.0011350970802896454,correct,,,
action_shuffle,world_error,privileged,intersection,10.0,0.009905621254195734,0.0019290200751145997,3,0.0011137202596396064,correct,,,
action_shuffle,world_error,privileged,intersection,20.0,0.022068263031542232,0.008334319133061298,3,0.004811821394985189,correct,,,
action_shuffle,world_error,privileged,intersection,40.0,0.08288293083508806,0.06215441642324375,3,0.03588486905328388,correct,,,
action_shuffle,world_error,privileged,intersection,1.0,0.0004334926731341,0.0002613963532543075,3,0.00015091725491656093,noop,,,
action_shuffle,world_error,privileged,intersection,2.0,0.0015216988783019,0.0007834240524121633,3,0.00045231008754979,noop,,,
action_shuffle,world_error,privileged,intersection,5.0,0.005425459239631867,0.0026429702315166515,3,0.0015259195746263063,noop,,,
action_shuffle,world_error,privileged,intersection,10.0,0.017885404018064297,0.003068690857960551,3,0.001771709492903268,noop,,,
action_shuffle,world_error,privileged,intersection,20.0,0.051289528608322095,0.008319923065879866,3,0.004803509821722717,noop,,,
action_shuffle,world_error,privileged,intersection,40.0,0.24908340473969773,0.02209110696411077,3,0.01275430655242617,noop,,,
action_shuffle,world_error,privileged,intersection,1.0,0.0004868561712403667,0.0002897610463442582,3,0.00016729361810752512,opposite,,,
action_shuffle,world_error,privileged,intersection,2.0,0.0020472147152758666,0.0009428303050622822,3,0.0005443433304278457,opposite,,,
action_shuffle,world_error,privileged,intersection,5.0,0.009692026612659234,0.0032953764222790126,3,0.001902586464483934,opposite,,,
action_shuffle,world_error,privileged,intersection,10.0,0.019343225906292564,0.005767958382739848,3,0.00333013232494941,opposite,,,
action_shuffle,world_error,privileged,intersection,20.0,0.0392447455475727,0.01140425247307551,3,0.006584248235236601,opposite,,,
action_shuffle,world_error,privileged,intersection,40.0,0.11316835383574168,0.04040023894796047,3,0.023325088831930182,opposite,,,
action_shuffle,world_error,privileged,intersection,1.0,0.0005024548105817334,0.00037543110115165597,3,0.0002167552473120662,shuffled,,,
action_shuffle,world_error,privileged,intersection,2.0,0.0015061089846615334,0.0006479568256113228,3,0.00037409804768995264,shuffled,,,
action_shuffle,world_error,privileged,intersection,5.0,0.005012536654248767,0.0020325439076949647,3,0.0011734897722474218,shuffled,,,
action_shuffle,world_error,privileged,intersection,10.0,0.013362192859252234,0.005207438357153314,3,0.0030065159372908486,shuffled,,,
action_shuffle,world_error,privileged,intersection,20.0,0.03273613813022767,0.013977405360988881,3,0.00806985874773945,shuffled,,,
action_shuffle,world_error,privileged,intersection,40.0,0.1372579211990038,0.07033906118615804,3,0.0406102759103739,shuffled,,,
action_shuffle,world_error,privileged,merge,1.0,0.0005972524231765,0.00027857758684528934,3,0.00016083684475532415,correct,,,
action_shuffle,world_error,privileged,merge,2.0,0.003994621840926434,0.0029746000418179887,3,0.0017173861348750879,correct,,,
action_shuffle,world_error,privileged,merge,5.0,0.008482960363229068,0.0017030785227678063,3,0.0009832728435710631,correct,,,
action_shuffle,world_error,privileged,merge,10.0,0.02110899363954857,0.0070483364988508145,3,0.004069358974950582,correct,,,
action_shuffle,world_error,privileged,merge,20.0,0.0385232872019211,0.01461123670973943,3,0.008435801447561403,correct,,,
action_shuffle,world_error,privileged,merge,40.0,0.1057975217700004,0.05884501862088633,3,0.033974187341237264,correct,,,
action_shuffle,world_error,privileged,merge,1.0,0.0003673378426658667,0.0002347254116596976,3,0.00013551877960737215,noop,,,
action_shuffle,world_error,privileged,merge,2.0,0.0033523498762709,0.0032898862766019676,3,0.0018994167273994017,noop,,,
action_shuffle,world_error,privileged,merge,5.0,0.0079151308164,0.0023611773545229647,3,0.0013632263812382822,noop,,,
action_shuffle,world_error,privileged,merge,10.0,0.026273407042026464,0.006966046787573876,3,0.004021848987993305,noop,,,
action_shuffle,world_error,privileged,merge,20.0,0.06276412680745123,0.010848551240058608,3,0.0062634139787652865,noop,,,
action_shuffle,world_error,privileged,merge,40.0,0.24551173547903693,0.01782741749656478,3,0.010292664290597522,noop,,,
action_shuffle,world_error,privileged,merge,1.0,0.0002732434465239,0.00011573668096992158,3,6.682060391309806e-05,opposite,,,
action_shuffle,world_error,privileged,merge,2.0,0.0031623601098544336,0.003249953297630338,3,0.0018763614112405878,opposite,,,
action_shuffle,world_error,privileged,merge,5.0,0.0090415008986989,0.003295512817665233,3,0.0019026652123968844,opposite,,,
action_shuffle,world_error,privileged,merge,10.0,0.026657168443004236,0.013610575008826719,3,0.0078580691451717,opposite,,,
action_shuffle,world_error,privileged,merge,20.0,0.04443313616017497,0.013385889662077974,3,0.007728346999743348,opposite,,,
action_shuffle,world_error,privileged,merge,40.0,0.0927837267518043,0.01805751005758201,3,0.010425508292639349,opposite,,,
action_shuffle,world_error,privileged,merge,1.0,0.00030240456302023334,0.00011762157990476514,3,6.790885082052523e-05,shuffled,,,
action_shuffle,world_error,privileged,merge,2.0,0.0031703409234371664,0.0035165642885175885,3,0.0020302893385982547,shuffled,,,
action_shuffle,world_error,privileged,merge,5.0,0.007290759434302601,0.0021243982292972483,3,0.0012265218895507308,shuffled,,,
action_shuffle,world_error,privileged,merge,10.0,0.022318957994381532,0.01101888784784906,3,0.006361757865125951,shuffled,,,
action_shuffle,world_error,privileged,merge,20.0,0.04559638661642867,0.0216267210323579,3,0.012486193209720775,shuffled,,,
action_shuffle,world_error,privileged,merge,40.0,0.12514999881386749,0.07031049427612113,3,0.040593782797174176,shuffled,,,
rank,pearson,constant_velocity,intersection,,,,0,,,,,
rank,pearson,constant_velocity,merge,,,,0,,,,,
rank,pearson,independent,intersection,,0.5224367731891003,0.3597246488980702,3,0.20768712287544447,,,,
rank,pearson,independent,merge,,0.5376399047593299,0.5010019909691114,3,0.2892536343505549,,,,
rank,pearson,memoryless,intersection,,0.5626527564975835,0.4635569212453049,3,0.26763471326569094,,,,
rank,pearson,memoryless,merge,,0.5873683329059003,0.4864693760884221,3,0.28086322523715984,,,,
rank,pearson,no_actions,intersection,,,,0,,,,,
rank,pearson,no_actions,merge,,,,0,,,,,
rank,pearson,oracle,intersection,,1.0,1.1102230246251565e-16,3,6.409875621278547e-17,,,,
rank,pearson,oracle,merge,,1.0,1.3597399555105182e-16,3,7.850462293418875e-17,,,,
rank,pearson,orchestra,intersection,,0.5370174414463288,0.36006333462306694,3,0.207882663169942,,,,
rank,pearson,orchestra,merge,,0.5326955726782251,0.5229293183010597,3,0.30191338268826434,,,,
rank,pearson,persistence,intersection,,,,0,,,,,
rank,pearson,persistence,merge,,,,0,,,,,
rank,pearson,privileged,intersection,,0.5415128287990627,0.3914927469789018,3,0.22602844285405502,,,,
rank,pearson,privileged,merge,,0.5511625745066723,0.47771103020519295,3,0.2758065918838216,,,,
rank,spearman,constant_velocity,intersection,,,,0,,,,,
rank,spearman,constant_velocity,merge,,,,0,,,,,
rank,spearman,independent,intersection,,0.5754901960784313,0.3601870589240795,3,0.2079540954284369,,,,
rank,spearman,independent,merge,,0.612188073690518,0.37158791577224504,3,0.21453638319871768,,,,
rank,spearman,memoryless,intersection,,0.5931372549019608,0.42864893296005896,3,0.2474805768323359,,,,
rank,spearman,memoryless,merge,,0.6185497856501899,0.4085413882017467,3,0.23587148045338185,,,,
rank,spearman,no_actions,intersection,,,,0,,,,,
rank,spearman,no_actions,merge,,,,0,,,,,
rank,spearman,oracle,intersection,,1.0,0.0,3,0.0,,,,
rank,spearman,oracle,merge,,1.0,0.0,3,0.0,,,,
rank,spearman,orchestra,intersection,,0.5823529411764706,0.3815375921925065,3,0.2202808315583053,,,,
rank,spearman,orchestra,merge,,0.6097363708276987,0.4086482096791872,3,0.23593315386213737,,,,
rank,spearman,persistence,intersection,,,,0,,,,,
rank,spearman,persistence,merge,,,,0,,,,,
rank,spearman,privileged,intersection,,0.5754901960784314,0.35829678470297366,3,0.20686274509803923,,,,
rank,spearman,privileged,merge,,0.5964916845914406,0.34204401721567185,3,0.19747920541416913,,,,
rank,selected_true_rank,constant_velocity,intersection,,7.0,5.291502622129181,3,3.0550504633038935,,,,
rank,selected_true_rank,constant_velocity,merge,,7.333333333333333,6.6583281184793925,3,3.844187531556932,,,,
rank,selected_true_rank,independent,intersection,,6.333333333333333,5.033222956847167,3,2.905932629027116,,,,
rank,selected_true_rank,independent,merge,,6.0,8.660254037844387,3,5.000000000000001,,,,
rank,selected_true_rank,memoryless,intersection,,6.333333333333333,5.033222956847167,3,2.905932629027116,,,,
rank,selected_true_rank,memoryless,merge,,6.0,8.660254037844387,3,5.000000000000001,,,,
rank,selected_true_rank,no_actions,intersection,,7.0,5.291502622129181,3,3.0550504633038935,,,,
rank,selected_true_rank,no_actions,merge,,7.333333333333333,6.6583281184793925,3,3.844187531556932,,,,
rank,selected_true_rank,oracle,intersection,,1.0,0.0,3,0.0,,,,
rank,selected_true_rank,oracle,merge,,1.0,0.0,3,0.0,,,,
rank,selected_true_rank,orchestra,intersection,,6.333333333333333,5.033222956847167,3,2.905932629027116,,,,
rank,selected_true_rank,orchestra,merge,,6.0,8.660254037844387,3,5.000000000000001,,,,
rank,selected_true_rank,persistence,intersection,,7.0,5.291502622129181,3,3.0550504633038935,,,,
rank,selected_true_rank,persistence,merge,,7.333333333333333,6.6583281184793925,3,3.844187531556932,,,,
rank,selected_true_rank,privileged,intersection,,6.333333333333333,5.033222956847167,3,2.905932629027116,,,,
rank,selected_true_rank,privileged,merge,,6.0,8.660254037844387,3,5.000000000000001,,,,
rank,regret,constant_velocity,intersection,,0.7324803341925147,0.8124588596749712,3,0.46907334133884104,,,,
rank,regret,constant_velocity,merge,,1.1562825251619027,1.7700785016658138,3,1.021955299423527,,,,
rank,regret,independent,intersection,,0.5591433243453504,0.5015592528733684,3,0.28957536966098685,,,,
rank,regret,independent,merge,,1.263489972849687,2.1884288278294792,3,1.2634899728496871,,,,
rank,regret,memoryless,intersection,,0.5591433243453504,0.5015592528733684,3,0.28957536966098685,,,,
rank,regret,memoryless,merge,,1.263489972849687,2.1884288278294792,3,1.2634899728496871,,,,
rank,regret,no_actions,intersection,,0.7324803341925147,0.8124588596749712,3,0.46907334133884104,,,,
rank,regret,no_actions,merge,,1.1562825251619027,1.7700785016658138,3,1.021955299423527,,,,
rank,regret,oracle,intersection,,0.0,0.0,3,0.0,,,,
rank,regret,oracle,merge,,0.0,0.0,3,0.0,,,,
rank,regret,orchestra,intersection,,0.5591433243453504,0.5015592528733684,3,0.28957536966098685,,,,
rank,regret,orchestra,merge,,1.263489972849687,2.1884288278294792,3,1.2634899728496871,,,,
rank,regret,persistence,intersection,,0.7324803341925147,0.8124588596749712,3,0.46907334133884104,,,,
rank,regret,persistence,merge,,1.1562825251619027,1.7700785016658138,3,1.021955299423527,,,,
rank,regret,privileged,intersection,,0.5591433243453504,0.5015592528733684,3,0.28957536966098685,,,,
rank,regret,privileged,merge,,1.263489972849687,2.1884288278294792,3,1.2634899728496871,,,,
rank,rank_accuracy,constant_velocity,intersection,,0.0,0.0,3,0.0,,,,
rank,rank_accuracy,constant_velocity,merge,,0.005555555555555533,0.009622504486493726,3,0.005555555555555535,,,,
rank,rank_accuracy,independent,intersection,,0.736111111111111,0.15145895422461758,3,0.08744486799276217,,,,
rank,rank_accuracy,independent,merge,,0.7416666666666667,0.13768926368215254,3,0.07949493345141213,,,,
rank,rank_accuracy,memoryless,intersection,,0.75,0.18763883748662835,3,0.10833333333333332,,,,
rank,rank_accuracy,memoryless,merge,,0.7666666666666666,0.1596437005055668,3,0.09217033346131699,,,,
rank,rank_accuracy,no_actions,intersection,,0.0,0.0,3,0.0,,,,
rank,rank_accuracy,no_actions,merge,,0.005555555555555533,0.009622504486493726,3,0.005555555555555535,,,,
rank,rank_accuracy,oracle,intersection,,1.0,0.0,3,0.0,,,,
rank,rank_accuracy,oracle,merge,,1.0,0.0,3,0.0,,,,
rank,rank_accuracy,orchestra,intersection,,0.7388888888888889,0.1654819000956275,3,0.0955410195662213,,,,
rank,rank_accuracy,orchestra,merge,,0.75,0.15877132402714708,3,0.09166666666666667,,,,
rank,rank_accuracy,persistence,intersection,,0.0,0.0,3,0.0,,,,
rank,rank_accuracy,persistence,merge,,0.005555555555555533,0.009622504486493726,3,0.005555555555555535,,,,
rank,rank_accuracy,privileged,intersection,,0.7277777777777779,0.15418543429308795,3,0.0890190019942337,,,,
rank,rank_accuracy,privileged,merge,,0.75,0.13228756555322954,3,0.07637626158259735,,,,
rank,top_5_overlap,constant_velocity,intersection,,0.0,0.0,3,0.0,,,,
rank,top_5_overlap,constant_velocity,merge,,0.0,0.0,3,0.0,,,,
rank,top_5_overlap,independent,intersection,,0.3333333333333333,0.5773502691896258,3,0.33333333333333337,,,,
rank,top_5_overlap,independent,merge,,0.6666666666666666,0.5773502691896258,3,0.33333333333333337,,,,
rank,top_5_overlap,memoryless,intersection,,0.3333333333333333,0.5773502691896258,3,0.33333333333333337,,,,
rank,top_5_overlap,memoryless,merge,,0.6666666666666666,0.5773502691896258,3,0.33333333333333337,,,,
rank,top_5_overlap,no_actions,intersection,,0.0,0.0,3,0.0,,,,
rank,top_5_overlap,no_actions,merge,,0.0,0.0,3,0.0,,,,
rank,top_5_overlap,oracle,intersection,,1.0,0.0,3,0.0,,,,
rank,top_5_overlap,oracle,merge,,1.0,0.0,3,0.0,,,,
rank,top_5_overlap,orchestra,intersection,,0.3333333333333333,0.5773502691896258,3,0.33333333333333337,,,,
rank,top_5_overlap,orchestra,merge,,0.6666666666666666,0.5773502691896258,3,0.33333333333333337,,,,
rank,top_5_overlap,persistence,intersection,,0.0,0.0,3,0.0,,,,
rank,top_5_overlap,persistence,merge,,0.0,0.0,3,0.0,,,,
rank,top_5_overlap,privileged,intersection,,0.3333333333333333,0.5773502691896258,3,0.33333333333333337,,,,
rank,top_5_overlap,privileged,merge,,0.6666666666666666,0.5773502691896258,3,0.33333333333333337,,,,
rank,top_10_overlap,constant_velocity,intersection,,0.0,0.0,3,0.0,,,,
rank,top_10_overlap,constant_velocity,merge,,0.0,0.0,3,0.0,,,,
rank,top_10_overlap,independent,intersection,,0.6666666666666666,0.2886751345948129,3,0.16666666666666669,,,,
rank,top_10_overlap,independent,merge,,0.5,0.0,3,0.0,,,,
rank,top_10_overlap,memoryless,intersection,,0.3333333333333333,0.2886751345948129,3,0.16666666666666669,,,,
rank,top_10_overlap,memoryless,merge,,0.6666666666666666,0.28867513459481287,3,0.16666666666666666,,,,
rank,top_10_overlap,no_actions,intersection,,0.0,0.0,3,0.0,,,,
rank,top_10_overlap,no_actions,merge,,0.0,0.0,3,0.0,,,,
rank,top_10_overlap,oracle,intersection,,1.0,0.0,3,0.0,,,,
rank,top_10_overlap,oracle,merge,,1.0,0.0,3,0.0,,,,
rank,top_10_overlap,orchestra,intersection,,0.5,0.0,3,0.0,,,,
rank,top_10_overlap,orchestra,merge,,0.6666666666666666,0.28867513459481287,3,0.16666666666666666,,,,
rank,top_10_overlap,persistence,intersection,,0.0,0.0,3,0.0,,,,
rank,top_10_overlap,persistence,merge,,0.0,0.0,3,0.0,,,,
rank,top_10_overlap,privileged,intersection,,0.5,0.0,3,0.0,,,,
rank,top_10_overlap,privileged,merge,,0.6666666666666666,0.28867513459481287,3,0.16666666666666666,,,,
rank,outcome_pearson,constant_velocity,intersection,,,,0,,,,,
rank,outcome_pearson,constant_velocity,merge,,,,0,,,,,
rank,outcome_pearson,independent,intersection,,0.5174201480285355,0.17160745360039772,3,0.09907760953113584,,,,
rank,outcome_pearson,independent,merge,,0.31403044486459114,0.050825307078630595,3,0.02934400472349277,,,,
rank,outcome_pearson,memoryless,intersection,,0.7269725698420374,0.04892993530197339,3,0.02824971131802531,,,,
rank,outcome_pearson,memoryless,merge,,0.734568809556678,0.09640412873916998,3,0.05565894967855113,,,,
rank,outcome_pearson,no_actions,intersection,,,,0,,,,,
rank,outcome_pearson,no_actions,merge,,,,0,,,,,
rank,outcome_pearson,oracle,intersection,,0.9999999999999999,1.3597399555105182e-16,3,7.850462293418875e-17,,,,
rank,outcome_pearson,oracle,merge,,0.9999999999999999,1.1102230246251565e-16,3,6.409875621278547e-17,,,,
rank,outcome_pearson,orchestra,intersection,,0.6274001306851876,0.12485005540203768,3,0.07208221309470615,,,,
rank,outcome_pearson,orchestra,merge,,0.6035625225622078,0.19858948167175555,3,0.11465569070141633,,,,
rank,outcome_pearson,persistence,intersection,,,,0,,,,,
rank,outcome_pearson,persistence,merge,,,,0,,,,,
rank,outcome_pearson,privileged,intersection,,0.7344241406099777,0.022533388827980724,3,0.013009658105589177,,,,
rank,outcome_pearson,privileged,merge,,0.7401896753421638,0.10513178887131051,3,0.06069786660523803,,,,
rank,outcome_spearman,constant_velocity,intersection,,,,0,,,,,
rank,outcome_spearman,constant_velocity,merge,,,,0,,,,,
rank,outcome_spearman,independent,intersection,,0.4732342523786373,0.17608359359142703,3,0.10166191015988707,,,,
rank,outcome_spearman,independent,merge,,0.3029704326993785,0.0664297294349321,3,0.03835322217145205,,,,
rank,outcome_spearman,memoryless,intersection,,0.7303956293261105,0.051864218707214395,3,0.029943820631919856,,,,
rank,outcome_spearman,memoryless,merge,,0.7378483119161139,0.07903303085608479,3,0.04562974163963256,,,,
rank,outcome_spearman,no_actions,intersection,,,,0,,,,,
rank,outcome_spearman,no_actions,merge,,,,0,,,,,
rank,outcome_spearman,oracle,intersection,,1.0,0.0,3,0.0,,,,
rank,outcome_spearman,oracle,merge,,1.0,0.0,3,0.0,,,,
rank,outcome_spearman,orchestra,intersection,,0.6168298724448457,0.12730638111043743,3,0.07350037340366815,,,,
rank,outcome_spearman,orchestra,merge,,0.6176184604927358,0.18565991029699383,3,0.10719079918769117,,,,
rank,outcome_spearman,persistence,intersection,,,,0,,,,,
rank,outcome_spearman,persistence,merge,,,,0,,,,,
rank,outcome_spearman,privileged,intersection,,0.7394610736856725,0.01777646758472702,3,0.010263248345282803,,,,
rank,outcome_spearman,privileged,merge,,0.7444534064206714,0.10729152221504616,3,0.061944789232621617,,,,
planning,objective,,intersection,,11.831492670004565,1.610764621541044,3,0.9299753878478475,,constant_velocity,,
planning,objective,,merge,,10.056811961953839,9.006181691351037,3,5.199721423872201,,constant_velocity,,
planning,objective,,intersection,,13.420329552044471,1.2245497867715776,3,0.7069941490286692,,heuristic,,
planning,objective,,merge,,12.74912732700507,2.826748226366249,3,1.6320238494238513,,heuristic,,
planning,objective,,intersection,,6.63247662231326,1.9182031909606436,3,1.1074751286615268,,independent,,
planning,objective,,merge,,5.844252605785925,1.4870453714414364,3,0.8585460454989005,,independent,,
planning,objective,,intersection,,6.63247662231326,1.9182031909606436,3,1.1074751286615268,,independent_model,,
planning,objective,,merge,,3.1193018204967173,1.6856428827339782,3,0.9732063721040392,,independent_model,,
planning,objective,,intersection,,11.831492670004565,1.610764621541044,3,0.9299753878478475,,no_actions,,
planning,objective,,merge,,10.056811961953839,9.006181691351037,3,5.199721423872201,,no_actions,,
planning,objective,,intersection,,11.831492670004565,1.610764621541044,3,0.9299753878478475,,noop,,
planning,objective,,merge,,10.056811961953839,9.006181691351037,3,5.199721423872201,,noop,,
planning,objective,,intersection,,6.524787640819947,0.9845709880247103,3,0.5684423249723624,,oracle,,
planning,objective,,merge,,2.361693359315395,0.9979918396124344,3,0.5761908572492889,,oracle,,
planning,objective,,intersection,,6.63247662231326,1.9182031909606436,3,1.1074751286615268,,orchestra,,
planning,objective,,merge,,3.1193018204967173,1.6856428827339782,3,0.9732063721040392,,orchestra,,
planning,objective,,intersection,,11.831492670004565,1.610764621541044,3,0.9299753878478475,,persistence,,
planning,objective,,merge,,10.056811961953839,9.006181691351037,3,5.199721423872201,,persistence,,
planning,objective,,intersection,,6.63247662231326,1.9182031909606436,3,1.1074751286615268,,privileged,,
planning,objective,,merge,,3.1193018204967173,1.6856428827339782,3,0.9732063721040392,,privileged,,
planning,objective,,intersection,,10.874352331062155,1.4936575951139066,3,0.8623636146161431,,random,,
planning,objective,,merge,,9.786732878535986,1.404317295676057,3,0.8107829686862188,,random,,
planning,delay,,intersection,,0.4844292104244232,0.022565538875783078,3,0.013028219944342325,,constant_velocity,,
planning,delay,,merge,,0.4992878238360087,0.03883285422270861,3,0.022420158838882313,,constant_velocity,,
planning,delay,,intersection,,0.6873584787050883,0.03716028351874902,3,0.02145449969271256,,heuristic,,
planning,delay,,merge,,0.7021063764890035,0.03507228221263836,3,0.020248991576561282,,heuristic,,
planning,delay,,intersection,,0.3675729235013326,0.03084334279057453,3,0.017807412262846108,,independent,,
planning,delay,,merge,,0.49254371722539264,0.06026287221242451,3,0.03479278549398331,,independent,,
planning,delay,,intersection,,0.3675729235013326,0.03084334279057453,3,0.017807412262846108,,independent_model,,
planning,delay,,merge,,0.4050489862759908,0.038927780963576936,3,0.022474964818275933,,independent_model,,
planning,delay,,intersection,,0.4844292104244232,0.022565538875783078,3,0.013028219944342325,,no_actions,,
planning,delay,,merge,,0.4992878238360087,0.03883285422270861,3,0.022420158838882313,,no_actions,,
planning,delay,,intersection,,0.4844292104244232,0.022565538875783078,3,0.013028219944342325,,noop,,
planning,delay,,merge,,0.4992878238360087,0.03883285422270861,3,0.022420158838882313,,noop,,
planning,delay,,intersection,,0.4429464638233184,0.03671168170595556,3,0.021195499315337304,,oracle,,
planning,delay,,merge,,0.4169262945652008,0.034399075090684884,3,0.01986031526348107,,oracle,,
planning,delay,,intersection,,0.3675729235013326,0.03084334279057453,3,0.017807412262846108,,orchestra,,
planning,delay,,merge,,0.4050489862759908,0.038927780963576936,3,0.022474964818275933,,orchestra,,
planning,delay,,intersection,,0.4844292104244232,0.022565538875783078,3,0.013028219944342325,,persistence,,
planning,delay,,merge,,0.4992878238360087,0.03883285422270861,3,0.022420158838882313,,persistence,,
planning,delay,,intersection,,0.3675729235013326,0.03084334279057453,3,0.017807412262846108,,privileged,,
planning,delay,,merge,,0.4050489862759908,0.038927780963576936,3,0.022474964818275933,,privileged,,
planning,delay,,intersection,,0.561279316743215,0.009511833383684994,3,0.0054916595645574,,random,,
planning,delay,,merge,,0.6565053661664327,0.024236666280663934,3,0.013993045801400449,,random,,
planning,queue,,intersection,,0.1416666656732559,0.015728821542776786,3,0.009081039351757763,,constant_velocity,,
planning,queue,,merge,,0.052083334109435435,0.04690971007066625,3,0.02708333373690646,,constant_velocity,,
planning,queue,,intersection,,0.46041667461395264,0.013010428722114928,3,0.007511574524985493,,heuristic,,
planning,queue,,merge,,0.35208333532015484,0.05601802118515609,3,0.03234201961072003,,heuristic,,
planning,queue,,intersection,,0.11458333830038703,0.014433760171016422,3,0.00833333532015483,,independent,,
planning,queue,,merge,,0.17083333432674405,0.052041654043015584,3,0.030046262970808424,,independent,,
planning,queue,,intersection,,0.11458333830038703,0.014433760171016422,3,0.00833333532015483,,independent_model,,
planning,queue,,merge,,0.047916666915019335,0.04690970938820169,3,0.02708333334288536,,independent_model,,
planning,queue,,intersection,,0.1416666656732559,0.015728821542776786,3,0.009081039351757763,,no_actions,,
planning,queue,,merge,,0.052083334109435435,0.04690971007066625,3,0.02708333373690646,,no_actions,,
planning,queue,,intersection,,0.1416666656732559,0.015728821542776786,3,0.009081039351757763,,noop,,
planning,queue,,merge,,0.052083334109435435,0.04690971007066625,3,0.02708333373690646,,noop,,
planning,queue,,intersection,,0.14166666567325586,0.021949272570047394,3,0.012672418426833332,,oracle,,
planning,queue,,merge,,0.047916666915019335,0.04690970938820169,3,0.02708333334288536,,oracle,,
planning,queue,,intersection,,0.11458333830038703,0.014433760171016422,3,0.00833333532015483,,orchestra,,
planning,queue,,merge,,0.047916666915019335,0.04690970938820169,3,0.02708333334288536,,orchestra,,
planning,queue,,intersection,,0.1416666656732559,0.015728821542776786,3,0.009081039351757763,,persistence,,
planning,queue,,merge,,0.052083334109435435,0.04690971007066625,3,0.02708333373690646,,persistence,,
planning,queue,,intersection,,0.11458333830038703,0.014433760171016422,3,0.00833333532015483,,privileged,,
planning,queue,,merge,,0.047916666915019335,0.04690970938820169,3,0.02708333334288536,,privileged,,
planning,queue,,intersection,,0.1791666746139526,0.015728821542776786,3,0.009081039351757763,,random,,
planning,queue,,merge,,0.2041666706403096,0.14393105287457647,3,0.083098632121883,,random,,
planning,progress,,intersection,,5.5991560618082685,0.32635774025703485,3,0.18842272918951705,,constant_velocity,,
planning,progress,,merge,,5.335578282674153,0.5009422338088431,3,0.289219133537988,,constant_velocity,,
planning,progress,,intersection,,3.3900722662607827,0.4576869049523499,3,0.26424565777880593,,heuristic,,
planning,progress,,merge,,3.25797168413798,0.4657178633678819,3,0.268882333781864,,heuristic,,
planning,progress,,intersection,,7.018510977427165,0.3939561772611736,3,0.2274507049906545,,independent,,
planning,progress,,merge,,5.5134507815043134,0.7314830281895175,3,0.42232192323286055,,independent,,
planning,progress,,intersection,,7.018510977427165,0.3939561772611736,3,0.2274507049906545,,independent_model,,
planning,progress,,merge,,6.43839168548584,0.5255402458361669,3,0.30342080240349306,,independent_model,,
planning,progress,,intersection,,5.5991560618082685,0.32635774025703485,3,0.18842272918951705,,no_actions,,
planning,progress,,merge,,5.335578282674153,0.5009422338088431,3,0.289219133537988,,no_actions,,
planning,progress,,intersection,,5.5991560618082685,0.32635774025703485,3,0.18842272918951705,,noop,,
planning,progress,,merge,,5.335578282674153,0.5009422338088431,3,0.289219133537988,,noop,,
planning,progress,,intersection,,6.09154733022054,0.5951429267185049,3,0.3436059289472305,,oracle,,
planning,progress,,merge,,6.285545349121094,0.3679662156936832,3,0.2124453936834359,,oracle,,
planning,progress,,intersection,,7.018510977427165,0.3939561772611736,3,0.2274507049906545,,orchestra,,
planning,progress,,merge,,6.43839168548584,0.5255402458361669,3,0.30342080240349306,,orchestra,,
planning,progress,,intersection,,5.5991560618082685,0.32635774025703485,3,0.18842272918951705,,persistence,,
planning,progress,,merge,,5.335578282674153,0.5009422338088431,3,0.289219133537988,,persistence,,
planning,progress,,intersection,,7.018510977427165,0.3939561772611736,3,0.2274507049906545,,privileged,,
planning,progress,,merge,,6.43839168548584,0.5255402458361669,3,0.30342080240349306,,privileged,,
planning,progress,,intersection,,4.723084449768066,0.14478660951141323,3,0.08359258797646767,,random,,
planning,progress,,merge,,3.6962146759033203,0.37509293547496214,3,0.21656000726759633,,random,,
planning,collisions,,intersection,,2.0,1.0,3,0.5773502691896258,,constant_velocity,,
planning,collisions,,merge,,4.0,6.928203230275509,3,4.0,,constant_velocity,,
planning,collisions,,intersection,,0.0,0.0,3,0.0,,heuristic,,
planning,collisions,,merge,,0.6666666666666666,1.1547005383792517,3,0.6666666666666667,,heuristic,,
planning,collisions,,intersection,,1.6666666666666667,1.5275252316519465,3,0.8819171036881969,,independent,,
planning,collisions,,merge,,0.3333333333333333,0.5773502691896258,3,0.33333333333333337,,independent,,
planning,collisions,,intersection,,1.6666666666666667,1.5275252316519465,3,0.8819171036881969,,independent_model,,
planning,collisions,,merge,,0.3333333333333333,0.5773502691896258,3,0.33333333333333337,,independent_model,,
planning,collisions,,intersection,,2.0,1.0,3,0.5773502691896258,,no_actions,,
planning,collisions,,merge,,4.0,6.928203230275509,3,4.0,,no_actions,,
planning,collisions,,intersection,,2.0,1.0,3,0.5773502691896258,,noop,,
planning,collisions,,merge,,4.0,6.928203230275509,3,4.0,,noop,,
planning,collisions,,intersection,,0.0,0.0,3,0.0,,oracle,,
planning,collisions,,merge,,0.0,0.0,3,0.0,,oracle,,
planning,collisions,,intersection,,1.6666666666666667,1.5275252316519465,3,0.8819171036881969,,orchestra,,
planning,collisions,,merge,,0.3333333333333333,0.5773502691896258,3,0.33333333333333337,,orchestra,,
planning,collisions,,intersection,,2.0,1.0,3,0.5773502691896258,,persistence,,
planning,collisions,,merge,,4.0,6.928203230275509,3,4.0,,persistence,,
planning,collisions,,intersection,,1.6666666666666667,1.5275252316519465,3,0.8819171036881969,,privileged,,
planning,collisions,,merge,,0.3333333333333333,0.5773502691896258,3,0.33333333333333337,,privileged,,
planning,collisions,,intersection,,0.3333333333333333,0.5773502691896258,3,0.33333333333333337,,random,,
planning,collisions,,merge,,0.0,0.0,3,0.0,,random,,
planning,conflicts,,intersection,,24.666666666666668,2.081665999466133,3,1.2018504251546633,,constant_velocity,,
planning,conflicts,,merge,,5.333333333333333,8.386497083606084,3,4.841946348777984,,constant_velocity,,
planning,conflicts,,intersection,,6.666666666666667,4.041451884327381,3,2.3333333333333335,,heuristic,,
planning,conflicts,,merge,,2.0,2.0,3,1.1547005383792517,,heuristic,,
planning,conflicts,,intersection,,16.666666666666668,2.081665999466132,3,1.201850425154663,,independent,,
planning,conflicts,,merge,,2.6666666666666665,4.618802153517007,3,2.666666666666667,,independent,,
planning,conflicts,,intersection,,16.666666666666668,2.081665999466132,3,1.201850425154663,,independent_model,,
planning,conflicts,,merge,,4.666666666666667,8.082903768654761,3,4.666666666666667,,independent_model,,
planning,conflicts,,intersection,,24.666666666666668,2.081665999466133,3,1.2018504251546633,,no_actions,,
planning,conflicts,,merge,,5.333333333333333,8.386497083606084,3,4.841946348777984,,no_actions,,
planning,conflicts,,intersection,,24.666666666666668,2.081665999466133,3,1.2018504251546633,,noop,,
planning,conflicts,,merge,,5.333333333333333,8.386497083606084,3,4.841946348777984,,noop,,
planning,conflicts,,intersection,,15.333333333333334,3.055050463303893,3,1.7638342073763937,,oracle,,
planning,conflicts,,merge,,1.3333333333333333,2.3094010767585034,3,1.3333333333333335,,oracle,,
planning,conflicts,,intersection,,16.666666666666668,2.081665999466132,3,1.201850425154663,,orchestra,,
planning,conflicts,,merge,,4.666666666666667,8.082903768654761,3,4.666666666666667,,orchestra,,
planning,conflicts,,intersection,,24.666666666666668,2.081665999466133,3,1.2018504251546633,,persistence,,
planning,conflicts,,merge,,5.333333333333333,8.386497083606084,3,4.841946348777984,,persistence,,
planning,conflicts,,intersection,,16.666666666666668,2.081665999466132,3,1.201850425154663,,privileged,,
planning,conflicts,,merge,,4.666666666666667,8.082903768654761,3,4.666666666666667,,privileged,,
planning,conflicts,,intersection,,18.666666666666668,3.785938897200182,3,2.185812841434,,random,,
planning,conflicts,,merge,,2.6666666666666665,2.3094010767585034,3,1.3333333333333335,,random,,
planning,collision_rate,,intersection,,0.125,0.0625,3,0.036084391824351615,,constant_velocity,,
planning,collision_rate,,merge,,0.25,0.4330127018922193,3,0.25,,constant_velocity,,
planning,collision_rate,,intersection,,0.0,0.0,3,0.0,,heuristic,,
planning,collision_rate,,merge,,0.041666666666666664,0.07216878364870323,3,0.04166666666666667,,heuristic,,
planning,collision_rate,,intersection,,0.10416666666666667,0.09547032697824666,3,0.055119818980512304,,independent,,
planning,collision_rate,,merge,,0.020833333333333332,0.036084391824351615,3,0.020833333333333336,,independent,,
planning,collision_rate,,intersection,,0.10416666666666667,0.09547032697824666,3,0.055119818980512304,,independent_model,,
planning,collision_rate,,merge,,0.020833333333333332,0.036084391824351615,3,0.020833333333333336,,independent_model,,
planning,collision_rate,,intersection,,0.125,0.0625,3,0.036084391824351615,,no_actions,,
planning,collision_rate,,merge,,0.25,0.4330127018922193,3,0.25,,no_actions,,
planning,collision_rate,,intersection,,0.125,0.0625,3,0.036084391824351615,,noop,,
planning,collision_rate,,merge,,0.25,0.4330127018922193,3,0.25,,noop,,
planning,collision_rate,,intersection,,0.0,0.0,3,0.0,,oracle,,
planning,collision_rate,,merge,,0.0,0.0,3,0.0,,oracle,,
planning,collision_rate,,intersection,,0.10416666666666667,0.09547032697824666,3,0.055119818980512304,,orchestra,,
planning,collision_rate,,merge,,0.020833333333333332,0.036084391824351615,3,0.020833333333333336,,orchestra,,
planning,collision_rate,,intersection,,0.125,0.0625,3,0.036084391824351615,,persistence,,
planning,collision_rate,,merge,,0.25,0.4330127018922193,3,0.25,,persistence,,
planning,collision_rate,,intersection,,0.10416666666666667,0.09547032697824666,3,0.055119818980512304,,privileged,,
planning,collision_rate,,merge,,0.020833333333333332,0.036084391824351615,3,0.020833333333333336,,privileged,,
planning,collision_rate,,intersection,,0.020833333333333332,0.036084391824351615,3,0.020833333333333336,,random,,
planning,collision_rate,,merge,,0.0,0.0,3,0.0,,random,,
planning,conflict_rate,,intersection,,1.5416666666666667,0.13010412496663332,3,0.07511565157216646,,constant_velocity,,
planning,conflict_rate,,merge,,0.3333333333333333,0.5241560677253803,3,0.302621646798624,,constant_velocity,,
planning,conflict_rate,,intersection,,0.4166666666666667,0.2525907427704613,3,0.14583333333333334,,heuristic,,
planning,conflict_rate,,merge,,0.125,0.125,3,0.07216878364870323,,heuristic,,
planning,conflict_rate,,intersection,,1.0416666666666667,0.13010412496663326,3,0.07511565157216643,,independent,,
planning,conflict_rate,,merge,,0.16666666666666666,0.2886751345948129,3,0.16666666666666669,,independent,,
planning,conflict_rate,,intersection,,1.0416666666666667,0.13010412496663326,3,0.07511565157216643,,independent_model,,
planning,conflict_rate,,merge,,0.2916666666666667,0.5051814855409226,3,0.2916666666666667,,independent_model,,
planning,conflict_rate,,intersection,,1.5416666666666667,0.13010412496663332,3,0.07511565157216646,,no_actions,,
planning,conflict_rate,,merge,,0.3333333333333333,0.5241560677253803,3,0.302621646798624,,no_actions,,
planning,conflict_rate,,intersection,,1.5416666666666667,0.13010412496663332,3,0.07511565157216646,,noop,,
planning,conflict_rate,,merge,,0.3333333333333333,0.5241560677253803,3,0.302621646798624,,noop,,
planning,conflict_rate,,intersection,,0.9583333333333334,0.19094065395649332,3,0.11023963796102461,,oracle,,
planning,conflict_rate,,merge,,0.08333333333333333,0.14433756729740646,3,0.08333333333333334,,oracle,,
planning,conflict_rate,,intersection,,1.0416666666666667,0.13010412496663326,3,0.07511565157216643,,orchestra,,
planning,conflict_rate,,merge,,0.2916666666666667,0.5051814855409226,3,0.2916666666666667,,orchestra,,
planning,conflict_rate,,intersection,,1.5416666666666667,0.13010412496663332,3,0.07511565157216646,,persistence,,
planning,conflict_rate,,merge,,0.3333333333333333,0.5241560677253803,3,0.302621646798624,,persistence,,
planning,conflict_rate,,intersection,,1.0416666666666667,0.13010412496663326,3,0.07511565157216643,,privileged,,
planning,conflict_rate,,merge,,0.2916666666666667,0.5051814855409226,3,0.2916666666666667,,privileged,,
planning,conflict_rate,,intersection,,1.1666666666666667,0.23662118107501137,3,0.136613302589625,,random,,
planning,conflict_rate,,merge,,0.16666666666666666,0.14433756729740646,3,0.08333333333333334,,random,,
planning,proceed_fraction,,intersection,,0.0,0.0,3,0.0,,constant_velocity,,
planning,proceed_fraction,,merge,,0.0,0.0,3,0.0,,constant_velocity,,
planning,proceed_fraction,,intersection,,0.25,0.0,3,0.0,,heuristic,,
planning,proceed_fraction,,merge,,0.5,0.0,3,0.0,,heuristic,,
planning,proceed_fraction,,intersection,,1.0,0.0,3,0.0,,independent,,
planning,proceed_fraction,,merge,,0.9375,0.015625,3,0.009021097956087904,,independent,,
planning,proceed_fraction,,intersection,,1.0,0.0,3,0.0,,independent_model,,
planning,proceed_fraction,,merge,,1.0,0.0,3,0.0,,independent_model,,
planning,proceed_fraction,,intersection,,0.0,0.0,3,0.0,,no_actions,,
planning,proceed_fraction,,merge,,0.0,0.0,3,0.0,,no_actions,,
planning,proceed_fraction,,intersection,,0.0,0.0,3,0.0,,noop,,
planning,proceed_fraction,,merge,,0.0,0.0,3,0.0,,noop,,
planning,proceed_fraction,,intersection,,0.8072916666666666,0.009021097956087886,3,0.005208333333333324,,oracle,,
planning,proceed_fraction,,merge,,0.90625,0.16237976320958225,3,0.09375000000000001,,oracle,,
planning,proceed_fraction,,intersection,,1.0,0.0,3,0.0,,orchestra,,
planning,proceed_fraction,,merge,,1.0,0.0,3,0.0,,orchestra,,
planning,proceed_fraction,,intersection,,0.0,0.0,3,0.0,,persistence,,
planning,proceed_fraction,,merge,,0.0,0.0,3,0.0,,persistence,,
planning,proceed_fraction,,intersection,,1.0,0.0,3,0.0,,privileged,,
planning,proceed_fraction,,merge,,1.0,0.0,3,0.0,,privileged,,
planning,proceed_fraction,,intersection,,0.28125,0.03125,3,0.018042195912175808,,random,,
planning,proceed_fraction,,merge,,0.28125,0.03125,3,0.018042195912175808,,random,,
planning,yield_fraction,,intersection,,0.0,0.0,3,0.0,,constant_velocity,,
planning,yield_fraction,,merge,,0.0,0.0,3,0.0,,constant_velocity,,
planning,yield_fraction,,intersection,,0.75,0.0,3,0.0,,heuristic,,
planning,yield_fraction,,merge,,0.5,0.0,3,0.0,,heuristic,,
planning,yield_fraction,,intersection,,0.0,0.0,3,0.0,,independent,,
planning,yield_fraction,,merge,,0.0625,0.015625,3,0.009021097956087904,,independent,,
planning,yield_fraction,,intersection,,0.0,0.0,3,0.0,,independent_model,,
planning,yield_fraction,,merge,,0.0,0.0,3,0.0,,independent_model,,
planning,yield_fraction,,intersection,,0.0,0.0,3,0.0,,no_actions,,
planning,yield_fraction,,merge,,0.0,0.0,3,0.0,,no_actions,,
planning,yield_fraction,,intersection,,0.0,0.0,3,0.0,,noop,,
planning,yield_fraction,,merge,,0.0,0.0,3,0.0,,noop,,
planning,yield_fraction,,intersection,,0.09375,0.05412658773652741,3,0.03125,,oracle,,
planning,yield_fraction,,merge,,0.015625,0.027063293868263706,3,0.015625,,oracle,,
planning,yield_fraction,,intersection,,0.0,0.0,3,0.0,,orchestra,,
planning,yield_fraction,,merge,,0.0,0.0,3,0.0,,orchestra,,
planning,yield_fraction,,intersection,,0.0,0.0,3,0.0,,persistence,,
planning,yield_fraction,,merge,,0.0,0.0,3,0.0,,persistence,,
planning,yield_fraction,,intersection,,0.0,0.0,3,0.0,,privileged,,
planning,yield_fraction,,merge,,0.0,0.0,3,0.0,,privileged,,
planning,yield_fraction,,intersection,,0.3229166666666667,0.03932205435036848,3,0.022702598664274338,,random,,
planning,yield_fraction,,merge,,0.3229166666666667,0.03932205435036848,3,0.022702598664274338,,random,,
planning,completed,,intersection,,0.0,0.0,3,0.0,,constant_velocity,,
planning,completed,,merge,,0.0,0.0,3,0.0,,constant_velocity,,
planning,completed,,intersection,,0.0,0.0,3,0.0,,heuristic,,
planning,completed,,merge,,0.0,0.0,3,0.0,,heuristic,,
planning,completed,,intersection,,0.0,0.0,3,0.0,,independent,,
planning,completed,,merge,,0.0,0.0,3,0.0,,independent,,
planning,completed,,intersection,,0.0,0.0,3,0.0,,independent_model,,
planning,completed,,merge,,0.0,0.0,3,0.0,,independent_model,,
planning,completed,,intersection,,0.0,0.0,3,0.0,,no_actions,,
planning,completed,,merge,,0.0,0.0,3,0.0,,no_actions,,
planning,completed,,intersection,,0.0,0.0,3,0.0,,noop,,
planning,completed,,merge,,0.0,0.0,3,0.0,,noop,,
planning,completed,,intersection,,0.0,0.0,3,0.0,,oracle,,
planning,completed,,merge,,0.0,0.0,3,0.0,,oracle,,
planning,completed,,intersection,,0.0,0.0,3,0.0,,orchestra,,
planning,completed,,merge,,0.0,0.0,3,0.0,,orchestra,,
planning,completed,,intersection,,0.0,0.0,3,0.0,,persistence,,
planning,completed,,merge,,0.0,0.0,3,0.0,,persistence,,
planning,completed,,intersection,,0.0,0.0,3,0.0,,privileged,,
planning,completed,,merge,,0.0,0.0,3,0.0,,privileged,,
planning,completed,,intersection,,0.0,0.0,3,0.0,,random,,
planning,completed,,merge,,0.0,0.0,3,0.0,,random,,
planning,completion_fraction,,intersection,,0.0,0.0,3,0.0,,constant_velocity,,
planning,completion_fraction,,merge,,0.0,0.0,3,0.0,,constant_velocity,,
planning,completion_fraction,,intersection,,0.0,0.0,3,0.0,,heuristic,,
planning,completion_fraction,,merge,,0.0,0.0,3,0.0,,heuristic,,
planning,completion_fraction,,intersection,,0.0,0.0,3,0.0,,independent,,
planning,completion_fraction,,merge,,0.0,0.0,3,0.0,,independent,,
planning,completion_fraction,,intersection,,0.0,0.0,3,0.0,,independent_model,,
planning,completion_fraction,,merge,,0.0,0.0,3,0.0,,independent_model,,
planning,completion_fraction,,intersection,,0.0,0.0,3,0.0,,no_actions,,
planning,completion_fraction,,merge,,0.0,0.0,3,0.0,,no_actions,,
planning,completion_fraction,,intersection,,0.0,0.0,3,0.0,,noop,,
planning,completion_fraction,,merge,,0.0,0.0,3,0.0,,noop,,
planning,completion_fraction,,intersection,,0.0,0.0,3,0.0,,oracle,,
planning,completion_fraction,,merge,,0.0,0.0,3,0.0,,oracle,,
planning,completion_fraction,,intersection,,0.0,0.0,3,0.0,,orchestra,,
planning,completion_fraction,,merge,,0.0,0.0,3,0.0,,orchestra,,
planning,completion_fraction,,intersection,,0.0,0.0,3,0.0,,persistence,,
planning,completion_fraction,,merge,,0.0,0.0,3,0.0,,persistence,,
planning,completion_fraction,,intersection,,0.0,0.0,3,0.0,,privileged,,
planning,completion_fraction,,merge,,0.0,0.0,3,0.0,,privileged,,
planning,completion_fraction,,intersection,,0.0,0.0,3,0.0,,random,,
planning,completion_fraction,,merge,,0.0,0.0,3,0.0,,random,,
planning,success,,intersection,,0.0,0.0,3,0.0,,constant_velocity,,
planning,success,,merge,,0.0,0.0,3,0.0,,constant_velocity,,
planning,success,,intersection,,0.0,0.0,3,0.0,,heuristic,,
planning,success,,merge,,0.0,0.0,3,0.0,,heuristic,,
planning,success,,intersection,,0.0,0.0,3,0.0,,independent,,
planning,success,,merge,,0.0,0.0,3,0.0,,independent,,
planning,success,,intersection,,0.0,0.0,3,0.0,,independent_model,,
planning,success,,merge,,0.0,0.0,3,0.0,,independent_model,,
planning,success,,intersection,,0.0,0.0,3,0.0,,no_actions,,
planning,success,,merge,,0.0,0.0,3,0.0,,no_actions,,
planning,success,,intersection,,0.0,0.0,3,0.0,,noop,,
planning,success,,merge,,0.0,0.0,3,0.0,,noop,,
planning,success,,intersection,,0.0,0.0,3,0.0,,oracle,,
planning,success,,merge,,0.0,0.0,3,0.0,,oracle,,
planning,success,,intersection,,0.0,0.0,3,0.0,,orchestra,,
planning,success,,merge,,0.0,0.0,3,0.0,,orchestra,,
planning,success,,intersection,,0.0,0.0,3,0.0,,persistence,,
planning,success,,merge,,0.0,0.0,3,0.0,,persistence,,
planning,success,,intersection,,0.0,0.0,3,0.0,,privileged,,
planning,success,,merge,,0.0,0.0,3,0.0,,privileged,,
planning,success,,intersection,,0.0,0.0,3,0.0,,random,,
planning,success,,merge,,0.0,0.0,3,0.0,,random,,
planning,steps,,intersection,,16.0,0.0,3,0.0,,constant_velocity,,
planning,steps,,merge,,16.0,0.0,3,0.0,,constant_velocity,,
planning,steps,,intersection,,16.0,0.0,3,0.0,,heuristic,,
planning,steps,,merge,,16.0,0.0,3,0.0,,heuristic,,
planning,steps,,intersection,,16.0,0.0,3,0.0,,independent,,
planning,steps,,merge,,16.0,0.0,3,0.0,,independent,,
planning,steps,,intersection,,16.0,0.0,3,0.0,,independent_model,,
planning,steps,,merge,,16.0,0.0,3,0.0,,independent_model,,
planning,steps,,intersection,,16.0,0.0,3,0.0,,no_actions,,
planning,steps,,merge,,16.0,0.0,3,0.0,,no_actions,,
planning,steps,,intersection,,16.0,0.0,3,0.0,,noop,,
planning,steps,,merge,,16.0,0.0,3,0.0,,noop,,
planning,steps,,intersection,,16.0,0.0,3,0.0,,oracle,,
planning,steps,,merge,,16.0,0.0,3,0.0,,oracle,,
planning,steps,,intersection,,16.0,0.0,3,0.0,,orchestra,,
planning,steps,,merge,,16.0,0.0,3,0.0,,orchestra,,
planning,steps,,intersection,,16.0,0.0,3,0.0,,persistence,,
planning,steps,,merge,,16.0,0.0,3,0.0,,persistence,,
planning,steps,,intersection,,16.0,0.0,3,0.0,,privileged,,
planning,steps,,merge,,16.0,0.0,3,0.0,,privileged,,
planning,steps,,intersection,,16.0,0.0,3,0.0,,random,,
planning,steps,,merge,,16.0,0.0,3,0.0,,random,,
planning,latency_ms,,intersection,,0.0017157498556722335,4.9318805867613754e-05,3,2.8474225843777696e-05,,constant_velocity,,
planning,latency_ms,,merge,,0.0017200621490094665,2.8926231127288536e-05,3,1.670056732798137e-05,,constant_velocity,,
planning,latency_ms,,intersection,,0.0044773123590857,0.0002362145110607252,3,0.00013637851154740552,,heuristic,,
planning,latency_ms,,merge,,0.004903520903098933,0.0012432721300463716,3,0.0007178034989582321,,heuristic,,
planning,latency_ms,,intersection,,0.016591000000213733,0.00168137030181486,3,0.0009707395963602517,,independent,,
planning,latency_ms,,merge,,0.016598396162711,0.0013368016327275512,3,0.000771802782508383,,independent,,
planning,latency_ms,,intersection,,18.904590187503345,0.29091863374781507,3,0.1679619515065792,,independent_model,,
planning,latency_ms,,merge,,19.016081145385517,0.8571830697261578,3,0.494894876051187,,independent_model,,
planning,latency_ms,,intersection,,43.05731179185083,1.4570659028610755,3,0.8412373912438671,,no_actions,,
planning,latency_ms,,merge,,39.77231483334739,0.6641083879828638,3,0.38342315657299486,,no_actions,,
planning,latency_ms,,intersection,,0.0018247083820217668,0.00015223752378250597,3,8.789437533659188e-05,,noop,,
planning,latency_ms,,merge,,0.0017023120714535333,3.88699257985836e-05,3,2.2441562123193022e-05,,noop,,
planning,latency_ms,,intersection,,454.4933439375048,12.210627938714376,3,7.04980932739111,,oracle,,
planning,latency_ms,,merge,,400.55797110403546,3.8886175577511177,3,2.245094393743113,,oracle,,
planning,latency_ms,,intersection,,42.69040000008317,0.21110142833615755,3,0.12187946647619506,,orchestra,,
planning,latency_ms,,merge,,40.00797872890871,0.4498513626131117,3,0.2597218053,,orchestra,,
planning,latency_ms,,intersection,,0.0016510209661646,2.4341848035367538e-05,3,1.4053772515792412e-05,,persistence,,
planning,latency_ms,,merge,,0.0016357915531746332,1.8988784142451338e-05,3,1.0963179636227978e-05,,persistence,,
planning,latency_ms,,intersection,,41.78299047922943,0.29656094019970075,3,0.17121953865542575,,privileged,,
planning,latency_ms,,merge,,39.42741729171455,0.22802796866038022,3,0.13165200908883407,,privileged,,
planning,latency_ms,,intersection,,0.016557687861980665,0.002369358939735275,3,0.0013679500216630075,,random,,
planning,latency_ms,,merge,,0.014372791232138533,0.0005149388089121026,3,0.00029730005994158773,,random,,
memory,conflict_error,current_observation,,,,,0,,,,1.0,
memory,conflict_error,current_observation,,,,,0,,,,2.0,
memory,conflict_error,current_observation,,,,,0,,,,3.0,
memory,conflict_error,current_observation,,,,,0,,,,4.0,
memory,conflict_error,current_observation,,,,,0,,,,5.0,
memory,conflict_error,current_observation,,,,,0,,,,6.0,
memory,conflict_error,current_observation,,,,,0,,,,7.0,
memory,conflict_error,current_observation,,,,,0,,,,8.0,
memory,conflict_error,memoryless,,,0.21976792315642038,0.000661025508862529,3,0.0003816432554829905,,,1.0,
memory,conflict_error,memoryless,,,0.21879358092943824,0.0014164403240715,3,0.0008177822023937213,,,2.0,
memory,conflict_error,memoryless,,,0.2295304288466771,0.1868590955031588,3,0.10788314908927872,,,3.0,
memory,conflict_error,memoryless,,,0.10685000816980994,0.15408344827305928,3,0.08896012033811655,,,4.0,
memory,conflict_error,memoryless,,,0.015370577573776198,0.002940010308624007,3,0.001697415743104345,,,5.0,
memory,conflict_error,memoryless,,,0.13086107869942976,0.09767235142781511,3,0.05639115838923278,,,6.0,
memory,conflict_error,memoryless,,,0.14731574555238083,0.06041390018253516,3,0.03487998153318186,,,7.0,
memory,conflict_error,memoryless,,,0.08093804617722823,0.059248166724882964,3,0.03420694500760301,,,8.0,
memory,conflict_error,orchestra,,,0.15352815886338547,0.00648870371189053,3,0.003746254834751722,,,1.0,
memory,conflict_error,orchestra,,,0.15444774925708768,0.008550730504284284,3,0.004936766558416476,,,2.0,
memory,conflict_error,orchestra,,,0.2770735224088033,0.22068872925600783,3,0.12741469724307256,,,3.0,
memory,conflict_error,orchestra,,,0.14528953532377872,0.1780539854879318,3,0.10279951645174315,,,4.0,
memory,conflict_error,orchestra,,,0.0473086734612782,0.012368342896300193,3,0.007140866100608512,,,5.0,
memory,conflict_error,orchestra,,,0.18080605069796238,0.12723391003610024,3,0.07345853220939111,,,6.0,
memory,conflict_error,orchestra,,,0.08528408408164972,0.06638824704520477,3,0.03832927230257635,,,7.0,
memory,conflict_error,orchestra,,,0.055450265606244366,0.005879245400142018,3,0.003394383914403863,,,8.0,
memory,conflict_error,reset,,,0.168843537569046,0.0042812615974443914,3,0.0024717875357557267,,,1.0,
memory,conflict_error,reset,,,0.16796592374642685,0.005760557857343374,3,0.003325859629619611,,,2.0,
memory,conflict_error,reset,,,0.26509364942709596,0.21708256897923742,3,0.12533267963653824,,,3.0,
memory,conflict_error,reset,,,0.134576400121053,0.1769752078904793,3,0.10217668391545821,,,4.0,
memory,conflict_error,reset,,,0.0372892469167709,0.007271199154263659,3,0.004198028789045503,,,5.0,
memory,conflict_error,reset,,,0.17125602066516873,0.12209828038391056,3,0.07049347504724117,,,6.0,
memory,conflict_error,reset,,,0.0944800972938537,0.06168649449728707,3,0.03561471420337306,,,7.0,
memory,conflict_error,reset,,,0.05591474473476404,0.015015817153588802,3,0.008669386075726695,,,8.0,
memory,position_error,current_observation,,,31.76937484741211,2.7298052152586845,3,1.5760537758648459,,,1.0,
memory,position_error,current_observation,,,29.326725641886394,4.4600900744893215,3,2.575034205116388,,,2.0,
memory,position_error,current_observation,,,26.6050230662028,6.257292104018801,3,3.612649280653375,,,3.0,
memory,position_error,current_observation,,,23.633795420328777,7.894492019789812,3,4.557887092741001,,,4.0,
memory,position_error,current_observation,,,20.609702110290527,9.18797867808046,3,5.304681963098296,,,5.0,
memory,position_error,current_observation,,,17.78438599904378,9.929889550512772,3,5.733024405011801,,,6.0,
memory,position_error,current_observation,,,15.368558565775553,9.953286239063312,3,5.7465324894446015,,,7.0,
memory,position_error,current_observation,,,13.458545843760172,9.189468478742935,3,5.305542099911815,,,8.0,
memory,position_error,memoryless,,,29.680312474568684,2.7364174685801803,3,1.5798713620999616,,,1.0,
memory,position_error,memoryless,,,27.22855504353841,4.473620809941865,3,2.5828461788722477,,,2.0,
memory,position_error,memoryless,,,24.501792907714844,6.28865808588554,3,3.6307584387275336,,,3.0,
memory,position_error,memoryless,,,21.514635403951008,7.9348362820982405,3,4.581179863445029,,,4.0,
memory,position_error,memoryless,,,18.466172218322754,9.228895831527678,3,5.32830549265552,,,5.0,
memory,position_error,memoryless,,,15.620775858561197,9.982668541810519,3,5.763496369845112,,,6.0,
memory,position_error,memoryless,,,13.183942476908365,10.012432206184897,3,5.780680429483729,,,7.0,
memory,position_error,memoryless,,,11.263243993123373,9.251018963840327,3,5.341078289051546,,,8.0,
memory,position_error,orchestra,,,0.9845128655433655,0.10805447807833321,3,0.0623852820056702,,,1.0,
memory,position_error,orchestra,,,1.983690579732259,0.33537637845691143,3,0.19362964238193964,,,2.0,
memory,position_error,orchestra,,,3.1581666469573975,1.0585659214947538,3,0.6111633197299604,,,3.0,
memory,position_error,orchestra,,,4.374733130137126,2.2665955894412715,3,1.3086195737079367,,,4.0,
memory,position_error,orchestra,,,5.4618293444315595,3.7458272769899708,3,2.162654386708003,,,5.0,
memory,position_error,orchestra,,,6.449838757514954,4.803687378888372,3,2.7734102013040096,,,6.0,
memory,position_error,orchestra,,,7.584030310312907,4.476396956418953,3,2.5844489877881043,,,7.0,
memory,position_error,orchestra,,,8.428774197896322,3.2901321921060163,3,1.899558706781862,,,8.0,
memory,position_error,reset,,,31.42179997762044,2.7016202849340867,3,1.5597811987548484,,,1.0,
memory,position_error,reset,,,28.978595733642578,4.429836352827796,3,2.5575672107711185,,,2.0,
memory,position_error,reset,,,26.256555557250977,6.220450821329141,3,3.5913789561752085,,,3.0,
memory,position_error,reset,,,23.29800033569336,7.860022674437485,3,4.537986206923045,,,4.0,
memory,position_error,reset,,,20.28497314453125,9.168158907529333,3,5.293239013235326,,,5.0,
memory,position_error,reset,,,17.46385669708252,9.920417941622949,3,5.727555969069603,,,6.0,
memory,position_error,reset,,,15.052151362101236,9.957741809210422,3,5.749104914068428,,,7.0,
memory,position_error,reset,,,13.135957400004068,9.201411746208963,3,5.3124375485983295,,,8.0,
memory,speed_error,current_observation,,,4.657376130421956,3.616990285381723,3,2.0882703149213993,,,1.0,
memory,speed_error,current_observation,,,5.137098630269368,3.8154515816676025,3,2.202851997755774,,,2.0,
memory,speed_error,current_observation,,,5.784095803896586,3.596345963914399,3,2.0763513103650024,,,3.0,
memory,speed_error,current_observation,,,6.151629130045573,3.151664078384367,3,1.819614104050488,,,4.0,
memory,speed_error,current_observation,,,6.0185855229695635,2.3318261230845656,3,1.3462804398662755,,,5.0,
memory,speed_error,current_observation,,,5.383890946706136,1.3284182410961827,3,0.7669626290932903,,,6.0,
memory,speed_error,current_observation,,,4.401799201965332,1.2543353197401232,3,0.7241908345060155,,,7.0,
memory,speed_error,current_observation,,,3.3560074965159097,2.5693649265510827,3,1.4834235319906508,,,8.0,
memory,speed_error,memoryless,,,3.6704125006993613,1.868190491222812,3,1.0786002830049897,,,1.0,
memory,speed_error,memoryless,,,3.9815491835276284,2.352670611167879,3,1.3583150106722963,,,2.0,
memory,speed_error,memoryless,,,4.02722688515981,3.169264797305005,3,1.8297758838572495,,,3.0,
memory,speed_error,memoryless,,,4.147226134936015,3.148236725556524,3,1.8176353209727252,,,4.0,
memory,speed_error,memoryless,,,4.012752850850423,2.3273483805173703,3,1.3436952139897433,,,5.0,
memory,speed_error,memoryless,,,3.3767267862955728,1.3258751952652819,3,0.7654944008982582,,,6.0,
memory,speed_error,memoryless,,,2.3944597840309143,1.2572604764449384,3,0.7258796745169623,,,7.0,
memory,speed_error,memoryless,,,2.0512622197469077,1.742361211418299,3,1.0059527144379175,,,8.0,
memory,speed_error,orchestra,,,1.7381105820337932,0.267636112091141,3,0.15451978136068514,,,1.0,
memory,speed_error,orchestra,,,2.219871719678243,0.9906755598412693,3,0.57196680115394,,,2.0,
memory,speed_error,orchestra,,,2.430855621894201,2.100166532942546,3,1.212531713137422,,,3.0,
memory,speed_error,orchestra,,,3.0655394792556763,1.7372089959015062,3,1.002978081422374,,,4.0,
memory,speed_error,orchestra,,,3.207533915837606,1.0040677025630982,3,0.5796987583594139,,,5.0,
memory,speed_error,orchestra,,,2.8418968121210733,0.7583998854065237,3,0.43786237799283784,,,6.0,
memory,speed_error,orchestra,,,2.124277174472809,1.9842670841056953,3,1.145617135152537,,,7.0,
memory,speed_error,orchestra,,,2.269873321056366,2.648062628133368,3,1.5288596711837878,,,8.0,
memory,speed_error,reset,,,4.176154524087906,3.6113560325357303,3,2.085017377524083,,,1.0,
memory,speed_error,reset,,,4.651603788137436,3.8183522975101907,3,2.204526726828335,,,2.0,
memory,speed_error,reset,,,5.298849066098531,3.600927531443048,3,2.0789964796109786,,,3.0,
memory,speed_error,reset,,,5.668271621068318,3.1569979147059595,3,1.822693595886573,,,4.0,
memory,speed_error,reset,,,5.5370761553446455,2.3360885367316877,3,1.348741345532839,,,5.0,
memory,speed_error,reset,,,4.903484423955281,1.331199310164393,3,0.7685682800684565,,,6.0,
memory,speed_error,reset,,,3.922552982966105,1.2524870769067742,3,0.7231237510086537,,,7.0,
memory,speed_error,reset,,,2.8765694002310433,2.5672119461336163,3,1.4821805081670665,,,8.0,
memory,world_error,current_observation,,,0.37276574969291687,0.01683284453334071,3,0.009718447322551381,,,1.0,
memory,world_error,current_observation,,,0.3746255934238434,0.018487350803779574,3,0.010673676963165181,,,2.0,
memory,world_error,current_observation,,,0.37673454483350116,0.019511580056180856,3,0.011265015997750951,,,3.0,
memory,world_error,current_observation,,,0.3762717843055725,0.018238679492479863,3,0.010530106514646557,,,4.0,
memory,world_error,current_observation,,,0.3708679179350535,0.01318884514708363,3,0.007614583295969023,,,5.0,
memory,world_error,current_observation,,,0.3620431025822957,0.008609530850875948,3,0.004970714954349617,,,6.0,
memory,world_error,current_observation,,,0.3535000681877136,0.012034396568650116,3,0.0069480620984448535,,,7.0,
memory,world_error,current_observation,,,0.3488933543364207,0.01872010443979427,3,0.01080805733757313,,,8.0,
memory,world_error,memoryless,,,0.314193328221639,0.006341612878072347,3,0.0036613319022514674,,,1.0,
memory,world_error,memoryless,,,0.3146553337574005,0.007363584345457088,3,0.004251367404050164,,,2.0,
memory,world_error,memoryless,,,0.3149562279383341,0.00890966930100969,3,0.00514399996932849,,,3.0,
memory,world_error,memoryless,,,0.3134204645951589,0.009155563562650716,3,0.00528596708747912,,,4.0,
memory,world_error,memoryless,,,0.30838514367739356,0.007107551801541283,3,0.00410354694589907,,,5.0,
memory,world_error,memoryless,,,0.3015311062335968,0.00608761389035019,3,0.0035146855183161873,,,6.0,
memory,world_error,memoryless,,,0.2960024873415629,0.008492629210973351,3,0.004903221761083144,,,7.0,
memory,world_error,memoryless,,,0.2946970462799072,0.011098484085143084,3,0.006407712774154138,,,8.0,
memory,world_error,orchestra,,,0.002308437329096067,0.0007205104005765093,3,0.00041598687372677276,,,1.0,
memory,world_error,orchestra,,,0.004240882000885834,0.003003315343881907,3,0.0017339649222515526,,,2.0,
memory,world_error,orchestra,,,0.0067986283005059675,0.005969979153543445,3,0.003446769071354762,,,3.0,
memory,world_error,orchestra,,,0.008922702632844401,0.0069004779060922,3,0.003983992776619397,,,4.0,
memory,world_error,orchestra,,,0.008901938485602468,0.005098651199712482,3,0.00294370764265801,,,5.0,
memory,world_error,orchestra,,,0.007385005243122533,0.0027489194973548577,3,0.0015870894117784378,,,6.0,
memory,world_error,orchestra,,,0.006679057143628567,0.006073624542071399,3,0.00350660876432164,,,7.0,
memory,world_error,orchestra,,,0.0088394270278513,0.010499690021511437,3,0.006061998860327256,,,8.0,
memory,world_error,reset,,,0.35193254550298053,0.014897330361051508,3,0.008600977694159873,,,1.0,
memory,world_error,reset,,,0.35348761081695557,0.01651595336610116,3,0.009535490121841812,,,2.0,
memory,world_error,reset,,,0.355190912882487,0.01798005424739815,3,0.010380789159779396,,,3.0,
memory,world_error,reset,,,0.35489994287490845,0.017024145756507104,3,0.009828895135242802,,,4.0,
memory,world_error,reset,,,0.3499878942966461,0.012125624892465338,3,0.00700073279575729,,,5.0,
memory,world_error,reset,,,0.3418266574541728,0.007702110998837093,3,0.004446815858506973,,,6.0,
memory,world_error,reset,,,0.33419034878412884,0.010976175868795509,3,0.006337098092521762,,,7.0,
memory,world_error,reset,,,0.33021824558575946,0.016919840127812186,3,0.009768674252437798,,,8.0,
interactions,true_cost,independent,,,5.288778909146786,0.4725713158117582,3,0.27283917639521427,,,,"+1,+1"
interactions,true_cost,independent,,,5.954807295997938,0.7074140133180543,3,0.40842567101769217,,,,"+1,-1"
interactions,true_cost,independent,,,6.017105332662663,0.6131023041158958,3,0.3539747803220923,,,,"-1,+1"
interactions,true_cost,independent,,,8.201897406578064,0.6459224667105165,3,0.37292351003094376,,,,"-1,-1"
interactions,true_cost,orchestra,,,5.288778909146786,0.4725713158117582,3,0.27283917639521427,,,,"+1,+1"
interactions,true_cost,orchestra,,,5.954807295997938,0.7074140133180543,3,0.40842567101769217,,,,"+1,-1"
interactions,true_cost,orchestra,,,6.017105332662663,0.6131023041158958,3,0.3539747803220923,,,,"-1,+1"
interactions,true_cost,orchestra,,,8.201897406578064,0.6459224667105165,3,0.37292351003094376,,,,"-1,-1"
interactions,predicted_cost,independent,,,13.20989007552465,0.3076563556367087,3,0.177625479744753,,,,"+1,+1"
interactions,predicted_cost,independent,,,13.224714783181748,0.3076563720666529,3,0.17762548923058574,,,,"+1,-1"
interactions,predicted_cost,independent,,,13.224309157232442,0.3076563652438932,3,0.17762548529146358,,,,"-1,+1"
interactions,predicted_cost,independent,,,13.239133898019793,0.30765635658113066,3,0.1776254802900153,,,,"-1,-1"
interactions,predicted_cost,orchestra,,,9.669254183570544,0.07804101334301579,3,0.04505700006142135,,,,"+1,+1"
interactions,predicted_cost,orchestra,,,11.245976889332136,0.07220746749924505,3,0.04168900079819028,,,,"+1,-1"
interactions,predicted_cost,orchestra,,,11.273175609012446,0.07083121662823312,3,0.04089442198733909,,,,"-1,+1"
interactions,predicted_cost,orchestra,,,12.802302042394876,0.15465555184568766,3,0.0892904244897779,,,,"-1,-1"
interactions,true_conflicts,independent,,,0.8333333929379781,0.15275258559783553,3,0.0881917464143217,,,,"+1,+1"
interactions,true_conflicts,independent,,,0.46666668355464935,0.37859390651328656,3,0.21858129383899802,,,,"+1,-1"
interactions,true_conflicts,independent,,,0.4000000059604645,0.09999999403953556,3,0.05773502347768683,,,,"-1,+1"
interactions,true_conflicts,independent,,,0.23333334177732468,0.3214550386549664,3,0.1855921530998064,,,,"-1,-1"
interactions,true_conflicts,orchestra,,,0.8333333929379781,0.15275258559783553,3,0.0881917464143217,,,,"+1,+1"
interactions,true_conflicts,orchestra,,,0.46666668355464935,0.37859390651328656,3,0.21858129383899802,,,,"+1,-1"
interactions,true_conflicts,orchestra,,,0.4000000059604645,0.09999999403953556,3,0.05773502347768683,,,,"-1,+1"
interactions,true_conflicts,orchestra,,,0.23333334177732468,0.3214550386549664,3,0.1855921530998064,,,,"-1,-1"
interactions,predicted_conflicts,independent,,,1.648802638053894,0.00824383671215147,3,0.004759581344915971,,,,"+1,+1"
interactions,predicted_conflicts,independent,,,1.650935411453247,0.008243824011929775,3,0.004759574012439556,,,,"+1,-1"
interactions,predicted_conflicts,independent,,,1.6508983373641968,0.008243727711119737,3,0.004759518413140958,,,,"-1,+1"
interactions,predicted_conflicts,independent,,,1.6530310710271199,0.00824375557807022,3,0.004759534502132321,,,,"-1,-1"
interactions,predicted_conflicts,orchestra,,,1.8346162239710493,0.027481549612024408,3,0.015866480066250348,,,,"+1,+1"
interactions,predicted_conflicts,orchestra,,,1.8220529158910115,0.029683787980779395,3,0.017137942981270762,,,,"+1,-1"
interactions,predicted_conflicts,orchestra,,,1.8205937544504802,0.02987174422902283,3,0.017246459571789982,,,,"-1,+1"
interactions,predicted_conflicts,orchestra,,,1.8011910915374756,0.03012148566861357,3,0.0173906478591655,,,,"-1,-1"
interactions,position_error,independent,,,8.969573815663656,3.4592864899677007,3,1.9972199861868878,,,,"+1,+1"
interactions,position_error,independent,,,9.318204085032145,3.2721579842383868,3,1.889181293031016,,,,"+1,-1"
interactions,position_error,independent,,,8.807696978251139,3.4157977192146536,3,1.9721117326858901,,,,"-1,+1"
interactions,position_error,independent,,,9.151054700215658,3.1934008711500494,3,1.8437108525888666,,,,"-1,-1"
interactions,position_error,orchestra,,,11.647272745768229,2.8401018036039454,3,1.6397335408366795,,,,"+1,+1"
interactions,position_error,orchestra,,,11.129501024881998,3.1851352243520363,3,1.8389386791850073,,,,"+1,-1"
interactions,position_error,orchestra,,,10.86083189646403,3.0798808518382534,3,1.7781700388807897,,,,"-1,+1"
interactions,position_error,orchestra,,,9.907100518544516,3.475668869057979,3,2.0066783571646263,,,,"-1,-1"
interactions,speed_error,independent,,,2.8115115960439048,0.2378865859263201,3,0.13734388442116194,,,,"+1,+1"
interactions,speed_error,independent,,,2.7894746462504068,0.25542751245167417,3,0.14747114307241058,,,,"+1,-1"
interactions,speed_error,independent,,,2.409899950027466,0.12427414612607114,3,0.07174971171919807,,,,"-1,+1"
interactions,speed_error,independent,,,2.384892702102661,0.10554704994821919,3,0.06093761769977523,,,,"-1,-1"
interactions,speed_error,orchestra,,,3.421757618586222,0.2651223933629216,3,0.15306848517628063,,,,"+1,+1"
interactions,speed_error,orchestra,,,3.2935663859049478,0.25482506162342816,3,0.14712331792454922,,,,"+1,-1"
interactions,speed_error,orchestra,,,2.8969536622365317,0.10530339859403277,3,0.06079694552484728,,,,"-1,+1"
interactions,speed_error,orchestra,,,2.5515408515930176,0.17133870169628454,3,0.09892244554695087,,,,"-1,-1"
interactions,world_error,independent,,,0.06596483041842773,0.04326601519968376,3,0.02497964552229986,,,,"+1,+1"
interactions,world_error,independent,,,0.0655516907572746,0.04329140656387209,3,0.024994305233249085,,,,"+1,-1"
interactions,world_error,independent,,,0.06415042715768014,0.0426401614058181,3,0.02461830866593817,,,,"-1,+1"
interactions,world_error,independent,,,0.06374554770688214,0.04253816449049697,3,0.024559420719421007,,,,"-1,-1"
interactions,world_error,orchestra,,,0.07102570186058677,0.04153830180214886,3,0.023982149727150563,,,,"+1,+1"
interactions,world_error,orchestra,,,0.07083995888630547,0.04217369418829559,3,0.024348993692333416,,,,"+1,-1"
interactions,world_error,orchestra,,,0.06780493135253583,0.040666181881711304,3,0.023478631056320306,,,,"-1,+1"
interactions,world_error,orchestra,,,0.06589452301462487,0.041473453035703725,3,0.023944709274386848,,,,"-1,-1"
interaction_contrast,true_interaction,independent,,,1.51876368706425,0.1960181940243581,3,0.11317115708602746,,,,
interaction_contrast,true_interaction,orchestra,,,1.51876368706425,0.1960181940243581,3,0.11317115708602746,,,,
interaction_contrast,predicted_interaction,independent,,,3.3130251135086545e-08,1.9499240598724842e-07,3,1.1257891808667067e-07,,,,
interaction_contrast,predicted_interaction,orchestra,,,-0.0475962723791602,0.0559863907936746,3,0.03232375779568362,,,,
interaction_contrast,interaction_error,independent,,,1.518763653933999,0.1960182193171621,3,0.11317117168883464,,,,
interaction_contrast,interaction_error,orchestra,,,1.5663599594434103,0.2519602150468474,3,0.14546929798237335,,,,
generalization,position_error,,,,4.420005877812703,1.2819427657530116,3,0.7401300008931947,ID,,,
generalization,position_error,,,,4.999167998631795,1.259311994087044,3,0.7270641187798793,behavior_OOD,,,
generalization,position_error,,,,3.264803489049276,1.0157483635847597,3,0.586442591144583,blocked_lane,,,
generalization,position_error,,,,3.629096825917562,0.4806008311009432,3,0.27747501920888745,combined_OOD,,,
generalization,position_error,,,,4.997404257456462,0.48398952720533495,3,0.27943148381695987,density_OOD,,,
generalization,position_error,,,,2.470693667729696,0.2275048489137094,3,0.13134998576227527,full_sensing,,,
generalization,position_error,,,,4.945700804392497,1.755599298805989,3,1.013595727754756,geometry_OOD,,,
generalization,position_error,,,,4.774686415990193,0.6983511898629381,3,0.4031932474562628,grid_OOD,,,
generalization,position_error,,,,13.208806673685709,1.2248966012415259,3,0.7071943824562527,probe_only,,,
generalization,position_error,,,,6.732312043507894,1.431109065913069,3,0.8262512044446243,sparse_sensing,,,
generalization,position_error,,,,4.020058552424113,1.190424629643391,3,0.6872919803745723,stopped_vehicle,,,
generalization,position_error,,,,4.704835653305054,1.041626138593215,3,0.6013831315117432,temporary_outage,,,
generalization,position_error,,,,3.419279098510742,0.9081078776077819,3,0.5242963275900726,topology_OOD,,,
generalization,position_error,,,,4.51009464263916,1.2828039957289652,3,0.7406272322516456,without_lane_sensors,,,
generalization,speed_error,,,,2.1821018854777017,0.593066662694884,3,0.34240719735428427,ID,,,
generalization,speed_error,,,,2.5510494709014893,0.5817698876912897,3,0.33588500126498444,behavior_OOD,,,
generalization,speed_error,,,,1.5247707962989807,0.7968265302891886,3,0.46004801175989857,blocked_lane,,,
generalization,speed_error,,,,1.563070257504781,0.19692229238150477,3,0.11369313851589997,combined_OOD,,,
generalization,speed_error,,,,2.281954010327657,0.29535960850788295,3,0.1705259494797687,density_OOD,,,
generalization,speed_error,,,,1.9748996098836262,0.29982716140023136,3,0.17310529234478494,full_sensing,,,
generalization,speed_error,,,,2.7286734183629355,1.1252059223399846,3,0.6496379421567513,geometry_OOD,,,
generalization,speed_error,,,,2.4922544161478677,0.25990933228022567,3,0.1500587229568842,grid_OOD,,,
generalization,speed_error,,,,1.9792532126108806,0.6675451193187344,3,0.38540735433489215,probe_only,,,
generalization,speed_error,,,,2.0105167627334595,0.47925668845888647,3,0.27669897809266675,sparse_sensing,,,
generalization,speed_error,,,,1.9454071919123332,0.47732411789125906,3,0.2755832079552191,stopped_vehicle,,,
generalization,speed_error,,,,2.1931204398473105,0.6229891242802678,3,0.35968293860542183,temporary_outage,,,
generalization,speed_error,,,,1.949179728825887,0.3380126101990852,3,0.1951516714879299,topology_OOD,,,
generalization,speed_error,,,,2.187545975049337,0.6248727170790106,3,0.3607704314148196,without_lane_sensors,,,
generalization,world_error,,,,0.0059775921205679,0.0027325827751954464,3,0.0015776574008420257,ID,,,
generalization,world_error,,,,0.007851066533476066,0.003161348520192925,3,0.0018252054191356104,behavior_OOD,,,
generalization,world_error,,,,0.0041876016184687,0.003253543085418849,3,0.0018784339761866182,blocked_lane,,,
generalization,world_error,,,,0.004881292038286667,0.0015589681950526747,3,0.0009000707070717268,combined_OOD,,,
generalization,world_error,,,,0.006852878568073067,0.0013069623936082327,3,0.0007545750897704308,density_OOD,,,
generalization,world_error,,,,0.004411554895341333,0.0010236661067840394,3,0.0005910139023120614,full_sensing,,,
generalization,world_error,,,,0.008923408885796834,0.006454869319824652,3,0.0037267205393846196,geometry_OOD,,,
generalization,world_error,,,,0.009377096469203566,0.0021287279104324408,3,0.0012290216321196392,grid_OOD,,,
generalization,world_error,,,,0.2333839237689972,0.0031291594442836466,3,0.0018066210474944233,probe_only,,,
generalization,world_error,,,,0.1364648689826329,0.0078023055186620975,3,0.004504663191499265,sparse_sensing,,,
generalization,world_error,,,,0.0052219451560328,0.0023733585221192544,3,0.001370259181629044,stopped_vehicle,,,
generalization,world_error,,,,0.0061375780496746,0.0028370171729179845,3,0.0016379526284797895,temporary_outage,,,
generalization,world_error,,,,0.005101315211504633,0.0014632863185691605,3,0.0008448287499274014,topology_OOD,,,
generalization,world_error,,,,0.006119227580105233,0.0028221001053941245,3,0.001629340255529369,without_lane_sensors,,,
generalization,hidden_position_error,,,,6.098176638285319,1.9076939471429306,3,1.1014076139143907,ID,,,
generalization,hidden_position_error,,,,7.005951404571533,1.852326902228656,3,1.0694414356289001,behavior_OOD,,,
generalization,hidden_position_error,,,,4.464545726776123,1.382478490225428,3,0.7981743284805183,blocked_lane,,,
generalization,hidden_position_error,,,,4.01973032951355,0.6828630104836967,3,0.39425114292240054,combined_OOD,,,
generalization,hidden_position_error,,,,6.106535116831462,0.5665174822597994,3,0.32707902088332425,density_OOD,,,
generalization,hidden_position_error,,,,,,0,,full_sensing,,,
generalization,hidden_position_error,,,,6.979916254679362,2.5319558802681708,3,1.4618254090490843,geometry_OOD,,,
generalization,hidden_position_error,,,,6.598212560017903,1.6144497797868662,3,0.9321030149530793,grid_OOD,,,
generalization,hidden_position_error,,,,20.765955607096355,1.6114236297279252,3,0.9303558664019415,probe_only,,,
generalization,hidden_position_error,,,,19.557572682698567,5.287900664077685,3,3.0529708718532524,sparse_sensing,,,
generalization,hidden_position_error,,,,5.426899194717407,1.6501412198156085,3,0.952709477461439,stopped_vehicle,,,
generalization,hidden_position_error,,,,6.574571927388509,1.4615354192694332,3,0.8438178677453798,temporary_outage,,,
generalization,hidden_position_error,,,,4.441917975743611,1.1306652981543275,3,0.6527899142527694,topology_OOD,,,
generalization,hidden_position_error,,,,6.215324401855469,1.8903419393379104,3,1.0913894275371818,without_lane_sensors,,,
generalization,plan_spearman,,,,0.6470588235294118,0.22512972039128953,3,0.1299787046704962,ID,,,
generalization,plan_spearman,,,,0.35490196078431374,0.5650453432316099,3,0.3262290810191145,behavior_OOD,,,
generalization,plan_spearman,,,,0.5644075687158854,0.09943861450894652,3,0.057410910854583705,blocked_lane,,,
generalization,plan_spearman,,,,0.7784313725490196,0.11200953576146727,3,0.06466873562368815,combined_OOD,,,
generalization,plan_spearman,,,,0.2686274509803922,0.5118520322158605,3,0.2955179085850841,density_OOD,,,
generalization,plan_spearman,,,,0.6460784313725491,0.22601813729264394,3,0.13049163240764577,full_sensing,,,
generalization,plan_spearman,,,,0.8529411764705883,0.05399282279613472,3,0.031172770775656146,geometry_OOD,,,
generalization,plan_spearman,,,,0.8215686274509802,0.030612735286266686,3,0.017674270958156827,grid_OOD,,,
generalization,plan_spearman,,,,0.5647058823529412,0.15621496146928823,3,0.09019075005574058,probe_only,,,
generalization,plan_spearman,,,,0.653921568627451,0.2150547796419046,3,0.12416193491676927,sparse_sensing,,,
generalization,plan_spearman,,,,0.6147058823529412,0.18885467949033702,3,0.10903530004146658,stopped_vehicle,,,
generalization,plan_spearman,,,,0.6568627450980392,0.20843653729789838,3,0.12034089091789511,temporary_outage,,,
generalization,plan_spearman,,,,0.7421568627450981,0.061013168166672904,3,0.03522596906514051,topology_OOD,,,
generalization,plan_spearman,,,,0.638235294117647,0.21233583115035343,3,0.12259214927325948,without_lane_sensors,,,
generalization,plan_regret,,,,0.32055876344442363,0.5552240650971947,3,0.3205587634444237,ID,,,
generalization,plan_regret,,,,0.48006887485583655,0.7039788248076544,3,0.4064423640064957,behavior_OOD,,,
generalization,plan_regret,,,,0.0,0.0,3,0.0,blocked_lane,,,
generalization,plan_regret,,,,0.09140647684534403,0.158320662037004,3,0.09140647684534403,combined_OOD,,,
generalization,plan_regret,,,,0.3107727958758672,0.2698955474905398,3,0.1558242669967446,density_OOD,,,
generalization,plan_regret,,,,0.32055876344442363,0.5552240650971947,3,0.3205587634444237,full_sensing,,,
generalization,plan_regret,,,,0.0,0.0,3,0.0,geometry_OOD,,,
generalization,plan_regret,,,,0.0,0.0,3,0.0,grid_OOD,,,
generalization,plan_regret,,,,0.32055876344442363,0.5552240650971947,3,0.3205587634444237,probe_only,,,
generalization,plan_regret,,,,0.32055876344442363,0.5552240650971947,3,0.3205587634444237,sparse_sensing,,,
generalization,plan_regret,,,,0.32055878639221164,0.5552241048439294,3,0.32055878639221164,stopped_vehicle,,,
generalization,plan_regret,,,,0.32055876344442363,0.5552240650971947,3,0.3205587634444237,temporary_outage,,,
generalization,plan_regret,,,,0.0,0.0,3,0.0,topology_OOD,,,
generalization,plan_regret,,,,0.32055876344442363,0.5552240650971947,3,0.3205587634444237,without_lane_sensors,,,
generalization,planning_objective,,,,3.2206388487418494,1.4908606553740915,3,0.8607488007044537,ID,,,
generalization,planning_objective,,,,4.421126351555189,0.8945531453355631,3,0.5164704992639138,behavior_OOD,,,
generalization,planning_objective,,,,3.7918681622048216,1.4016676725760058,3,0.8092532080761532,blocked_lane,,,
generalization,planning_objective,,,,10.926558186635376,1.5272020306024203,3,0.8817305034752505,combined_OOD,,,
generalization,planning_objective,,,,2.8602820592125258,1.1772914792380367,3,0.6797095524527332,density_OOD,,,
generalization,planning_objective,,,,3.2206388487418494,1.4908606553740915,3,0.8607488007044537,full_sensing,,,
generalization,planning_objective,,,,0.34811570624510435,0.5041460513757511,3,0.29106885847267683,geometry_OOD,,,
generalization,planning_objective,,,,11.97814508706331,2.912922570140819,3,1.6817766299993384,grid_OOD,,,
generalization,planning_objective,,,,3.2206388487418494,1.4908606553740915,3,0.8607488007044537,probe_only,,,
generalization,planning_objective,,,,3.2206388487418494,1.4908606553740915,3,0.8607488007044537,sparse_sensing,,,
generalization,planning_objective,,,,4.03411922911803,1.394753054313841,3,0.8052610513611488,stopped_vehicle,,,
generalization,planning_objective,,,,3.2206388487418494,1.4908606553740915,3,0.8607488007044537,temporary_outage,,,
generalization,planning_objective,,,,2.0865492992599806,1.118474423136603,3,0.6457515092796292,topology_OOD,,,
generalization,planning_objective,,,,3.2206388487418494,1.4908606553740915,3,0.8607488007044537,without_lane_sensors,,,
generalization,noop_objective,,,,1.972292068079114,0.5170167472962511,3,0.29849975822703534,ID,,,
generalization,noop_objective,,,,3.5013997784256934,0.8475721545613053,3,0.48934601159360075,behavior_OOD,,,
generalization,noop_objective,,,,2.708836929649115,0.2873270113028761,3,0.16588832732116615,blocked_lane,,,
generalization,noop_objective,,,,11.078983649536967,1.42677172291292,3,0.8237470382959206,combined_OOD,,,
generalization,noop_objective,,,,2.108571482474605,0.1851569115590162,3,0.10690039273091774,density_OOD,,,
generalization,noop_objective,,,,1.972292068079114,0.5170167472962511,3,0.29849975822703534,full_sensing,,,
generalization,noop_objective,,,,1.1659904459118842,0.5787980833717717,3,0.3341692292411319,geometry_OOD,,,
generalization,noop_objective,,,,12.566310688828429,3.0611381324191638,3,1.7673489247788325,grid_OOD,,,
generalization,noop_objective,,,,1.972292068079114,0.5170167472962511,3,0.29849975822703534,probe_only,,,
generalization,noop_objective,,,,1.972292068079114,0.5170167472962511,3,0.29849975822703534,sparse_sensing,,,
generalization,noop_objective,,,,2.7741869673132897,0.6206836004417293,3,0.35835184379661855,stopped_vehicle,,,
generalization,noop_objective,,,,1.972292068079114,0.5170167472962511,3,0.29849975822703534,temporary_outage,,,
generalization,noop_objective,,,,2.3924270211408536,0.810559597468093,3,0.4679768017924382,topology_OOD,,,
generalization,noop_objective,,,,1.972292068079114,0.5170167472962511,3,0.29849975822703534,without_lane_sensors,,,
